UNIT,STUB_NAME,STUB_LABEL,YEAR,ESTIMATE,FLAG
"Deaths per 100,000 resident population, age-adjusted",Total,All persons,1950,13.2,
"Deaths per 100,000 resident population, age-adjusted",Total,All persons,1960,12.5,
"Deaths per 100,000 resident population, age-adjusted",Total,All persons,1970,13.1,
"Deaths per 100,000 resident population, age-adjusted",Total,All persons,1980,12.2,
"Deaths per 100,000 resident population, age-adjusted",Total,All persons,1981,12.3,
"Deaths per 100,000 resident population, age-adjusted",Total,All persons,1982,12.5,
"Deaths per 100,000 resident population, age-adjusted",Total,All persons,1983,12.4,
"Deaths per 100,000 resident population, age-adjusted",Total,All persons,1984,12.6,
"Deaths per 100,000 resident population, age-adjusted",Total,All persons,1985,12.5,
"Deaths per 100,000 resident population, age-adjusted",Total,All persons,1986,13.0,
"Deaths per 100,000 resident population, age-adjusted",Total,All persons,1987,12.8,
"Deaths per 100,000 resident population, age-adjusted",Total,All persons,1988,12.5,
"Deaths per 100,000 resident population, age-adjusted",Total,All persons,1989,12.3,
"Deaths per 100,000 resident population, age-adjusted",Total,All persons,1990,12.5,
"Deaths per 100,000 resident population, age-adjusted",Total,All persons,1991,12.3,
"Deaths per 100,000 resident population, age-adjusted",Total,All persons,1992,12.0,
"Deaths per 100,000 resident population, age-adjusted",Total,All persons,1993,12.1,
"Deaths per 100,000 resident population, age-adjusted",Total,All persons,1994,11.9,
"Deaths per 100,000 resident population, age-adjusted",Total,All persons,1995,11.8,
"Deaths per 100,000 resident population, age-adjusted",Total,All persons,1996,11.5,
"Deaths per 100,000 resident population, age-adjusted",Total,All persons,1997,11.2,
"Deaths per 100,000 resident population, age-adjusted",Total,All persons,1998,11.1,
"Deaths per 100,000 resident population, age-adjusted",Total,All persons,1999,10.5,
"Deaths per 100,000 resident population, age-adjusted",Total,All persons,2000,10.4,
"Deaths per 100,000 resident population, age-adjusted",Total,All persons,2001,10.7,
"Deaths per 100,000 resident population, age-adjusted",Total,All persons,2002,10.9,
"Deaths per 100,000 resident population, age-adjusted",Total,All persons,2003,10.8,
"Deaths per 100,000 resident population, age-adjusted",Total,All persons,2004,11.0,
"Deaths per 100,000 resident population, age-adjusted",Total,All persons,2005,10.9,
"Deaths per 100,000 resident population, age-adjusted",Total,All persons,2006,11.0,
"Deaths per 100,000 resident population, age-adjusted",Total,All persons,2007,11.3,
"Deaths per 100,000 resident population, age-adjusted",Total,All persons,2008,11.6,
"Deaths per 100,000 resident population, age-adjusted",Total,All persons,2009,11.8,
"Deaths per 100,000 resident population, age-adjusted",Total,All persons,2010,12.1,
"Deaths per 100,000 resident population, age-adjusted",Total,All persons,2011,12.3,
"Deaths per 100,000 resident population, age-adjusted",Total,All persons,2012,12.6,
"Deaths per 100,000 resident population, age-adjusted",Total,All persons,2013,12.6,
"Deaths per 100,000 resident population, age-adjusted",Total,All persons,2014,13.0,
"Deaths per 100,000 resident population, age-adjusted",Total,All persons,2015,13.3,
"Deaths per 100,000 resident population, age-adjusted",Total,All persons,2016,13.5,
"Deaths per 100,000 resident population, age-adjusted",Total,All persons,2017,14.0,
"Deaths per 100,000 resident population, age-adjusted",Total,All persons,2018,14.2,
"Deaths per 100,000 resident population, age-adjusted",Sex,Male,1950,21.2,
"Deaths per 100,000 resident population, age-adjusted",Sex,Male,1960,20.0,
"Deaths per 100,000 resident population, age-adjusted",Sex,Male,1970,19.8,
"Deaths per 100,000 resident population, age-adjusted",Sex,Male,1980,19.9,
"Deaths per 100,000 resident population, age-adjusted",Sex,Male,1981,19.8,
"Deaths per 100,000 resident population, age-adjusted",Sex,Male,1982,20.4,
"Deaths per 100,000 resident population, age-adjusted",Sex,Male,1983,20.4,
"Deaths per 100,000 resident population, age-adjusted",Sex,Male,1984,20.9,
"Deaths per 100,000 resident population, age-adjusted",Sex,Male,1985,21.1,
"Deaths per 100,000 resident population, age-adjusted",Sex,Male,1986,21.9,
"Deaths per 100,000 resident population, age-adjusted",Sex,Male,1987,21.7,
"Deaths per 100,000 resident population, age-adjusted",Sex,Male,1988,21.2,
"Deaths per 100,000 resident population, age-adjusted",Sex,Male,1989,21.0,
"Deaths per 100,000 resident population, age-adjusted",Sex,Male,1990,21.5,
"Deaths per 100,000 resident population, age-adjusted",Sex,Male,1991,21.2,
"Deaths per 100,000 resident population, age-adjusted",Sex,Male,1992,20.5,
"Deaths per 100,000 resident population, age-adjusted",Sex,Male,1993,20.7,
"Deaths per 100,000 resident population, age-adjusted",Sex,Male,1994,20.5,
"Deaths per 100,000 resident population, age-adjusted",Sex,Male,1995,20.3,
"Deaths per 100,000 resident population, age-adjusted",Sex,Male,1996,19.8,
"Deaths per 100,000 resident population, age-adjusted",Sex,Male,1997,19.1,
"Deaths per 100,000 resident population, age-adjusted",Sex,Male,1998,18.9,
"Deaths per 100,000 resident population, age-adjusted",Sex,Male,1999,17.8,
"Deaths per 100,000 resident population, age-adjusted",Sex,Male,2000,17.7,
"Deaths per 100,000 resident population, age-adjusted",Sex,Male,2001,18.2,
"Deaths per 100,000 resident population, age-adjusted",Sex,Male,2002,18.5,
"Deaths per 100,000 resident population, age-adjusted",Sex,Male,2003,18.1,
"Deaths per 100,000 resident population, age-adjusted",Sex,Male,2004,18.1,
"Deaths per 100,000 resident population, age-adjusted",Sex,Male,2005,18.1,
"Deaths per 100,000 resident population, age-adjusted",Sex,Male,2006,18.1,
"Deaths per 100,000 resident population, age-adjusted",Sex,Male,2007,18.5,
"Deaths per 100,000 resident population, age-adjusted",Sex,Male,2008,19.0,
"Deaths per 100,000 resident population, age-adjusted",Sex,Male,2009,19.2,
"Deaths per 100,000 resident population, age-adjusted",Sex,Male,2010,19.8,
"Deaths per 100,000 resident population, age-adjusted",Sex,Male,2011,20.0,
"Deaths per 100,000 resident population, age-adjusted",Sex,Male,2012,20.4,
"Deaths per 100,000 resident population, age-adjusted",Sex,Male,2013,20.3,
"Deaths per 100,000 resident population, age-adjusted",Sex,Male,2014,20.7,
"Deaths per 100,000 resident population, age-adjusted",Sex,Male,2015,21.1,
"Deaths per 100,000 resident population, age-adjusted",Sex,Male,2016,21.4,
"Deaths per 100,000 resident population, age-adjusted",Sex,Male,2017,22.4,
"Deaths per 100,000 resident population, age-adjusted",Sex,Male,2018,22.8,
"Deaths per 100,000 resident population, age-adjusted",Sex,Female,1950,5.6,
"Deaths per 100,000 resident population, age-adjusted",Sex,Female,1960,5.6,
"Deaths per 100,000 resident population, age-adjusted",Sex,Female,1970,7.4,
"Deaths per 100,000 resident population, age-adjusted",Sex,Female,1980,5.7,
"Deaths per 100,000 resident population, age-adjusted",Sex,Female,1981,6.0,
"Deaths per 100,000 resident population, age-adjusted",Sex,Female,1982,5.8,
"Deaths per 100,000 resident population, age-adjusted",Sex,Female,1983,5.5,
"Deaths per 100,000 resident population, age-adjusted",Sex,Female,1984,5.6,
"Deaths per 100,000 resident population, age-adjusted",Sex,Female,1985,5.2,
"Deaths per 100,000 resident population, age-adjusted",Sex,Female,1986,5.5,
"Deaths per 100,000 resident population, age-adjusted",Sex,Female,1987,5.3,
"Deaths per 100,000 resident population, age-adjusted",Sex,Female,1988,5.1,
"Deaths per 100,000 resident population, age-adjusted",Sex,Female,1989,4.9,
"Deaths per 100,000 resident population, age-adjusted",Sex,Female,1990,4.8,
"Deaths per 100,000 resident population, age-adjusted",Sex,Female,1991,4.7,
"Deaths per 100,000 resident population, age-adjusted",Sex,Female,1992,4.6,
"Deaths per 100,000 resident population, age-adjusted",Sex,Female,1993,4.6,
"Deaths per 100,000 resident population, age-adjusted",Sex,Female,1994,4.4,
"Deaths per 100,000 resident population, age-adjusted",Sex,Female,1995,4.3,
"Deaths per 100,000 resident population, age-adjusted",Sex,Female,1996,4.3,
"Deaths per 100,000 resident population, age-adjusted",Sex,Female,1997,4.3,
"Deaths per 100,000 resident population, age-adjusted",Sex,Female,1998,4.3,
"Deaths per 100,000 resident population, age-adjusted",Sex,Female,1999,4.0,
"Deaths per 100,000 resident population, age-adjusted",Sex,Female,2000,4.0,
"Deaths per 100,000 resident population, age-adjusted",Sex,Female,2001,4.1,
"Deaths per 100,000 resident population, age-adjusted",Sex,Female,2002,4.2,
"Deaths per 100,000 resident population, age-adjusted",Sex,Female,2003,4.2,
"Deaths per 100,000 resident population, age-adjusted",Sex,Female,2004,4.5,
"Deaths per 100,000 resident population, age-adjusted",Sex,Female,2005,4.4,
"Deaths per 100,000 resident population, age-adjusted",Sex,Female,2006,4.5,
"Deaths per 100,000 resident population, age-adjusted",Sex,Female,2007,4.6,
"Deaths per 100,000 resident population, age-adjusted",Sex,Female,2008,4.8,
"Deaths per 100,000 resident population, age-adjusted",Sex,Female,2009,4.9,
"Deaths per 100,000 resident population, age-adjusted",Sex,Female,2010,5.0,
"Deaths per 100,000 resident population, age-adjusted",Sex,Female,2011,5.2,
"Deaths per 100,000 resident population, age-adjusted",Sex,Female,2012,5.4,
"Deaths per 100,000 resident population, age-adjusted",Sex,Female,2013,5.5,
"Deaths per 100,000 resident population, age-adjusted",Sex,Female,2014,5.8,
"Deaths per 100,000 resident population, age-adjusted",Sex,Female,2015,6.0,
"Deaths per 100,000 resident population, age-adjusted",Sex,Female,2016,6.0,
"Deaths per 100,000 resident population, age-adjusted",Sex,Female,2017,6.1,
"Deaths per 100,000 resident population, age-adjusted",Sex,Female,2018,6.2,
"Deaths per 100,000 resident population, age-adjusted",Sex and race and Hispanic origin,Male: White,1950,,...
"Deaths per 100,000 resident population, age-adjusted",Sex and race and Hispanic origin,Male: White,1960,,...
"Deaths per 100,000 resident population, age-adjusted",Sex and race and Hispanic origin,Male: White,1970,,...
"Deaths per 100,000 resident population, age-adjusted",Sex and race and Hispanic origin,Male: White,1980,,...
"Deaths per 100,000 resident population, age-adjusted",Sex and race and Hispanic origin,Male: White,1981,,...
"Deaths per 100,000 resident population, age-adjusted",Sex and race and Hispanic origin,Male: White,1982,,...
"Deaths per 100,000 resident population, age-adjusted",Sex and race and Hispanic origin,Male: White,1983,,...
"Deaths per 100,000 resident population, age-adjusted",Sex and race and Hispanic origin,Male: White,1984,,...
"Deaths per 100,000 resident population, age-adjusted",Sex and race and Hispanic origin,Male: White,1985,22.9,
"Deaths per 100,000 resident population, age-adjusted",Sex and race and Hispanic origin,Male: White,1986,22.8,
"Deaths per 100,000 resident population, age-adjusted",Sex and race and Hispanic origin,Male: White,1987,22.2,
"Deaths per 100,000 resident population, age-adjusted",Sex and race and Hispanic origin,Male: White,1988,22.4,
"Deaths per 100,000 resident population, age-adjusted",Sex and race and Hispanic origin,Male: White,1989,22.6,
"Deaths per 100,000 resident population, age-adjusted",Sex and race and Hispanic origin,Male: White,1990,23.5,
"Deaths per 100,000 resident population, age-adjusted",Sex and race and Hispanic origin,Male: White,1991,22.9,
"Deaths per 100,000 resident population, age-adjusted",Sex and race and Hispanic origin,Male: White,1992,22.2,
"Deaths per 100,000 resident population, age-adjusted",Sex and race and Hispanic origin,Male: White,1993,22.3,
"Deaths per 100,000 resident population, age-adjusted",Sex and race and Hispanic origin,Male: White,1994,22.3,
"Deaths per 100,000 resident population, age-adjusted",Sex and race and Hispanic origin,Male: White,1995,22.3,
"Deaths per 100,000 resident population, age-adjusted",Sex and race and Hispanic origin,Male: White,1996,21.9,
"Deaths per 100,000 resident population, age-adjusted",Sex and race and Hispanic origin,Male: White,1997,21.3,
"Deaths per 100,000 resident population, age-adjusted",Sex and race and Hispanic origin,Male: White,1998,21.3,
"Deaths per 100,000 resident population, age-adjusted",Sex and race and Hispanic origin,Male: White,1999,20.2,
"Deaths per 100,000 resident population, age-adjusted",Sex and race and Hispanic origin,Male: White,2000,20.2,
"Deaths per 100,000 resident population, age-adjusted",Sex and race and Hispanic origin,Male: White,2001,21.0,
"Deaths per 100,000 resident population, age-adjusted",Sex and race and Hispanic origin,Male: White,2002,21.5,
"Deaths per 100,000 resident population, age-adjusted",Sex and race and Hispanic origin,Male: White,2003,21.1,
"Deaths per 100,000 resident population, age-adjusted",Sex and race and Hispanic origin,Male: White,2004,21.1,
"Deaths per 100,000 resident population, age-adjusted",Sex and race and Hispanic origin,Male: White,2005,21.4,
"Deaths per 100,000 resident population, age-adjusted",Sex and race and Hispanic origin,Male: White,2006,21.6,
"Deaths per 100,000 resident population, age-adjusted",Sex and race and Hispanic origin,Male: White,2007,22.1,
"Deaths per 100,000 resident population, age-adjusted",Sex and race and Hispanic origin,Male: White,2008,23.1,
"Deaths per 100,000 resident population, age-adjusted",Sex and race and Hispanic origin,Male: White,2009,23.4,
"Deaths per 100,000 resident population, age-adjusted",Sex and race and Hispanic origin,Male: White,2010,24.2,
"Deaths per 100,000 resident population, age-adjusted",Sex and race and Hispanic origin,Male: White,2011,24.8,
"Deaths per 100,000 resident population, age-adjusted",Sex and race and Hispanic origin,Male: White,2012,25.2,
"Deaths per 100,000 resident population, age-adjusted",Sex and race and Hispanic origin,Male: White,2013,25.3,
"Deaths per 100,000 resident population, age-adjusted",Sex and race and Hispanic origin,Male: White,2014,25.9,
"Deaths per 100,000 resident population, age-adjusted",Sex and race and Hispanic origin,Male: White,2015,26.6,
"Deaths per 100,000 resident population, age-adjusted",Sex and race and Hispanic origin,Male: White,2016,26.6,
"Deaths per 100,000 resident population, age-adjusted",Sex and race and Hispanic origin,Male: White,2017,28.2,
"Deaths per 100,000 resident population, age-adjusted",Sex and race and Hispanic origin,Male: White,2018,28.4,
"Deaths per 100,000 resident population, age-adjusted",Sex and race and Hispanic origin,Male: Black or African American,1950,,...
"Deaths per 100,000 resident population, age-adjusted",Sex and race and Hispanic origin,Male: Black or African American,1960,,...
"Deaths per 100,000 resident population, age-adjusted",Sex and race and Hispanic origin,Male: Black or African American,1970,,...
"Deaths per 100,000 resident population, age-adjusted",Sex and race and Hispanic origin,Male: Black or African American,1980,,...
"Deaths per 100,000 resident population, age-adjusted",Sex and race and Hispanic origin,Male: Black or African American,1981,,...
"Deaths per 100,000 resident population, age-adjusted",Sex and race and Hispanic origin,Male: Black or African American,1982,,...
"Deaths per 100,000 resident population, age-adjusted",Sex and race and Hispanic origin,Male: Black or African American,1983,,...
"Deaths per 100,000 resident population, age-adjusted",Sex and race and Hispanic origin,Male: Black or African American,1984,,...
"Deaths per 100,000 resident population, age-adjusted",Sex and race and Hispanic origin,Male: Black or African American,1985,,...
"Deaths per 100,000 resident population, age-adjusted",Sex and race and Hispanic origin,Male: Black or African American,1986,,...
"Deaths per 100,000 resident population, age-adjusted",Sex and race and Hispanic origin,Male: Black or African American,1987,,...
"Deaths per 100,000 resident population, age-adjusted",Sex and race and Hispanic origin,Male: Black or African American,1988,,...
"Deaths per 100,000 resident population, age-adjusted",Sex and race and Hispanic origin,Male: Black or African American,1989,,...
"Deaths per 100,000 resident population, age-adjusted",Sex and race and Hispanic origin,Male: Black or African American,1990,,...
"Deaths per 100,000 resident population, age-adjusted",Sex and race and Hispanic origin,Male: Black or African American,1991,,...
"Deaths per 100,000 resident population, age-adjusted",Sex and race and Hispanic origin,Male: Black or African American,1992,,...
"Deaths per 100,000 resident population, age-adjusted",Sex and race and Hispanic origin,Male: Black or African American,1993,,...
"Deaths per 100,000 resident population, age-adjusted",Sex and race and Hispanic origin,Male: Black or African American,1994,,...
"Deaths per 100,000 resident population, age-adjusted",Sex and race and Hispanic origin,Male: Black or African American,1995,,...
"Deaths per 100,000 resident population, age-adjusted",Sex and race and Hispanic origin,Male: Black or African American,1996,,...
"Deaths per 100,000 resident population, age-adjusted",Sex and race and Hispanic origin,Male: Black or African American,1997,,...
"Deaths per 100,000 resident population, age-adjusted",Sex and race and Hispanic origin,Male: Black or African American,1998,,...
"Deaths per 100,000 resident population, age-adjusted",Sex and race and Hispanic origin,Male: Black or African American,1999,10.5,
"Deaths per 100,000 resident population, age-adjusted",Sex and race and Hispanic origin,Male: Black or African American,2000,10.2,
"Deaths per 100,000 resident population, age-adjusted",Sex and race and Hispanic origin,Male: Black or African American,2001,9.9,
"Deaths per 100,000 resident population, age-adjusted",Sex and race and Hispanic origin,Male: Black or African American,2002,10.0,
"Deaths per 100,000 resident population, age-adjusted",Sex and race and Hispanic origin,Male: Black or African American,2003,9.5,
"Deaths per 100,000 resident population, age-adjusted",Sex and race and Hispanic origin,Male: Black or African American,2004,9.8,
"Deaths per 100,000 resident population, age-adjusted",Sex and race and Hispanic origin,Male: Black or African American,2005,9.5,
"Deaths per 100,000 resident population, age-adjusted",Sex and race and Hispanic origin,Male: Black or African American,2006,9.6,
"Deaths per 100,000 resident population, age-adjusted",Sex and race and Hispanic origin,Male: Black or African American,2007,9.0,
"Deaths per 100,000 resident population, age-adjusted",Sex and race and Hispanic origin,Male: Black or African American,2008,9.7,
"Deaths per 100,000 resident population, age-adjusted",Sex and race and Hispanic origin,Male: Black or African American,2009,9.3,
"Deaths per 100,000 resident population, age-adjusted",Sex and race and Hispanic origin,Male: Black or African American,2010,9.4,
"Deaths per 100,000 resident population, age-adjusted",Sex and race and Hispanic origin,Male: Black or African American,2011,9.7,
"Deaths per 100,000 resident population, age-adjusted",Sex and race and Hispanic origin,Male: Black or African American,2012,10.0,
"Deaths per 100,000 resident population, age-adjusted",Sex and race and Hispanic origin,Male: Black or African American,2013,9.7,
"Deaths per 100,000 resident population, age-adjusted",Sex and race and Hispanic origin,Male: Black or African American,2014,9.7,
"Deaths per 100,000 resident population, age-adjusted",Sex and race and Hispanic origin,Male: Black or African American,2015,10.0,
"Deaths per 100,000 resident population, age-adjusted",Sex and race and Hispanic origin,Male: Black or African American,2016,10.6,
"Deaths per 100,000 resident population, age-adjusted",Sex and race and Hispanic origin,Male: Black or African American,2017,11.4,
"Deaths per 100,000 resident population, age-adjusted",Sex and race and Hispanic origin,Male: Black or African American,2018,12.0,
"Deaths per 100,000 resident population, age-adjusted",Sex and race and Hispanic origin,Male: Hispanic or Latino,1950,,...
"Deaths per 100,000 resident population, age-adjusted",Sex and race and Hispanic origin,Male: Hispanic or Latino,1960,,...
"Deaths per 100,000 resident population, age-adjusted",Sex and race and Hispanic origin,Male: Hispanic or Latino,1970,,...
"Deaths per 100,000 resident population, age-adjusted",Sex and race and Hispanic origin,Male: Hispanic or Latino,1980,,...
"Deaths per 100,000 resident population, age-adjusted",Sex and race and Hispanic origin,Male: Hispanic or Latino,1981,,...
"Deaths per 100,000 resident population, age-adjusted",Sex and race and Hispanic origin,Male: Hispanic or Latino,1982,,...
"Deaths per 100,000 resident population, age-adjusted",Sex and race and Hispanic origin,Male: Hispanic or Latino,1983,,...
"Deaths per 100,000 resident population, age-adjusted",Sex and race and Hispanic origin,Male: Hispanic or Latino,1984,,...
"Deaths per 100,000 resident population, age-adjusted",Sex and race and Hispanic origin,Male: Hispanic or Latino,1985,11.0,
"Deaths per 100,000 resident population, age-adjusted",Sex and race and Hispanic origin,Male: Hispanic or Latino,1986,12.2,
"Deaths per 100,000 resident population, age-adjusted",Sex and race and Hispanic origin,Male: Hispanic or Latino,1987,12.2,
"Deaths per 100,000 resident population, age-adjusted",Sex and race and Hispanic origin,Male: Hispanic or Latino,1988,12.3,
"Deaths per 100,000 resident population, age-adjusted",Sex and race and Hispanic origin,Male: Hispanic or Latino,1989,15.1,
"Deaths per 100,000 resident population, age-adjusted",Sex and race and Hispanic origin,Male: Hispanic or Latino,1990,13.7,
"Deaths per 100,000 resident population, age-adjusted",Sex and race and Hispanic origin,Male: Hispanic or Latino,1991,13.9,
"Deaths per 100,000 resident population, age-adjusted",Sex and race and Hispanic origin,Male: Hispanic or Latino,1992,13.3,
"Deaths per 100,000 resident population, age-adjusted",Sex and race and Hispanic origin,Male: Hispanic or Latino,1993,13.5,
"Deaths per 100,000 resident population, age-adjusted",Sex and race and Hispanic origin,Male: Hispanic or Latino,1994,12.7,
"Deaths per 100,000 resident population, age-adjusted",Sex and race and Hispanic origin,Male: Hispanic or Latino,1995,12.7,
"Deaths per 100,000 resident population, age-adjusted",Sex and race and Hispanic origin,Male: Hispanic or Latino,1996,12.1,
"Deaths per 100,000 resident population, age-adjusted",Sex and race and Hispanic origin,Male: Hispanic or Latino,1997,11.1,
"Deaths per 100,000 resident population, age-adjusted",Sex and race and Hispanic origin,Male: Hispanic or Latino,1998,10.7,
"Deaths per 100,000 resident population, age-adjusted",Sex and race and Hispanic origin,Male: Hispanic or Latino,1999,10.3,
"Deaths per 100,000 resident population, age-adjusted",Sex and race and Hispanic origin,Male: Hispanic or Latino,2000,10.3,
"Deaths per 100,000 resident population, age-adjusted",Sex and race and Hispanic origin,Male: Hispanic or Latino,2001,10.1,
"Deaths per 100,000 resident population, age-adjusted",Sex and race and Hispanic origin,Male: Hispanic or Latino,2002,10.1,
"Deaths per 100,000 resident population, age-adjusted",Sex and race and Hispanic origin,Male: Hispanic or Latino,2003,9.9,
"Deaths per 100,000 resident population, age-adjusted",Sex and race and Hispanic origin,Male: Hispanic or Latino,2004,10.0,
"Deaths per 100,000 resident population, age-adjusted",Sex and race and Hispanic origin,Male: Hispanic or Latino,2005,9.6,
"Deaths per 100,000 resident population, age-adjusted",Sex and race and Hispanic origin,Male: Hispanic or Latino,2006,9.0,
"Deaths per 100,000 resident population, age-adjusted",Sex and race and Hispanic origin,Male: Hispanic or Latino,2007,10.3,
"Deaths per 100,000 resident population, age-adjusted",Sex and race and Hispanic origin,Male: Hispanic or Latino,2008,9.5,
"Deaths per 100,000 resident population, age-adjusted",Sex and race and Hispanic origin,Male: Hispanic or Latino,2009,9.9,
"Deaths per 100,000 resident population, age-adjusted",Sex and race and Hispanic origin,Male: Hispanic or Latino,2010,9.9,
"Deaths per 100,000 resident population, age-adjusted",Sex and race and Hispanic origin,Male: Hispanic or Latino,2011,9.4,
"Deaths per 100,000 resident population, age-adjusted",Sex and race and Hispanic origin,Male: Hispanic or Latino,2012,9.5,
"Deaths per 100,000 resident population, age-adjusted",Sex and race and Hispanic origin,Male: Hispanic or Latino,2013,9.3,
"Deaths per 100,000 resident population, age-adjusted",Sex and race and Hispanic origin,Male: Hispanic or Latino,2014,10.3,
"Deaths per 100,000 resident population, age-adjusted",Sex and race and Hispanic origin,Male: Hispanic or Latino,2015,9.9,
"Deaths per 100,000 resident population, age-adjusted",Sex and race and Hispanic origin,Male: Hispanic or Latino,2016,10.9,
"Deaths per 100,000 resident population, age-adjusted",Sex and race and Hispanic origin,Male: Hispanic or Latino,2017,11.2,
"Deaths per 100,000 resident population, age-adjusted",Sex and race and Hispanic origin,Male: Hispanic or Latino,2018,12.1,
"Deaths per 100,000 resident population, age-adjusted",Sex and race and Hispanic origin,Male: American Indian or Alaska Native,1999,19.8,
"Deaths per 100,000 resident population, age-adjusted",Sex and race and Hispanic origin,Male: American Indian or Alaska Native,2000,19.5,
"Deaths per 100,000 resident population, age-adjusted",Sex and race and Hispanic origin,Male: American Indian or Alaska Native,2001,21.3,
"Deaths per 100,000 resident population, age-adjusted",Sex and race and Hispanic origin,Male: American Indian or Alaska Native,2002,21.1,
"Deaths per 100,000 resident population, age-adjusted",Sex and race and Hispanic origin,Male: American Indian or Alaska Native,2003,22.0,
"Deaths per 100,000 resident population, age-adjusted",Sex and race and Hispanic origin,Male: American Indian or Alaska Native,2004,24.0,
"Deaths per 100,000 resident population, age-adjusted",Sex and race and Hispanic origin,Male: American Indian or Alaska Native,2005,24.1,
"Deaths per 100,000 resident population, age-adjusted",Sex and race and Hispanic origin,Male: American Indian or Alaska Native,2006,23.6,
"Deaths per 100,000 resident population, age-adjusted",Sex and race and Hispanic origin,Male: American Indian or Alaska Native,2007,23.2,
"Deaths per 100,000 resident population, age-adjusted",Sex and race and Hispanic origin,Male: American Indian or Alaska Native,2008,23.9,
"Deaths per 100,000 resident population, age-adjusted",Sex and race and Hispanic origin,Male: American Indian or Alaska Native,2009,23.1,
"Deaths per 100,000 resident population, age-adjusted",Sex and race and Hispanic origin,Male: American Indian or Alaska Native,2010,24.9,
"Deaths per 100,000 resident population, age-adjusted",Sex and race and Hispanic origin,Male: American Indian or Alaska Native,2011,25.6,
"Deaths per 100,000 resident population, age-adjusted",Sex and race and Hispanic origin,Male: American Indian or Alaska Native,2012,28.2,
"Deaths per 100,000 resident population, age-adjusted",Sex and race and Hispanic origin,Male: American Indian or Alaska Native,2013,29.3,
"Deaths per 100,000 resident population, age-adjusted",Sex and race and Hispanic origin,Male: American Indian or Alaska Native,2014,27.4,
"Deaths per 100,000 resident population, age-adjusted",Sex and race and Hispanic origin,Male: American Indian or Alaska Native,2015,30.3,
"Deaths per 100,000 resident population, age-adjusted",Sex and race and Hispanic origin,Male: American Indian or Alaska Native,2016,33.1,
"Deaths per 100,000 resident population, age-adjusted",Sex and race and Hispanic origin,Male: American Indian or Alaska Native,2017,33.8,
"Deaths per 100,000 resident population, age-adjusted",Sex and race and Hispanic origin,Male: American Indian or Alaska Native,2018,34.2,
"Deaths per 100,000 resident population, age-adjusted",Sex and race and Hispanic origin,Male: Asian or Pacific Islander,1999,9.0,
"Deaths per 100,000 resident population, age-adjusted",Sex and race and Hispanic origin,Male: Asian or Pacific Islander,2000,8.7,
"Deaths per 100,000 resident population, age-adjusted",Sex and race and Hispanic origin,Male: Asian or Pacific Islander,2001,8.4,
"Deaths per 100,000 resident population, age-adjusted",Sex and race and Hispanic origin,Male: Asian or Pacific Islander,2002,8.0,
"Deaths per 100,000 resident population, age-adjusted",Sex and race and Hispanic origin,Male: Asian or Pacific Islander,2003,8.5,
"Deaths per 100,000 resident population, age-adjusted",Sex and race and Hispanic origin,Male: Asian or Pacific Islander,2004,8.4,
"Deaths per 100,000 resident population, age-adjusted",Sex and race and Hispanic origin,Male: Asian or Pacific Islander,2005,7.4,
"Deaths per 100,000 resident population, age-adjusted",Sex and race and Hispanic origin,Male: Asian or Pacific Islander,2006,7.9,
"Deaths per 100,000 resident population, age-adjusted",Sex and race and Hispanic origin,Male: Asian or Pacific Islander,2007,8.9,
"Deaths per 100,000 resident population, age-adjusted",Sex and race and Hispanic origin,Male: Asian or Pacific Islander,2008,8.0,
"Deaths per 100,000 resident population, age-adjusted",Sex and race and Hispanic origin,Male: Asian or Pacific Islander,2009,8.7,
"Deaths per 100,000 resident population, age-adjusted",Sex and race and Hispanic origin,Male: Asian or Pacific Islander,2010,9.5,
"Deaths per 100,000 resident population, age-adjusted",Sex and race and Hispanic origin,Male: Asian or Pacific Islander,2011,9.0,
"Deaths per 100,000 resident population, age-adjusted",Sex and race and Hispanic origin,Male: Asian or Pacific Islander,2012,9.5,
"Deaths per 100,000 resident population, age-adjusted",Sex and race and Hispanic origin,Male: Asian or Pacific Islander,2013,9.2,
"Deaths per 100,000 resident population, age-adjusted",Sex and race and Hispanic origin,Male: Asian or Pacific Islander,2014,8.9,
"Deaths per 100,000 resident population, age-adjusted",Sex and race and Hispanic origin,Male: Asian or Pacific Islander,2015,9.2,
"Deaths per 100,000 resident population, age-adjusted",Sex and race and Hispanic origin,Male: Asian or Pacific Islander,2016,10.2,
"Deaths per 100,000 resident population, age-adjusted",Sex and race and Hispanic origin,Male: Asian or Pacific Islander,2017,9.9,
"Deaths per 100,000 resident population, age-adjusted",Sex and race and Hispanic origin,Male: Asian or Pacific Islander,2018,10.5,
"Deaths per 100,000 resident population, age-adjusted",Sex and race and Hispanic origin,Female: White,1950,,...
"Deaths per 100,000 resident population, age-adjusted",Sex and race and Hispanic origin,Female: White,1960,,...
"Deaths per 100,000 resident population, age-adjusted",Sex and race and Hispanic origin,Female: White,1970,,...
"Deaths per 100,000 resident population, age-adjusted",Sex and race and Hispanic origin,Female: White,1980,,...
"Deaths per 100,000 resident population, age-adjusted",Sex and race and Hispanic origin,Female: White,1981,,...
"Deaths per 100,000 resident population, age-adjusted",Sex and race and Hispanic origin,Female: White,1982,,...
"Deaths per 100,000 resident population, age-adjusted",Sex and race and Hispanic origin,Female: White,1983,,...
"Deaths per 100,000 resident population, age-adjusted",Sex and race and Hispanic origin,Female: White,1984,,...
"Deaths per 100,000 resident population, age-adjusted",Sex and race and Hispanic origin,Female: White,1985,6.1,
"Deaths per 100,000 resident population, age-adjusted",Sex and race and Hispanic origin,Female: White,1986,6.1,
"Deaths per 100,000 resident population, age-adjusted",Sex and race and Hispanic origin,Female: White,1987,5.8,
"Deaths per 100,000 resident population, age-adjusted",Sex and race and Hispanic origin,Female: White,1988,5.6,
"Deaths per 100,000 resident population, age-adjusted",Sex and race and Hispanic origin,Female: White,1989,5.4,
"Deaths per 100,000 resident population, age-adjusted",Sex and race and Hispanic origin,Female: White,1990,5.4,
"Deaths per 100,000 resident population, age-adjusted",Sex and race and Hispanic origin,Female: White,1991,5.3,
"Deaths per 100,000 resident population, age-adjusted",Sex and race and Hispanic origin,Female: White,1992,5.1,
"Deaths per 100,000 resident population, age-adjusted",Sex and race and Hispanic origin,Female: White,1993,5.1,
"Deaths per 100,000 resident population, age-adjusted",Sex and race and Hispanic origin,Female: White,1994,5.0,
"Deaths per 100,000 resident population, age-adjusted",Sex and race and Hispanic origin,Female: White,1995,4.9,
"Deaths per 100,000 resident population, age-adjusted",Sex and race and Hispanic origin,Female: White,1996,4.8,
"Deaths per 100,000 resident population, age-adjusted",Sex and race and Hispanic origin,Female: White,1997,5.1,
"Deaths per 100,000 resident population, age-adjusted",Sex and race and Hispanic origin,Female: White,1998,5.0,
"Deaths per 100,000 resident population, age-adjusted",Sex and race and Hispanic origin,Female: White,1999,4.7,
"Deaths per 100,000 resident population, age-adjusted",Sex and race and Hispanic origin,Female: White,2000,4.7,
"Deaths per 100,000 resident population, age-adjusted",Sex and race and Hispanic origin,Female: White,2001,4.8,
"Deaths per 100,000 resident population, age-adjusted",Sex and race and Hispanic origin,Female: White,2002,5.1,
"Deaths per 100,000 resident population, age-adjusted",Sex and race and Hispanic origin,Female: White,2003,5.1,
"Deaths per 100,000 resident population, age-adjusted",Sex and race and Hispanic origin,Female: White,2004,5.5,
"Deaths per 100,000 resident population, age-adjusted",Sex and race and Hispanic origin,Female: White,2005,5.3,
"Deaths per 100,000 resident population, age-adjusted",Sex and race and Hispanic origin,Female: White,2006,5.6,
"Deaths per 100,000 resident population, age-adjusted",Sex and race and Hispanic origin,Female: White,2007,5.8,
"Deaths per 100,000 resident population, age-adjusted",Sex and race and Hispanic origin,Female: White,2008,6.0,
"Deaths per 100,000 resident population, age-adjusted",Sex and race and Hispanic origin,Female: White,2009,6.1,
"Deaths per 100,000 resident population, age-adjusted",Sex and race and Hispanic origin,Female: White,2010,6.2,
"Deaths per 100,000 resident population, age-adjusted",Sex and race and Hispanic origin,Female: White,2011,6.7,
"Deaths per 100,000 resident population, age-adjusted",Sex and race and Hispanic origin,Female: White,2012,6.9,
"Deaths per 100,000 resident population, age-adjusted",Sex and race and Hispanic origin,Female: White,2013,7.1,
"Deaths per 100,000 resident population, age-adjusted",Sex and race and Hispanic origin,Female: White,2014,7.5,
"Deaths per 100,000 resident population, age-adjusted",Sex and race and Hispanic origin,Female: White,2015,7.8,
"Deaths per 100,000 resident population, age-adjusted",Sex and race and Hispanic origin,Female: White,2016,7.9,
"Deaths per 100,000 resident population, age-adjusted",Sex and race and Hispanic origin,Female: White,2017,7.9,
"Deaths per 100,000 resident population, age-adjusted",Sex and race and Hispanic origin,Female: White,2018,8.0,
"Deaths per 100,000 resident population, age-adjusted",Sex and race and Hispanic origin,Female: Black or African American,1950,,...
"Deaths per 100,000 resident population, age-adjusted",Sex and race and Hispanic origin,Female: Black or African American,1960,,...
"Deaths per 100,000 resident population, age-adjusted",Sex and race and Hispanic origin,Female: Black or African American,1970,,...
"Deaths per 100,000 resident population, age-adjusted",Sex and race and Hispanic origin,Female: Black or African American,1980,,...
"Deaths per 100,000 resident population, age-adjusted",Sex and race and Hispanic origin,Female: Black or African American,1981,,...
"Deaths per 100,000 resident population, age-adjusted",Sex and race and Hispanic origin,Female: Black or African American,1982,,...
"Deaths per 100,000 resident population, age-adjusted",Sex and race and Hispanic origin,Female: Black or African American,1983,,...
"Deaths per 100,000 resident population, age-adjusted",Sex and race and Hispanic origin,Female: Black or African American,1984,,...
"Deaths per 100,000 resident population, age-adjusted",Sex and race and Hispanic origin,Female: Black or African American,1985,,...
"Deaths per 100,000 resident population, age-adjusted",Sex and race and Hispanic origin,Female: Black or African American,1986,,...
"Deaths per 100,000 resident population, age-adjusted",Sex and race and Hispanic origin,Female: Black or African American,1987,,...
"Deaths per 100,000 resident population, age-adjusted",Sex and race and Hispanic origin,Female: Black or African American,1988,,...
"Deaths per 100,000 resident population, age-adjusted",Sex and race and Hispanic origin,Female: Black or African American,1989,,...
"Deaths per 100,000 resident population, age-adjusted",Sex and race and Hispanic origin,Female: Black or African American,1990,,...
"Deaths per 100,000 resident population, age-adjusted",Sex and race and Hispanic origin,Female: Black or African American,1991,,...
"Deaths per 100,000 resident population, age-adjusted",Sex and race and Hispanic origin,Female: Black or African American,1992,,...
"Deaths per 100,000 resident population, age-adjusted",Sex and race and Hispanic origin,Female: Black or African American,1993,,...
"Deaths per 100,000 resident population, age-adjusted",Sex and race and Hispanic origin,Female: Black or African American,1994,,...
"Deaths per 100,000 resident population, age-adjusted",Sex and race and Hispanic origin,Female: Black or African American,1995,,...
"Deaths per 100,000 resident population, age-adjusted",Sex and race and Hispanic origin,Female: Black or African American,1996,,...
"Deaths per 100,000 resident population, age-adjusted",Sex and race and Hispanic origin,Female: Black or African American,1997,,...
"Deaths per 100,000 resident population, age-adjusted",Sex and race and Hispanic origin,Female: Black or African American,1998,,...
"Deaths per 100,000 resident population, age-adjusted",Sex and race and Hispanic origin,Female: Black or African American,1999,1.7,
"Deaths per 100,000 resident population, age-adjusted",Sex and race and Hispanic origin,Female: Black or African American,2000,1.8,
"Deaths per 100,000 resident population, age-adjusted",Sex and race and Hispanic origin,Female: Black or African American,2001,1.8,
"Deaths per 100,000 resident population, age-adjusted",Sex and race and Hispanic origin,Female: Black or African American,2002,1.6,
"Deaths per 100,000 resident population, age-adjusted",Sex and race and Hispanic origin,Female: Black or African American,2003,1.9,
"Deaths per 100,000 resident population, age-adjusted",Sex and race and Hispanic origin,Female: Black or African American,2004,1.8,
"Deaths per 100,000 resident population, crude",Total,All persons,1980,11.9,
"Deaths per 100,000 resident population, age-adjusted",Sex and race and Hispanic origin,Female: Black or African American,2005,1.9,
"Deaths per 100,000 resident population, age-adjusted",Sex and race and Hispanic origin,Female: Black or African American,2006,1.4,
"Deaths per 100,000 resident population, age-adjusted",Sex and race and Hispanic origin,Female: Black or African American,2007,1.7,
"Deaths per 100,000 resident population, age-adjusted",Sex and race and Hispanic origin,Female: Black or African American,2008,1.7,
"Deaths per 100,000 resident population, age-adjusted",Sex and race and Hispanic origin,Female: Black or African American,2009,1.9,
"Deaths per 100,000 resident population, age-adjusted",Sex and race and Hispanic origin,Female: Black or African American,2010,1.9,
"Deaths per 100,000 resident population, age-adjusted",Sex and race and Hispanic origin,Female: Black or African American,2011,1.9,
"Deaths per 100,000 resident population, age-adjusted",Sex and race and Hispanic origin,Female: Black or African American,2012,2.1,
"Deaths per 100,000 resident population, age-adjusted",Sex and race and Hispanic origin,Female: Black or African American,2013,2.0,
"Deaths per 100,000 resident population, age-adjusted",Sex and race and Hispanic origin,Female: Black or African American,2014,2.1,
"Deaths per 100,000 resident population, age-adjusted",Sex and race and Hispanic origin,Female: Black or African American,2015,2.1,
"Deaths per 100,000 resident population, age-adjusted",Sex and race and Hispanic origin,Female: Black or African American,2016,2.4,
"Deaths per 100,000 resident population, age-adjusted",Sex and race and Hispanic origin,Female: Black or African American,2017,2.8,
"Deaths per 100,000 resident population, age-adjusted",Sex and race and Hispanic origin,Female: Black or African American,2018,2.9,
"Deaths per 100,000 resident population, age-adjusted",Sex and race and Hispanic origin,Female: Hispanic or Latino,1950,,...
"Deaths per 100,000 resident population, age-adjusted",Sex and race and Hispanic origin,Female: Hispanic or Latino,1960,,...
"Deaths per 100,000 resident population, age-adjusted",Sex and race and Hispanic origin,Female: Hispanic or Latino,1970,,...
"Deaths per 100,000 resident population, age-adjusted",Sex and race and Hispanic origin,Female: Hispanic or Latino,1980,,...
"Deaths per 100,000 resident population, age-adjusted",Sex and race and Hispanic origin,Female: Hispanic or Latino,1981,,...
"Deaths per 100,000 resident population, age-adjusted",Sex and race and Hispanic origin,Female: Hispanic or Latino,1982,,...
"Deaths per 100,000 resident population, age-adjusted",Sex and race and Hispanic origin,Female: Hispanic or Latino,1983,,...
"Deaths per 100,000 resident population, age-adjusted",Sex and race and Hispanic origin,Female: Hispanic or Latino,1984,,...
"Deaths per 100,000 resident population, age-adjusted",Sex and race and Hispanic origin,Female: Hispanic or Latino,1985,1.9,
"Deaths per 100,000 resident population, age-adjusted",Sex and race and Hispanic origin,Female: Hispanic or Latino,1986,2.1,
"Deaths per 100,000 resident population, age-adjusted",Sex and race and Hispanic origin,Female: Hispanic or Latino,1987,1.9,
"Deaths per 100,000 resident population, age-adjusted",Sex and race and Hispanic origin,Female: Hispanic or Latino,1988,1.8,
"Deaths per 100,000 resident population, age-adjusted",Sex and race and Hispanic origin,Female: Hispanic or Latino,1989,2.7,
"Deaths per 100,000 resident population, age-adjusted",Sex and race and Hispanic origin,Female: Hispanic or Latino,1990,2.3,
"Deaths per 100,000 resident population, age-adjusted",Sex and race and Hispanic origin,Female: Hispanic or Latino,1991,2.5,
"Deaths per 100,000 resident population, crude",Total,All persons,1981,12.0,
"Deaths per 100,000 resident population, age-adjusted",Sex and race and Hispanic origin,Female: Hispanic or Latino,1992,2.4,
"Deaths per 100,000 resident population, age-adjusted",Sex and race and Hispanic origin,Female: Hispanic or Latino,1993,2.1,
"Deaths per 100,000 resident population, age-adjusted",Sex and race and Hispanic origin,Female: Hispanic or Latino,1994,2.0,
"Deaths per 100,000 resident population, age-adjusted",Sex and race and Hispanic origin,Female: Hispanic or Latino,1995,2.0,
"Deaths per 100,000 resident population, age-adjusted",Sex and race and Hispanic origin,Female: Hispanic or Latino,1996,2.2,
"Deaths per 100,000 resident population, age-adjusted",Sex and race and Hispanic origin,Female: Hispanic or Latino,1997,1.7,
"Deaths per 100,000 resident population, age-adjusted",Sex and race and Hispanic origin,Female: Hispanic or Latino,1998,2.0,
"Deaths per 100,000 resident population, age-adjusted",Sex and race and Hispanic origin,Female: Hispanic or Latino,1999,1.9,
"Deaths per 100,000 resident population, age-adjusted",Sex and race and Hispanic origin,Female: Hispanic or Latino,2000,1.7,
"Deaths per 100,000 resident population, age-adjusted",Sex and race and Hispanic origin,Female: Hispanic or Latino,2001,1.6,
"Deaths per 100,000 resident population, age-adjusted",Sex and race and Hispanic origin,Female: Hispanic or Latino,2002,1.8,
"Deaths per 100,000 resident population, age-adjusted",Sex and race and Hispanic origin,Female: Hispanic or Latino,2003,1.6,
"Deaths per 100,000 resident population, age-adjusted",Sex and race and Hispanic origin,Female: Hispanic or Latino,2004,2.0,
"Deaths per 100,000 resident population, age-adjusted",Sex and race and Hispanic origin,Female: Hispanic or Latino,2005,1.8,
"Deaths per 100,000 resident population, age-adjusted",Sex and race and Hispanic origin,Female: Hispanic or Latino,2006,1.8,
"Deaths per 100,000 resident population, age-adjusted",Sex and race and Hispanic origin,Female: Hispanic or Latino,2007,1.8,
"Deaths per 100,000 resident population, age-adjusted",Sex and race and Hispanic origin,Female: Hispanic or Latino,2008,1.8,
"Deaths per 100,000 resident population, age-adjusted",Sex and race and Hispanic origin,Female: Hispanic or Latino,2009,2.0,
"Deaths per 100,000 resident population, age-adjusted",Sex and race and Hispanic origin,Female: Hispanic or Latino,2010,2.1,
"Deaths per 100,000 resident population, age-adjusted",Sex and race and Hispanic origin,Female: Hispanic or Latino,2011,2.0,
"Deaths per 100,000 resident population, age-adjusted",Sex and race and Hispanic origin,Female: Hispanic or Latino,2012,2.2,
"Deaths per 100,000 resident population, age-adjusted",Sex and race and Hispanic origin,Female: Hispanic or Latino,2013,2.3,
"Deaths per 100,000 resident population, age-adjusted",Sex and race and Hispanic origin,Female: Hispanic or Latino,2014,2.5,
"Deaths per 100,000 resident population, age-adjusted",Sex and race and Hispanic origin,Female: Hispanic or Latino,2015,2.6,
"Deaths per 100,000 resident population, age-adjusted",Sex and race and Hispanic origin,Female: Hispanic or Latino,2016,2.6,
"Deaths per 100,000 resident population, age-adjusted",Sex and race and Hispanic origin,Female: Hispanic or Latino,2017,2.6,
"Deaths per 100,000 resident population, age-adjusted",Sex and race and Hispanic origin,Female: Hispanic or Latino,2018,2.8,
"Deaths per 100,000 resident population, age-adjusted",Sex and race and Hispanic origin,Female: American Indian or Alaska Native,1999,4.6,
"Deaths per 100,000 resident population, age-adjusted",Sex and race and Hispanic origin,Female: American Indian or Alaska Native,2000,4.6,
"Deaths per 100,000 resident population, age-adjusted",Sex and race and Hispanic origin,Female: American Indian or Alaska Native,2001,4.9,
"Deaths per 100,000 resident population, age-adjusted",Sex and race and Hispanic origin,Female: American Indian or Alaska Native,2002,4.8,
"Deaths per 100,000 resident population, age-adjusted",Sex and race and Hispanic origin,Female: American Indian or Alaska Native,2003,4.4,
"Deaths per 100,000 resident population, age-adjusted",Sex and race and Hispanic origin,Female: American Indian or Alaska Native,2004,7.4,
"Deaths per 100,000 resident population, age-adjusted",Sex and race and Hispanic origin,Female: American Indian or Alaska Native,2005,5.8,
"Deaths per 100,000 resident population, age-adjusted",Sex and race and Hispanic origin,Female: American Indian or Alaska Native,2006,6.6,
"Deaths per 100,000 resident population, age-adjusted",Sex and race and Hispanic origin,Female: American Indian or Alaska Native,2007,6.3,
"Deaths per 100,000 resident population, age-adjusted",Sex and race and Hispanic origin,Female: American Indian or Alaska Native,2008,7.2,
"Deaths per 100,000 resident population, age-adjusted",Sex and race and Hispanic origin,Female: American Indian or Alaska Native,2009,8.1,
"Deaths per 100,000 resident population, age-adjusted",Sex and race and Hispanic origin,Female: American Indian or Alaska Native,2010,9.1,
"Deaths per 100,000 resident population, age-adjusted",Sex and race and Hispanic origin,Female: American Indian or Alaska Native,2011,7.9,
"Deaths per 100,000 resident population, age-adjusted",Sex and race and Hispanic origin,Female: American Indian or Alaska Native,2012,6.6,
"Deaths per 100,000 resident population, age-adjusted",Sex and race and Hispanic origin,Female: American Indian or Alaska Native,2013,7.8,
"Deaths per 100,000 resident population, age-adjusted",Sex and race and Hispanic origin,Female: American Indian or Alaska Native,2014,8.7,
"Deaths per 100,000 resident population, age-adjusted",Sex and race and Hispanic origin,Female: American Indian or Alaska Native,2015,10.2,
"Deaths per 100,000 resident population, age-adjusted",Sex and race and Hispanic origin,Female: American Indian or Alaska Native,2016,10.3,
"Deaths per 100,000 resident population, age-adjusted",Sex and race and Hispanic origin,Female: American Indian or Alaska Native,2017,11.0,
"Deaths per 100,000 resident population, age-adjusted",Sex and race and Hispanic origin,Female: American Indian or Alaska Native,2018,10.5,
"Deaths per 100,000 resident population, age-adjusted",Sex and race and Hispanic origin,Female: Asian or Pacific Islander,1999,3.4,
"Deaths per 100,000 resident population, age-adjusted",Sex and race and Hispanic origin,Female: Asian or Pacific Islander,2000,2.8,
"Deaths per 100,000 resident population, age-adjusted",Sex and race and Hispanic origin,Female: Asian or Pacific Islander,2001,2.9,
"Deaths per 100,000 resident population, age-adjusted",Sex and race and Hispanic origin,Female: Asian or Pacific Islander,2002,3.1,
"Deaths per 100,000 resident population, age-adjusted",Sex and race and Hispanic origin,Female: Asian or Pacific Islander,2003,3.1,
"Deaths per 100,000 resident population, age-adjusted",Sex and race and Hispanic origin,Female: Asian or Pacific Islander,2004,3.5,
"Deaths per 100,000 resident population, age-adjusted",Sex and race and Hispanic origin,Female: Asian or Pacific Islander,2005,3.3,
"Deaths per 100,000 resident population, age-adjusted",Sex and race and Hispanic origin,Female: Asian or Pacific Islander,2006,3.3,
"Deaths per 100,000 resident population, age-adjusted",Sex and race and Hispanic origin,Female: Asian or Pacific Islander,2007,3.4,
"Deaths per 100,000 resident population, age-adjusted",Sex and race and Hispanic origin,Female: Asian or Pacific Islander,2008,3.5,
"Deaths per 100,000 resident population, age-adjusted",Sex and race and Hispanic origin,Female: Asian or Pacific Islander,2009,3.5,
"Deaths per 100,000 resident population, age-adjusted",Sex and race and Hispanic origin,Female: Asian or Pacific Islander,2010,3.4,
"Deaths per 100,000 resident population, age-adjusted",Sex and race and Hispanic origin,Female: Asian or Pacific Islander,2011,3.5,
"Deaths per 100,000 resident population, age-adjusted",Sex and race and Hispanic origin,Female: Asian or Pacific Islander,2012,3.6,
"Deaths per 100,000 resident population, age-adjusted",Sex and race and Hispanic origin,Female: Asian or Pacific Islander,2013,3.1,
"Deaths per 100,000 resident population, age-adjusted",Sex and race and Hispanic origin,Female: Asian or Pacific Islander,2014,3.5,
"Deaths per 100,000 resident population, age-adjusted",Sex and race and Hispanic origin,Female: Asian or Pacific Islander,2015,4.0,
"Deaths per 100,000 resident population, age-adjusted",Sex and race and Hispanic origin,Female: Asian or Pacific Islander,2016,3.7,
"Deaths per 100,000 resident population, age-adjusted",Sex and race and Hispanic origin,Female: Asian or Pacific Islander,2017,3.9,
"Deaths per 100,000 resident population, age-adjusted",Sex and race and Hispanic origin,Female: Asian or Pacific Islander,2018,3.9,
"Deaths per 100,000 resident population, crude",Total,All persons,1950,11.4,
"Deaths per 100,000 resident population, crude",Total,All persons,1960,10.6,
"Deaths per 100,000 resident population, crude",Total,All persons,1970,11.6,
"Deaths per 100,000 resident population, crude",Total,All persons,1982,12.2,
"Deaths per 100,000 resident population, crude",Total,All persons,1983,12.1,
"Deaths per 100,000 resident population, crude",Total,All persons,1984,12.4,
"Deaths per 100,000 resident population, crude",Total,All persons,1985,12.4,
"Deaths per 100,000 resident population, crude",Total,All persons,1986,12.9,
"Deaths per 100,000 resident population, crude",Total,All persons,1987,12.7,
"Deaths per 100,000 resident population, crude",Total,All persons,1988,12.4,
"Deaths per 100,000 resident population, crude",Total,All persons,1989,12.2,
"Deaths per 100,000 resident population, crude",Total,All persons,1990,12.4,
"Deaths per 100,000 resident population, crude",Total,All persons,1991,12.2,
"Deaths per 100,000 resident population, crude",Total,All persons,1992,11.9,
"Deaths per 100,000 resident population, crude",Total,All persons,1993,12.0,
"Deaths per 100,000 resident population, crude",Total,All persons,1994,11.8,
"Deaths per 100,000 resident population, crude",Total,All persons,1995,11.7,
"Deaths per 100,000 resident population, crude",Total,All persons,1996,11.5,
"Deaths per 100,000 resident population, crude",Total,All persons,1997,11.2,
"Deaths per 100,000 resident population, crude",Total,All persons,1998,11.1,
"Deaths per 100,000 resident population, crude",Total,All persons,1999,10.5,
"Deaths per 100,000 resident population, crude",Total,All persons,2000,10.4,
"Deaths per 100,000 resident population, crude",Total,All persons,2001,10.7,
"Deaths per 100,000 resident population, crude",Total,All persons,2002,11.0,
"Deaths per 100,000 resident population, crude",Total,All persons,2003,10.9,
"Deaths per 100,000 resident population, crude",Total,All persons,2004,11.1,
"Deaths per 100,000 resident population, crude",Total,All persons,2005,11.0,
"Deaths per 100,000 resident population, crude",Total,All persons,2006,11.2,
"Deaths per 100,000 resident population, crude",Total,All persons,2007,11.5,
"Deaths per 100,000 resident population, crude",Total,All persons,2008,11.8,
"Deaths per 100,000 resident population, crude",Total,All persons,2009,12.0,
"Deaths per 100,000 resident population, crude",Total,All persons,2010,12.4,
"Deaths per 100,000 resident population, crude",Total,All persons,2011,12.7,
"Deaths per 100,000 resident population, crude",Total,All persons,2012,12.9,
"Deaths per 100,000 resident population, crude",Total,All persons,2013,13.0,
"Deaths per 100,000 resident population, crude",Total,All persons,2014,13.4,
"Deaths per 100,000 resident population, crude",Total,All persons,2015,13.7,
"Deaths per 100,000 resident population, crude",Total,All persons,2016,13.9,
"Deaths per 100,000 resident population, crude",Total,All persons,2017,14.5,
"Deaths per 100,000 resident population, crude",Total,All persons,2018,14.8,
"Deaths per 100,000 resident population, crude",Sex,Male,1950,17.8,
"Deaths per 100,000 resident population, crude",Sex,Male,1960,16.5,
"Deaths per 100,000 resident population, crude",Sex,Male,1970,16.8,
"Deaths per 100,000 resident population, crude",Sex,Male,1980,18.6,
"Deaths per 100,000 resident population, crude",Sex,Male,1981,18.7,
"Deaths per 100,000 resident population, crude",Sex,Male,1982,19.2,
"Deaths per 100,000 resident population, crude",Sex,Male,1983,19.2,
"Deaths per 100,000 resident population, crude",Sex,Male,1984,19.8,
"Deaths per 100,000 resident population, crude",Sex,Male,1985,20.0,
"Deaths per 100,000 resident population, crude",Sex,Male,1986,20.7,
"Deaths per 100,000 resident population, crude",Sex,Male,1987,20.6,
"Deaths per 100,000 resident population, crude",Sex,Male,1988,20.2,
"Deaths per 100,000 resident population, crude",Sex,Male,1989,20.0,
"Deaths per 100,000 resident population, crude",Sex,Male,1990,20.4,
"Deaths per 100,000 resident population, crude",Sex,Male,1991,20.1,
"Deaths per 100,000 resident population, crude",Sex,Male,1992,19.5,
"Deaths per 100,000 resident population, crude",Sex,Male,1993,19.7,
"Deaths per 100,000 resident population, crude",Sex,Male,1994,19.6,
"Deaths per 100,000 resident population, crude",Sex,Male,1995,19.5,
"Deaths per 100,000 resident population, crude",Sex,Male,1996,19.0,
"Deaths per 100,000 resident population, crude",Sex,Male,1997,18.3,
"Deaths per 100,000 resident population, crude",Sex,Male,1998,18.2,
"Deaths per 100,000 resident population, crude",Sex,Male,1999,17.1,
"Deaths per 100,000 resident population, crude",Sex,Male,2000,17.1,
"Deaths per 100,000 resident population, crude",Sex,Male,2001,17.6,
"Deaths per 100,000 resident population, crude",Sex,Male,2002,18.0,
"Deaths per 100,000 resident population, crude",Sex,Male,2003,17.7,
"Deaths per 100,000 resident population, crude",Sex,Male,2004,17.8,
"Deaths per 100,000 resident population, crude",Sex,Male,2005,17.8,
"Deaths per 100,000 resident population, crude",Sex,Male,2006,17.9,
"Deaths per 100,000 resident population, crude",Sex,Male,2007,18.4,
"Deaths per 100,000 resident population, crude",Sex,Male,2008,19.0,
"Deaths per 100,000 resident population, crude",Sex,Male,2009,19.3,
"Deaths per 100,000 resident population, crude",Sex,Male,2010,19.9,
"Deaths per 100,000 resident population, crude",Sex,Male,2011,20.2,
"Deaths per 100,000 resident population, crude",Sex,Male,2012,20.6,
"Deaths per 100,000 resident population, crude",Sex,Male,2013,20.6,
"Deaths per 100,000 resident population, crude",Sex,Male,2014,21.1,
"Deaths per 100,000 resident population, crude",Sex,Male,2015,21.5,
"Deaths per 100,000 resident population, crude",Sex,Male,2016,21.8,
"Deaths per 100,000 resident population, crude",Sex,Male,2017,22.9,
"Deaths per 100,000 resident population, crude",Sex,Male,2018,23.4,
"Deaths per 100,000 resident population, crude",Sex,Female,1950,5.1,
"Deaths per 100,000 resident population, crude",Sex,Female,1960,4.9,
"Deaths per 100,000 resident population, crude",Sex,Female,1970,6.6,
"Deaths per 100,000 resident population, crude",Sex,Female,1980,5.5,
"Deaths per 100,000 resident population, crude",Sex,Female,1981,5.8,
"Deaths per 100,000 resident population, crude",Sex,Female,1982,5.6,
"Deaths per 100,000 resident population, crude",Sex,Female,1983,5.4,
"Deaths per 100,000 resident population, crude",Sex,Female,1984,5.4,
"Deaths per 100,000 resident population, crude",Sex,Female,1985,5.2,
"Deaths per 100,000 resident population, crude",Sex,Female,1986,5.4,
"Deaths per 100,000 resident population, crude",Sex,Female,1987,5.2,
"Deaths per 100,000 resident population, crude",Sex,Female,1988,5.0,
"Deaths per 100,000 resident population, crude",Sex,Female,1989,4.8,
"Deaths per 100,000 resident population, crude",Sex,Female,1990,4.8,
"Deaths per 100,000 resident population, crude",Sex,Female,1991,4.7,
"Deaths per 100,000 resident population, crude",Sex,Female,1992,4.6,
"Deaths per 100,000 resident population, crude",Sex,Female,1993,4.6,
"Deaths per 100,000 resident population, crude",Sex,Female,1994,4.4,
"Deaths per 100,000 resident population, crude",Sex,Female,1995,4.3,
"Deaths per 100,000 resident population, crude",Sex,Female,1996,4.3,
"Deaths per 100,000 resident population, crude",Sex,Female,1997,4.3,
"Deaths per 100,000 resident population, crude",Sex,Female,1998,4.3,
"Deaths per 100,000 resident population, crude",Sex,Female,1999,4.0,
"Deaths per 100,000 resident population, crude",Sex,Female,2000,4.0,
"Deaths per 100,000 resident population, crude",Sex,Female,2001,4.1,
"Deaths per 100,000 resident population, crude",Sex,Female,2002,4.3,
"Deaths per 100,000 resident population, crude",Sex,Female,2003,4.3,
"Deaths per 100,000 resident population, crude",Sex,Female,2004,4.6,
"Deaths per 100,000 resident population, crude",Sex,Female,2005,4.5,
"Deaths per 100,000 resident population, crude",Sex,Female,2006,4.6,
"Deaths per 100,000 resident population, crude",Sex,Female,2007,4.8,
"Deaths per 100,000 resident population, crude",Sex,Female,2008,4.9,
"Deaths per 100,000 resident population, crude",Sex,Female,2009,5.0,
"Deaths per 100,000 resident population, crude",Sex,Female,2010,5.2,
"Deaths per 100,000 resident population, crude",Sex,Female,2011,5.4,
"Deaths per 100,000 resident population, crude",Sex,Female,2012,5.5,
"Deaths per 100,000 resident population, crude",Sex,Female,2013,5.7,
"Deaths per 100,000 resident population, crude",Sex,Female,2014,6.0,
"Deaths per 100,000 resident population, crude",Sex,Female,2015,6.2,
"Deaths per 100,000 resident population, crude",Sex,Female,2016,6.2,
"Deaths per 100,000 resident population, crude",Sex,Female,2017,6.3,
"Deaths per 100,000 resident population, crude",Sex,Female,2018,6.4,
"Deaths per 100,000 resident population, crude",Sex and age,Male: 10-14 years,1950,0.5,
"Deaths per 100,000 resident population, crude",Sex and age,Male: 10-14 years,1960,0.9,
"Deaths per 100,000 resident population, crude",Sex and age,Male: 10-14 years,1970,0.9,
"Deaths per 100,000 resident population, crude",Sex and age,Male: 10-14 years,1980,1.2,
"Deaths per 100,000 resident population, crude",Sex and age,Male: 10-14 years,1981,1.2,
"Deaths per 100,000 resident population, crude",Sex and age,Male: 10-14 years,1982,1.7,
"Deaths per 100,000 resident population, crude",Sex and age,Male: 10-14 years,1983,1.6,
"Deaths per 100,000 resident population, crude",Sex and age,Male: 10-14 years,1984,1.9,
"Deaths per 100,000 resident population, crude",Sex and age,Male: 10-14 years,1985,2.3,
"Deaths per 100,000 resident population, crude",Sex and age,Male: 10-14 years,1986,2.3,
"Deaths per 100,000 resident population, crude",Sex and age,Male: 10-14 years,1987,2.4,
"Deaths per 100,000 resident population, crude",Sex and age,Male: 10-14 years,1988,2.1,
"Deaths per 100,000 resident population, crude",Sex and age,Male: 10-14 years,1989,2.1,
"Deaths per 100,000 resident population, crude",Sex and age,Male: 10-14 years,1990,2.2,
"Deaths per 100,000 resident population, crude",Sex and age,Male: 10-14 years,1991,2.3,
"Deaths per 100,000 resident population, crude",Sex and age,Male: 10-14 years,1992,2.4,
"Deaths per 100,000 resident population, crude",Sex and age,Male: 10-14 years,1993,2.4,
"Deaths per 100,000 resident population, crude",Sex and age,Male: 10-14 years,1994,2.4,
"Deaths per 100,000 resident population, crude",Sex and age,Male: 10-14 years,1995,2.6,
"Deaths per 100,000 resident population, crude",Sex and age,Male: 10-14 years,1996,2.2,
"Deaths per 100,000 resident population, crude",Sex and age,Male: 10-14 years,1997,2.3,
"Deaths per 100,000 resident population, crude",Sex and age,Male: 10-14 years,1998,2.3,
"Deaths per 100,000 resident population, crude",Sex and age,Male: 10-14 years,1999,1.9,
"Deaths per 100,000 resident population, crude",Sex and age,Male: 10-14 years,2000,2.3,
"Deaths per 100,000 resident population, crude",Sex and age,Male: 10-14 years,2001,1.9,
"Deaths per 100,000 resident population, crude",Sex and age,Male: 10-14 years,2002,1.8,
"Deaths per 100,000 resident population, crude",Sex and age,Male: 10-14 years,2003,1.7,
"Deaths per 100,000 resident population, crude",Sex and age,Male: 10-14 years,2004,1.7,
"Deaths per 100,000 resident population, crude",Sex and age,Male: 10-14 years,2005,1.9,
"Deaths per 100,000 resident population, crude",Sex and age,Male: 10-14 years,2006,1.4,
"Deaths per 100,000 resident population, crude",Sex and age,Male: 10-14 years,2007,1.2,
"Deaths per 100,000 resident population, crude",Sex and age,Male: 10-14 years,2008,1.4,
"Deaths per 100,000 resident population, crude",Sex and age,Male: 10-14 years,2009,1.6,
"Deaths per 100,000 resident population, crude",Sex and age,Male: 10-14 years,2010,1.7,
"Deaths per 100,000 resident population, crude",Sex and age,Male: 10-14 years,2011,1.9,
"Deaths per 100,000 resident population, crude",Sex and age,Male: 10-14 years,2012,2.1,
"Deaths per 100,000 resident population, crude",Sex and age,Male: 10-14 years,2013,2.3,
"Deaths per 100,000 resident population, crude",Sex and age,Male: 10-14 years,2014,2.6,
"Deaths per 100,000 resident population, crude",Sex and age,Male: 10-14 years,2015,2.4,
"Deaths per 100,000 resident population, crude",Sex and age,Male: 10-14 years,2016,2.5,
"Deaths per 100,000 resident population, crude",Sex and age,Male: 10-14 years,2017,3.3,
"Deaths per 100,000 resident population, crude",Sex and age,Male: 10-14 years,2018,3.7,
"Deaths per 100,000 resident population, crude",Sex and age,Male: 15-24 years,1950,6.5,
"Deaths per 100,000 resident population, crude",Sex and age,Male: 15-24 years,1960,8.2,
"Deaths per 100,000 resident population, crude",Sex and age,Male: 15-24 years,1970,13.5,
"Deaths per 100,000 resident population, crude",Sex and age,Male: 15-24 years,1980,20.2,
"Deaths per 100,000 resident population, crude",Sex and age,Male: 15-24 years,1981,19.7,
"Deaths per 100,000 resident population, crude",Sex and age,Male: 15-24 years,1982,19.8,
"Deaths per 100,000 resident population, crude",Sex and age,Male: 15-24 years,1983,19.2,
"Deaths per 100,000 resident population, crude",Sex and age,Male: 15-24 years,1984,20.3,
"Deaths per 100,000 resident population, crude",Sex and age,Male: 15-24 years,1985,21.0,
"Deaths per 100,000 resident population, crude",Sex and age,Male: 15-24 years,1986,21.3,
"Deaths per 100,000 resident population, crude",Sex and age,Male: 15-24 years,1987,20.8,
"Deaths per 100,000 resident population, crude",Sex and age,Male: 15-24 years,1988,21.3,
"Deaths per 100,000 resident population, crude",Sex and age,Male: 15-24 years,1989,21.5,
"Deaths per 100,000 resident population, crude",Sex and age,Male: 15-24 years,1990,22.0,
"Deaths per 100,000 resident population, crude",Sex and age,Male: 15-24 years,1991,21.8,
"Deaths per 100,000 resident population, crude",Sex and age,Male: 15-24 years,1992,21.7,
"Deaths per 100,000 resident population, crude",Sex and age,Male: 15-24 years,1993,22.1,
"Deaths per 100,000 resident population, crude",Sex and age,Male: 15-24 years,1994,23.0,
"Deaths per 100,000 resident population, crude",Sex and age,Male: 15-24 years,1995,22.0,
"Deaths per 100,000 resident population, crude",Sex and age,Male: 15-24 years,1996,19.8,
"Deaths per 100,000 resident population, crude",Sex and age,Male: 15-24 years,1997,18.6,
"Deaths per 100,000 resident population, crude",Sex and age,Male: 15-24 years,1998,18.1,
"Deaths per 100,000 resident population, crude",Sex and age,Male: 15-24 years,1999,16.8,
"Deaths per 100,000 resident population, crude",Sex and age,Male: 15-24 years,2000,17.1,
"Deaths per 100,000 resident population, crude",Sex and age,Male: 15-24 years,2001,16.5,
"Deaths per 100,000 resident population, crude",Sex and age,Male: 15-24 years,2002,16.4,
"Deaths per 100,000 resident population, crude",Sex and age,Male: 15-24 years,2003,15.9,
"Deaths per 100,000 resident population, crude",Sex and age,Male: 15-24 years,2004,16.7,
"Deaths per 100,000 resident population, crude",Sex and age,Male: 15-24 years,2005,16.1,
"Deaths per 100,000 resident population, crude",Sex and age,Male: 15-24 years,2006,16.0,
"Deaths per 100,000 resident population, crude",Sex and age,Male: 15-24 years,2007,15.7,
"Deaths per 100,000 resident population, crude",Sex and age,Male: 15-24 years,2008,16.0,
"Deaths per 100,000 resident population, crude",Sex and age,Male: 15-24 years,2009,16.1,
"Deaths per 100,000 resident population, crude",Sex and age,Male: 15-24 years,2010,16.9,
"Deaths per 100,000 resident population, crude",Sex and age,Male: 15-24 years,2011,17.6,
"Deaths per 100,000 resident population, crude",Sex and age,Male: 15-24 years,2012,17.4,
"Deaths per 100,000 resident population, crude",Sex and age,Male: 15-24 years,2013,17.3,
"Deaths per 100,000 resident population, crude",Sex and age,Male: 15-24 years,2014,18.2,
"Deaths per 100,000 resident population, crude",Sex and age,Male: 15-24 years,2015,19.4,
"Deaths per 100,000 resident population, crude",Sex and age,Male: 15-24 years,2016,20.5,
"Deaths per 100,000 resident population, crude",Sex and age,Male: 15-24 years,2017,22.7,
"Deaths per 100,000 resident population, crude",Sex and age,Male: 15-24 years,2018,22.7,
"Deaths per 100,000 resident population, crude",Sex and age,Male: 15-19 years,1950,3.5,
"Deaths per 100,000 resident population, crude",Sex and age,Male: 15-19 years,1960,5.6,
"Deaths per 100,000 resident population, crude",Sex and age,Male: 15-19 years,1970,8.8,
"Deaths per 100,000 resident population, crude",Sex and age,Male: 15-19 years,1980,13.8,
"Deaths per 100,000 resident population, crude",Sex and age,Male: 15-19 years,1981,13.5,
"Deaths per 100,000 resident population, crude",Sex and age,Male: 15-19 years,1982,14.0,
"Deaths per 100,000 resident population, crude",Sex and age,Male: 15-19 years,1983,13.9,
"Deaths per 100,000 resident population, crude",Sex and age,Male: 15-19 years,1984,14.2,
"Deaths per 100,000 resident population, crude",Sex and age,Male: 15-19 years,1985,15.8,
"Deaths per 100,000 resident population, crude",Sex and age,Male: 15-19 years,1986,16.2,
"Deaths per 100,000 resident population, crude",Sex and age,Male: 15-19 years,1987,16.0,
"Deaths per 100,000 resident population, crude",Sex and age,Male: 15-19 years,1988,17.6,
"Deaths per 100,000 resident population, crude",Sex and age,Male: 15-19 years,1989,17.6,
"Deaths per 100,000 resident population, crude",Sex and age,Male: 15-19 years,1990,18.1,
"Deaths per 100,000 resident population, crude",Sex and age,Male: 15-19 years,1991,17.9,
"Deaths per 100,000 resident population, crude",Sex and age,Male: 15-19 years,1992,17.6,
"Deaths per 100,000 resident population, crude",Sex and age,Male: 15-19 years,1993,17.4,
"Deaths per 100,000 resident population, crude",Sex and age,Male: 15-19 years,1994,17.9,
"Deaths per 100,000 resident population, crude",Sex and age,Male: 15-19 years,1995,17.1,
"Deaths per 100,000 resident population, crude",Sex and age,Male: 15-19 years,1996,15.4,
"Deaths per 100,000 resident population, crude",Sex and age,Male: 15-19 years,1997,14.9,
"Deaths per 100,000 resident population, crude",Sex and age,Male: 15-19 years,1998,14.3,
"Deaths per 100,000 resident population, crude",Sex and age,Male: 15-19 years,1999,13.0,
"Deaths per 100,000 resident population, crude",Sex and age,Male: 15-19 years,2000,13.0,
"Deaths per 100,000 resident population, crude",Sex and age,Male: 15-19 years,2001,12.8,
"Deaths per 100,000 resident population, crude",Sex and age,Male: 15-19 years,2002,12.0,
"Deaths per 100,000 resident population, crude",Sex and age,Male: 15-19 years,2003,11.4,
"Deaths per 100,000 resident population, crude",Sex and age,Male: 15-19 years,2004,12.4,
"Deaths per 100,000 resident population, crude",Sex and age,Male: 15-19 years,2005,11.8,
"Deaths per 100,000 resident population, crude",Sex and age,Male: 15-19 years,2006,11.3,
"Deaths per 100,000 resident population, crude",Sex and age,Male: 15-19 years,2007,10.8,
"Deaths per 100,000 resident population, crude",Sex and age,Male: 15-19 years,2008,11.3,
"Deaths per 100,000 resident population, crude",Sex and age,Male: 15-19 years,2009,11.6,
"Deaths per 100,000 resident population, crude",Sex and age,Male: 15-19 years,2010,11.7,
"Deaths per 100,000 resident population, crude",Sex and age,Male: 15-19 years,2011,12.9,
"Deaths per 100,000 resident population, crude",Sex and age,Male: 15-19 years,2012,12.5,
"Deaths per 100,000 resident population, crude",Sex and age,Male: 15-19 years,2013,12.4,
"Deaths per 100,000 resident population, crude",Sex and age,Male: 15-19 years,2014,13.0,
"Deaths per 100,000 resident population, crude",Sex and age,Male: 15-19 years,2015,14.2,
"Deaths per 100,000 resident population, crude",Sex and age,Male: 15-19 years,2016,14.8,
"Deaths per 100,000 resident population, crude",Sex and age,Male: 15-19 years,2017,17.9,
"Deaths per 100,000 resident population, crude",Sex and age,Male: 15-19 years,2018,17.3,
"Deaths per 100,000 resident population, crude",Sex and age,Male: 20-24 years,1950,9.3,
"Deaths per 100,000 resident population, crude",Sex and age,Male: 20-24 years,1960,11.5,
"Deaths per 100,000 resident population, crude",Sex and age,Male: 20-24 years,1970,19.3,
"Deaths per 100,000 resident population, crude",Sex and age,Male: 20-24 years,1980,26.8,
"Deaths per 100,000 resident population, crude",Sex and age,Male: 20-24 years,1981,25.7,
"Deaths per 100,000 resident population, crude",Sex and age,Male: 20-24 years,1982,25.2,
"Deaths per 100,000 resident population, crude",Sex and age,Male: 20-24 years,1983,24.0,
"Deaths per 100,000 resident population, crude",Sex and age,Male: 20-24 years,1984,25.7,
"Deaths per 100,000 resident population, crude",Sex and age,Male: 20-24 years,1985,25.7,
"Deaths per 100,000 resident population, crude",Sex and age,Male: 20-24 years,1986,26.0,
"Deaths per 100,000 resident population, crude",Sex and age,Male: 20-24 years,1987,25.3,
"Deaths per 100,000 resident population, crude",Sex and age,Male: 20-24 years,1988,24.8,
"Deaths per 100,000 resident population, crude",Sex and age,Male: 20-24 years,1989,25.2,
"Deaths per 100,000 resident population, crude",Sex and age,Male: 20-24 years,1990,25.7,
"Deaths per 100,000 resident population, crude",Sex and age,Male: 20-24 years,1991,25.4,
"Deaths per 100,000 resident population, crude",Sex and age,Male: 20-24 years,1992,25.4,
"Deaths per 100,000 resident population, crude",Sex and age,Male: 20-24 years,1993,26.5,
"Deaths per 100,000 resident population, crude",Sex and age,Male: 20-24 years,1994,28.0,
"Deaths per 100,000 resident population, crude",Sex and age,Male: 20-24 years,1995,27.0,
"Deaths per 100,000 resident population, crude",Sex and age,Male: 20-24 years,1996,24.5,
"Deaths per 100,000 resident population, crude",Sex and age,Male: 20-24 years,1997,22.7,
"Deaths per 100,000 resident population, crude",Sex and age,Male: 20-24 years,1998,22.3,
"Deaths per 100,000 resident population, crude",Sex and age,Male: 20-24 years,1999,20.8,
"Deaths per 100,000 resident population, crude",Sex and age,Male: 20-24 years,2000,21.4,
"Deaths per 100,000 resident population, crude",Sex and age,Male: 20-24 years,2001,20.5,
"Deaths per 100,000 resident population, crude",Sex and age,Male: 20-24 years,2002,20.8,
"Deaths per 100,000 resident population, crude",Sex and age,Male: 20-24 years,2003,20.6,
"Deaths per 100,000 resident population, crude",Sex and age,Male: 20-24 years,2004,21.1,
"Deaths per 100,000 resident population, crude",Sex and age,Male: 20-24 years,2005,20.4,
"Deaths per 100,000 resident population, crude",Sex and age,Male: 20-24 years,2006,21.0,
"Deaths per 100,000 resident population, crude",Sex and age,Male: 20-24 years,2007,20.9,
"Deaths per 100,000 resident population, crude",Sex and age,Male: 20-24 years,2008,21.0,
"Deaths per 100,000 resident population, crude",Sex and age,Male: 20-24 years,2009,20.8,
"Deaths per 100,000 resident population, crude",Sex and age,Male: 20-24 years,2010,22.2,
"Deaths per 100,000 resident population, crude",Sex and age,Male: 20-24 years,2011,22.3,
"Deaths per 100,000 resident population, crude",Sex and age,Male: 20-24 years,2012,22.0,
"Deaths per 100,000 resident population, crude",Sex and age,Male: 20-24 years,2013,21.9,
"Deaths per 100,000 resident population, crude",Sex and age,Male: 20-24 years,2014,22.9,
"Deaths per 100,000 resident population, crude",Sex and age,Male: 20-24 years,2015,24.2,
"Deaths per 100,000 resident population, crude",Sex and age,Male: 20-24 years,2016,25.9,
"Deaths per 100,000 resident population, crude",Sex and age,Male: 20-24 years,2017,27.2,
"Deaths per 100,000 resident population, crude",Sex and age,Male: 20-24 years,2018,27.9,
"Deaths per 100,000 resident population, crude",Sex and age,Male: 25-44 years,1950,17.2,
"Deaths per 100,000 resident population, crude",Sex and age,Male: 25-44 years,1960,17.9,
"Deaths per 100,000 resident population, crude",Sex and age,Male: 25-44 years,1970,20.9,
"Deaths per 100,000 resident population, crude",Sex and age,Male: 25-44 years,1980,24.0,
"Deaths per 100,000 resident population, crude",Sex and age,Male: 25-44 years,1981,24.5,
"Deaths per 100,000 resident population, crude",Sex and age,Male: 25-44 years,1982,24.1,
"Deaths per 100,000 resident population, crude",Sex and age,Male: 25-44 years,1983,23.8,
"Deaths per 100,000 resident population, crude",Sex and age,Male: 25-44 years,1984,24.1,
"Deaths per 100,000 resident population, crude",Sex and age,Male: 25-44 years,1985,23.7,
"Deaths per 100,000 resident population, crude",Sex and age,Male: 25-44 years,1986,24.6,
"Deaths per 100,000 resident population, crude",Sex and age,Male: 25-44 years,1987,24.2,
"Deaths per 100,000 resident population, crude",Sex and age,Male: 25-44 years,1988,24.3,
"Deaths per 100,000 resident population, crude",Sex and age,Male: 25-44 years,1989,23.8,
"Deaths per 100,000 resident population, crude",Sex and age,Male: 25-44 years,1990,24.4,
"Deaths per 100,000 resident population, crude",Sex and age,Male: 25-44 years,1991,23.9,
"Deaths per 100,000 resident population, crude",Sex and age,Male: 25-44 years,1992,23.7,
"Deaths per 100,000 resident population, crude",Sex and age,Male: 25-44 years,1993,24.1,
"Deaths per 100,000 resident population, crude",Sex and age,Male: 25-44 years,1994,24.4,
"Deaths per 100,000 resident population, crude",Sex and age,Male: 25-44 years,1995,24.4,
"Deaths per 100,000 resident population, crude",Sex and age,Male: 25-44 years,1996,23.8,
"Deaths per 100,000 resident population, crude",Sex and age,Male: 25-44 years,1997,23.2,
"Deaths per 100,000 resident population, crude",Sex and age,Male: 25-44 years,1998,22.7,
"Deaths per 100,000 resident population, crude",Sex and age,Male: 25-44 years,1999,21.6,
"Deaths per 100,000 resident population, crude",Sex and age,Male: 25-44 years,2000,21.3,
"Deaths per 100,000 resident population, crude",Sex and age,Male: 25-44 years,2001,22.2,
"Deaths per 100,000 resident population, crude",Sex and age,Male: 25-44 years,2002,22.5,
"Deaths per 100,000 resident population, crude",Sex and age,Male: 25-44 years,2003,22.3,
"Deaths per 100,000 resident population, crude",Sex and age,Male: 25-44 years,2004,22.2,
"Deaths per 100,000 resident population, crude",Sex and age,Male: 25-44 years,2005,22.1,
"Deaths per 100,000 resident population, crude",Sex and age,Male: 25-44 years,2006,22.1,
"Deaths per 100,000 resident population, crude",Sex and age,Male: 25-44 years,2007,22.9,
"Deaths per 100,000 resident population, crude",Sex and age,Male: 25-44 years,2008,22.8,
"Deaths per 100,000 resident population, crude",Sex and age,Male: 25-44 years,2009,23.0,
"Deaths per 100,000 resident population, crude",Sex and age,Male: 25-44 years,2010,23.6,
"Deaths per 100,000 resident population, crude",Sex and age,Male: 25-44 years,2011,24.0,
"Deaths per 100,000 resident population, crude",Sex and age,Male: 25-44 years,2012,24.5,
"Deaths per 100,000 resident population, crude",Sex and age,Male: 25-44 years,2013,24.1,
"Deaths per 100,000 resident population, crude",Sex and age,Male: 25-44 years,2014,24.4,
"Deaths per 100,000 resident population, crude",Sex and age,Male: 25-44 years,2015,25.2,
"Deaths per 100,000 resident population, crude",Sex and age,Male: 25-44 years,2016,26.2,
"Deaths per 100,000 resident population, crude",Sex and age,Male: 25-44 years,2017,27.5,
"Deaths per 100,000 resident population, crude",Sex and age,Male: 25-44 years,2018,27.7,
"Deaths per 100,000 resident population, crude",Sex and age,Male: 25-34 years,1950,13.4,
"Deaths per 100,000 resident population, crude",Sex and age,Male: 25-34 years,1960,14.7,
"Deaths per 100,000 resident population, crude",Sex and age,Male: 25-34 years,1970,19.8,
"Deaths per 100,000 resident population, crude",Sex and age,Male: 25-34 years,1980,25.0,
"Deaths per 100,000 resident population, crude",Sex and age,Male: 25-34 years,1981,25.4,
"Deaths per 100,000 resident population, crude",Sex and age,Male: 25-34 years,1982,25.2,
"Deaths per 100,000 resident population, crude",Sex and age,Male: 25-34 years,1983,25.1,
"Deaths per 100,000 resident population, crude",Sex and age,Male: 25-34 years,1984,25.1,
"Deaths per 100,000 resident population, crude",Sex and age,Male: 25-34 years,1985,24.7,
"Deaths per 100,000 resident population, crude",Sex and age,Male: 25-34 years,1986,25.8,
"Deaths per 100,000 resident population, crude",Sex and age,Male: 25-34 years,1987,25.1,
"Deaths per 100,000 resident population, crude",Sex and age,Male: 25-34 years,1988,25.4,
"Deaths per 100,000 resident population, crude",Sex and age,Male: 25-34 years,1989,24.7,
"Deaths per 100,000 resident population, crude",Sex and age,Male: 25-34 years,1990,24.8,
"Deaths per 100,000 resident population, crude",Sex and age,Male: 25-34 years,1991,24.8,
"Deaths per 100,000 resident population, crude",Sex and age,Male: 25-34 years,1992,23.7,
"Deaths per 100,000 resident population, crude",Sex and age,Male: 25-34 years,1993,24.4,
"Deaths per 100,000 resident population, crude",Sex and age,Male: 25-34 years,1994,24.9,
"Deaths per 100,000 resident population, crude",Sex and age,Male: 25-34 years,1995,24.8,
"Deaths per 100,000 resident population, crude",Sex and age,Male: 25-34 years,1996,23.1,
"Deaths per 100,000 resident population, crude",Sex and age,Male: 25-34 years,1997,22.5,
"Deaths per 100,000 resident population, crude",Sex and age,Male: 25-34 years,1998,21.5,
"Deaths per 100,000 resident population, crude",Sex and age,Male: 25-34 years,1999,20.7,
"Deaths per 100,000 resident population, crude",Sex and age,Male: 25-34 years,2000,19.6,
"Deaths per 100,000 resident population, crude",Sex and age,Male: 25-34 years,2001,21.1,
"Deaths per 100,000 resident population, crude",Sex and age,Male: 25-34 years,2002,20.9,
"Deaths per 100,000 resident population, crude",Sex and age,Male: 25-34 years,2003,21.1,
"Deaths per 100,000 resident population, crude",Sex and age,Male: 25-34 years,2004,21.0,
"Deaths per 100,000 resident population, crude",Sex and age,Male: 25-34 years,2005,20.6,
"Deaths per 100,000 resident population, crude",Sex and age,Male: 25-34 years,2006,20.5,
"Deaths per 100,000 resident population, crude",Sex and age,Male: 25-34 years,2007,21.5,
"Deaths per 100,000 resident population, crude",Sex and age,Male: 25-34 years,2008,21.2,
"Deaths per 100,000 resident population, crude",Sex and age,Male: 25-34 years,2009,21.0,
"Deaths per 100,000 resident population, crude",Sex and age,Male: 25-34 years,2010,22.5,
"Deaths per 100,000 resident population, crude",Sex and age,Male: 25-34 years,2011,23.1,
"Deaths per 100,000 resident population, crude",Sex and age,Male: 25-34 years,2012,23.4,
"Deaths per 100,000 resident population, crude",Sex and age,Male: 25-34 years,2013,23.4,
"Deaths per 100,000 resident population, crude",Sex and age,Male: 25-34 years,2014,23.8,
"Deaths per 100,000 resident population, crude",Sex and age,Male: 25-34 years,2015,24.7,
"Deaths per 100,000 resident population, crude",Sex and age,Male: 25-34 years,2016,26.0,
"Deaths per 100,000 resident population, crude",Sex and age,Male: 25-34 years,2017,27.6,
"Deaths per 100,000 resident population, crude",Sex and age,Male: 25-34 years,2018,27.4,
"Deaths per 100,000 resident population, crude",Sex and age,Male: 35-44 years,1950,21.3,
"Deaths per 100,000 resident population, crude",Sex and age,Male: 35-44 years,1960,21.0,
"Deaths per 100,000 resident population, crude",Sex and age,Male: 35-44 years,1970,22.1,
"Deaths per 100,000 resident population, crude",Sex and age,Male: 35-44 years,1980,22.5,
"Deaths per 100,000 resident population, crude",Sex and age,Male: 35-44 years,1981,23.2,
"Deaths per 100,000 resident population, crude",Sex and age,Male: 35-44 years,1982,22.6,
"Deaths per 100,000 resident population, crude",Sex and age,Male: 35-44 years,1983,22.0,
"Deaths per 100,000 resident population, crude",Sex and age,Male: 35-44 years,1984,22.7,
"Deaths per 100,000 resident population, crude",Sex and age,Male: 35-44 years,1985,22.3,
"Deaths per 100,000 resident population, crude",Sex and age,Male: 35-44 years,1986,23.0,
"Deaths per 100,000 resident population, crude",Sex and age,Male: 35-44 years,1987,23.0,
"Deaths per 100,000 resident population, crude",Sex and age,Male: 35-44 years,1988,22.9,
"Deaths per 100,000 resident population, crude",Sex and age,Male: 35-44 years,1989,22.8,
"Deaths per 100,000 resident population, crude",Sex and age,Male: 35-44 years,1990,23.9,
"Deaths per 100,000 resident population, crude",Sex and age,Male: 35-44 years,1991,23.0,
"Deaths per 100,000 resident population, crude",Sex and age,Male: 35-44 years,1992,23.6,
"Deaths per 100,000 resident population, crude",Sex and age,Male: 35-44 years,1993,23.9,
"Deaths per 100,000 resident population, crude",Sex and age,Male: 35-44 years,1994,24.0,
"Deaths per 100,000 resident population, crude",Sex and age,Male: 35-44 years,1995,24.0,
"Deaths per 100,000 resident population, crude",Sex and age,Male: 35-44 years,1996,24.5,
"Deaths per 100,000 resident population, crude",Sex and age,Male: 35-44 years,1997,23.8,
"Deaths per 100,000 resident population, crude",Sex and age,Male: 35-44 years,1998,23.8,
"Deaths per 100,000 resident population, crude",Sex and age,Male: 35-44 years,1999,22.4,
"Deaths per 100,000 resident population, crude",Sex and age,Male: 35-44 years,2000,22.8,
"Deaths per 100,000 resident population, crude",Sex and age,Male: 35-44 years,2001,23.1,
"Deaths per 100,000 resident population, crude",Sex and age,Male: 35-44 years,2002,23.9,
"Deaths per 100,000 resident population, crude",Sex and age,Male: 35-44 years,2003,23.4,
"Deaths per 100,000 resident population, crude",Sex and age,Male: 35-44 years,2004,23.3,
"Deaths per 100,000 resident population, crude",Sex and age,Male: 35-44 years,2005,23.4,
"Deaths per 100,000 resident population, crude",Sex and age,Male: 35-44 years,2006,23.5,
"Deaths per 100,000 resident population, crude",Sex and age,Male: 35-44 years,2007,24.2,
"Deaths per 100,000 resident population, crude",Sex and age,Male: 35-44 years,2008,24.4,
"Deaths per 100,000 resident population, crude",Sex and age,Male: 35-44 years,2009,24.9,
"Deaths per 100,000 resident population, crude",Sex and age,Male: 35-44 years,2010,24.6,
"Deaths per 100,000 resident population, crude",Sex and age,Male: 35-44 years,2011,24.9,
"Deaths per 100,000 resident population, crude",Sex and age,Male: 35-44 years,2012,25.7,
"Deaths per 100,000 resident population, crude",Sex and age,Male: 35-44 years,2013,24.8,
"Deaths per 100,000 resident population, crude",Sex and age,Male: 35-44 years,2014,25.0,
"Deaths per 100,000 resident population, crude",Sex and age,Male: 35-44 years,2015,25.9,
"Deaths per 100,000 resident population, crude",Sex and age,Male: 35-44 years,2016,26.3,
"Deaths per 100,000 resident population, crude",Sex and age,Male: 35-44 years,2017,27.5,
"Deaths per 100,000 resident population, crude",Sex and age,Male: 35-44 years,2018,28.1,
"Deaths per 100,000 resident population, crude",Sex and age,Male: 45-64 years,1950,37.1,
"Deaths per 100,000 resident population, crude",Sex and age,Male: 45-64 years,1960,34.4,
"Deaths per 100,000 resident population, crude",Sex and age,Male: 45-64 years,1970,30.0,
"Deaths per 100,000 resident population, crude",Sex and age,Male: 45-64 years,1980,23.7,
"Deaths per 100,000 resident population, crude",Sex and age,Male: 45-64 years,1981,23.7,
"Deaths per 100,000 resident population, crude",Sex and age,Male: 45-64 years,1982,25.1,
"Deaths per 100,000 resident population, crude",Sex and age,Male: 45-64 years,1983,24.9,
"Deaths per 100,000 resident population, crude",Sex and age,Male: 45-64 years,1984,25.5,
"Deaths per 100,000 resident population, crude",Sex and age,Male: 45-64 years,1985,25.3,
"Deaths per 100,000 resident population, crude",Sex and age,Male: 45-64 years,1986,25.7,
"Deaths per 100,000 resident population, crude",Sex and age,Male: 45-64 years,1987,25.4,
"Deaths per 100,000 resident population, crude",Sex and age,Male: 45-64 years,1988,23.5,
"Deaths per 100,000 resident population, crude",Sex and age,Male: 45-64 years,1989,23.7,
"Deaths per 100,000 resident population, crude",Sex and age,Male: 45-64 years,1990,24.3,
"Deaths per 100,000 resident population, crude",Sex and age,Male: 45-64 years,1991,24.4,
"Deaths per 100,000 resident population, crude",Sex and age,Male: 45-64 years,1992,23.0,
"Deaths per 100,000 resident population, crude",Sex and age,Male: 45-64 years,1993,22.8,
"Deaths per 100,000 resident population, crude",Sex and age,Male: 45-64 years,1994,21.9,
"Deaths per 100,000 resident population, crude",Sex and age,Male: 45-64 years,1995,22.2,
"Deaths per 100,000 resident population, crude",Sex and age,Male: 45-64 years,1996,22.7,
"Deaths per 100,000 resident population, crude",Sex and age,Male: 45-64 years,1997,22.1,
"Deaths per 100,000 resident population, crude",Sex and age,Male: 45-64 years,1998,21.9,
"Deaths per 100,000 resident population, crude",Sex and age,Male: 45-64 years,1999,20.8,
"Deaths per 100,000 resident population, crude",Sex and age,Male: 45-64 years,2000,21.3,
"Deaths per 100,000 resident population, crude",Sex and age,Male: 45-64 years,2001,22.5,
"Deaths per 100,000 resident population, crude",Sex and age,Male: 45-64 years,2002,23.5,
"Deaths per 100,000 resident population, crude",Sex and age,Male: 45-64 years,2003,23.5,
"Deaths per 100,000 resident population, crude",Sex and age,Male: 45-64 years,2004,23.6,
"Deaths per 100,000 resident population, crude",Sex and age,Male: 45-64 years,2005,23.9,
"Deaths per 100,000 resident population, crude",Sex and age,Male: 45-64 years,2006,24.6,
"Deaths per 100,000 resident population, crude",Sex and age,Male: 45-64 years,2007,25.7,
"Deaths per 100,000 resident population, crude",Sex and age,Male: 45-64 years,2008,27.4,
"Deaths per 100,000 resident population, crude",Sex and age,Male: 45-64 years,2009,27.9,
"Deaths per 100,000 resident population, crude",Sex and age,Male: 45-64 years,2010,29.2,
"Deaths per 100,000 resident population, crude",Sex and age,Male: 45-64 years,2011,28.9,
"Deaths per 100,000 resident population, crude",Sex and age,Male: 45-64 years,2012,29.5,
"Deaths per 100,000 resident population, crude",Sex and age,Male: 45-64 years,2013,29.0,
"Deaths per 100,000 resident population, crude",Sex and age,Male: 45-64 years,2014,29.7,
"Deaths per 100,000 resident population, crude",Sex and age,Male: 45-64 years,2015,29.5,
"Deaths per 100,000 resident population, crude",Sex and age,Male: 45-64 years,2016,29.1,
"Deaths per 100,000 resident population, crude",Sex and age,Male: 45-64 years,2017,30.1,
"Deaths per 100,000 resident population, crude",Sex and age,Male: 45-64 years,2018,31.0,
"Deaths per 100,000 resident population, crude",Sex and age,Male: 45-54 years,1950,32.0,
"Deaths per 100,000 resident population, crude",Sex and age,Male: 45-54 years,1960,31.6,
"Deaths per 100,000 resident population, crude",Sex and age,Male: 45-54 years,1970,27.9,
"Deaths per 100,000 resident population, crude",Sex and age,Male: 45-54 years,1980,22.9,
"Deaths per 100,000 resident population, crude",Sex and age,Male: 45-54 years,1981,22.5,
"Deaths per 100,000 resident population, crude",Sex and age,Male: 45-54 years,1982,24.1,
"Deaths per 100,000 resident population, crude",Sex and age,Male: 45-54 years,1983,23.9,
"Deaths per 100,000 resident population, crude",Sex and age,Male: 45-54 years,1984,23.7,
"Deaths per 100,000 resident population, crude",Sex and age,Male: 45-54 years,1985,23.6,
"Deaths per 100,000 resident population, crude",Sex and age,Male: 45-54 years,1986,24.6,
"Deaths per 100,000 resident population, crude",Sex and age,Male: 45-54 years,1987,23.9,
"Deaths per 100,000 resident population, crude",Sex and age,Male: 45-54 years,1988,21.9,
"Deaths per 100,000 resident population, crude",Sex and age,Male: 45-54 years,1989,22.6,
"Deaths per 100,000 resident population, crude",Sex and age,Male: 45-54 years,1990,23.2,
"Deaths per 100,000 resident population, crude",Sex and age,Male: 45-54 years,1991,23.6,
"Deaths per 100,000 resident population, crude",Sex and age,Male: 45-54 years,1992,22.3,
"Deaths per 100,000 resident population, crude",Sex and age,Male: 45-54 years,1993,22.2,
"Deaths per 100,000 resident population, crude",Sex and age,Male: 45-54 years,1994,21.9,
"Deaths per 100,000 resident population, crude",Sex and age,Male: 45-54 years,1995,22.5,
"Deaths per 100,000 resident population, crude",Sex and age,Male: 45-54 years,1996,22.9,
"Deaths per 100,000 resident population, crude",Sex and age,Male: 45-54 years,1997,22.1,
"Deaths per 100,000 resident population, crude",Sex and age,Male: 45-54 years,1998,22.6,
"Deaths per 100,000 resident population, crude",Sex and age,Male: 45-54 years,1999,21.5,
"Deaths per 100,000 resident population, crude",Sex and age,Male: 45-54 years,2000,22.4,
"Deaths per 100,000 resident population, crude",Sex and age,Male: 45-54 years,2001,23.3,
"Deaths per 100,000 resident population, crude",Sex and age,Male: 45-54 years,2002,24.4,
"Deaths per 100,000 resident population, crude",Sex and age,Male: 45-54 years,2003,24.4,
"Deaths per 100,000 resident population, crude",Sex and age,Male: 45-54 years,2004,24.8,
"Deaths per 100,000 resident population, crude",Sex and age,Male: 45-54 years,2005,25.2,
"Deaths per 100,000 resident population, crude",Sex and age,Male: 45-54 years,2006,26.2,
"Deaths per 100,000 resident population, crude",Sex and age,Male: 45-54 years,2007,27.0,
"Deaths per 100,000 resident population, crude",Sex and age,Male: 45-54 years,2008,28.6,
"Deaths per 100,000 resident population, crude",Sex and age,Male: 45-54 years,2009,29.3,
"Deaths per 100,000 resident population, crude",Sex and age,Male: 45-54 years,2010,30.4,
"Deaths per 100,000 resident population, crude",Sex and age,Male: 45-54 years,2011,30.1,
"Deaths per 100,000 resident population, crude",Sex and age,Male: 45-54 years,2012,30.2,
"Deaths per 100,000 resident population, crude",Sex and age,Male: 45-54 years,2013,29.6,
"Deaths per 100,000 resident population, crude",Sex and age,Male: 45-54 years,2014,30.0,
"Deaths per 100,000 resident population, crude",Sex and age,Male: 45-54 years,2015,30.1,
"Deaths per 100,000 resident population, crude",Sex and age,Male: 45-54 years,2016,29.4,
"Deaths per 100,000 resident population, crude",Sex and age,Male: 45-54 years,2017,30.3,
"Deaths per 100,000 resident population, crude",Sex and age,Male: 45-54 years,2018,30.2,
"Deaths per 100,000 resident population, crude",Sex and age,Male: 55-64 years,1950,43.6,
"Deaths per 100,000 resident population, crude",Sex and age,Male: 55-64 years,1960,38.1,
"Deaths per 100,000 resident population, crude",Sex and age,Male: 55-64 years,1970,32.7,
"Deaths per 100,000 resident population, crude",Sex and age,Male: 55-64 years,1980,24.5,
"Deaths per 100,000 resident population, crude",Sex and age,Male: 55-64 years,1981,25.0,
"Deaths per 100,000 resident population, crude",Sex and age,Male: 55-64 years,1982,26.3,
"Deaths per 100,000 resident population, crude",Sex and age,Male: 55-64 years,1983,25.9,
"Deaths per 100,000 resident population, crude",Sex and age,Male: 55-64 years,1984,27.4,
"Deaths per 100,000 resident population, crude",Sex and age,Male: 55-64 years,1985,27.1,
"Deaths per 100,000 resident population, crude",Sex and age,Male: 55-64 years,1986,27.0,
"Deaths per 100,000 resident population, crude",Sex and age,Male: 55-64 years,1987,27.0,
"Deaths per 100,000 resident population, crude",Sex and age,Male: 55-64 years,1988,25.5,
"Deaths per 100,000 resident population, crude",Sex and age,Male: 55-64 years,1989,25.1,
"Deaths per 100,000 resident population, crude",Sex and age,Male: 55-64 years,1990,25.7,
"Deaths per 100,000 resident population, crude",Sex and age,Male: 55-64 years,1991,25.3,
"Deaths per 100,000 resident population, crude",Sex and age,Male: 55-64 years,1992,24.0,
"Deaths per 100,000 resident population, crude",Sex and age,Male: 55-64 years,1993,23.7,
"Deaths per 100,000 resident population, crude",Sex and age,Male: 55-64 years,1994,21.8,
"Deaths per 100,000 resident population, crude",Sex and age,Male: 55-64 years,1995,21.8,
"Deaths per 100,000 resident population, crude",Sex and age,Male: 55-64 years,1996,22.4,
"Deaths per 100,000 resident population, crude",Sex and age,Male: 55-64 years,1997,22.1,
"Deaths per 100,000 resident population, crude",Sex and age,Male: 55-64 years,1998,20.9,
"Deaths per 100,000 resident population, crude",Sex and age,Male: 55-64 years,1999,19.8,
"Deaths per 100,000 resident population, crude",Sex and age,Male: 55-64 years,2000,19.4,
"Deaths per 100,000 resident population, crude",Sex and age,Male: 55-64 years,2001,21.2,
"Deaths per 100,000 resident population, crude",Sex and age,Male: 55-64 years,2002,22.1,
"Deaths per 100,000 resident population, crude",Sex and age,Male: 55-64 years,2003,22.1,
"Deaths per 100,000 resident population, crude",Sex and age,Male: 55-64 years,2004,21.9,
"Deaths per 100,000 resident population, crude",Sex and age,Male: 55-64 years,2005,22.0,
"Deaths per 100,000 resident population, crude",Sex and age,Male: 55-64 years,2006,22.5,
"Deaths per 100,000 resident population, crude",Sex and age,Male: 55-64 years,2007,23.9,
"Deaths per 100,000 resident population, crude",Sex and age,Male: 55-64 years,2008,25.8,
"Deaths per 100,000 resident population, crude",Sex and age,Male: 55-64 years,2009,26.1,
"Deaths per 100,000 resident population, crude",Sex and age,Male: 55-64 years,2010,27.7,
"Deaths per 100,000 resident population, crude",Sex and age,Male: 55-64 years,2011,27.3,
"Deaths per 100,000 resident population, crude",Sex and age,Male: 55-64 years,2012,28.7,
"Deaths per 100,000 resident population, crude",Sex and age,Male: 55-64 years,2013,28.3,
"Deaths per 100,000 resident population, crude",Sex and age,Male: 55-64 years,2014,29.4,
"Deaths per 100,000 resident population, crude",Sex and age,Male: 55-64 years,2015,28.9,
"Deaths per 100,000 resident population, crude",Sex and age,Male: 55-64 years,2016,28.7,
"Deaths per 100,000 resident population, crude",Sex and age,Male: 55-64 years,2017,29.8,
"Deaths per 100,000 resident population, crude",Sex and age,Male: 55-64 years,2018,31.7,
"Deaths per 100,000 resident population, crude",Sex and age,Male: 65 years and over,1950,52.8,
"Deaths per 100,000 resident population, crude",Sex and age,Male: 65 years and over,1960,44.0,
"Deaths per 100,000 resident population, crude",Sex and age,Male: 65 years and over,1970,38.4,
"Deaths per 100,000 resident population, crude",Sex and age,Male: 65 years and over,1980,35.0,
"Deaths per 100,000 resident population, crude",Sex and age,Male: 65 years and over,1981,33.5,
"Deaths per 100,000 resident population, crude",Sex and age,Male: 65 years and over,1982,36.5,
"Deaths per 100,000 resident population, crude",Sex and age,Male: 65 years and over,1983,38.1,
"Deaths per 100,000 resident population, crude",Sex and age,Male: 65 years and over,1984,39.3,
"Deaths per 100,000 resident population, crude",Sex and age,Male: 65 years and over,1985,40.9,
"Deaths per 100,000 resident population, crude",Sex and age,Male: 65 years and over,1986,43.4,
"Deaths per 100,000 resident population, crude",Sex and age,Male: 65 years and over,1987,44.2,
"Deaths per 100,000 resident population, crude",Sex and age,Male: 65 years and over,1988,42.7,
"Deaths per 100,000 resident population, crude",Sex and age,Male: 65 years and over,1989,41.7,
"Deaths per 100,000 resident population, crude",Sex and age,Male: 65 years and over,1990,41.6,
"Deaths per 100,000 resident population, crude",Sex and age,Male: 65 years and over,1991,40.1,
"Deaths per 100,000 resident population, crude",Sex and age,Male: 65 years and over,1992,38.3,
"Deaths per 100,000 resident population, crude",Sex and age,Male: 65 years and over,1993,38.1,
"Deaths per 100,000 resident population, crude",Sex and age,Male: 65 years and over,1994,36.5,
"Deaths per 100,000 resident population, crude",Sex and age,Male: 65 years and over,1995,36.2,
"Deaths per 100,000 resident population, crude",Sex and age,Male: 65 years and over,1996,35.1,
"Deaths per 100,000 resident population, crude",Sex and age,Male: 65 years and over,1997,33.8,
"Deaths per 100,000 resident population, crude",Sex and age,Male: 65 years and over,1998,34.2,
"Deaths per 100,000 resident population, crude",Sex and age,Male: 65 years and over,1999,32.2,
"Deaths per 100,000 resident population, crude",Sex and age,Male: 65 years and over,2000,31.1,
"Deaths per 100,000 resident population, crude",Sex and age,Male: 65 years and over,2001,31.4,
"Deaths per 100,000 resident population, crude",Sex and age,Male: 65 years and over,2002,31.8,
"Deaths per 100,000 resident population, crude",Sex and age,Male: 65 years and over,2003,29.7,
"Deaths per 100,000 resident population, crude",Sex and age,Male: 65 years and over,2004,29.0,
"Deaths per 100,000 resident population, crude",Sex and age,Male: 65 years and over,2005,29.5,
"Deaths per 100,000 resident population, crude",Sex and age,Male: 65 years and over,2006,28.4,
"Deaths per 100,000 resident population, crude",Sex and age,Male: 65 years and over,2007,28.4,
"Deaths per 100,000 resident population, crude",Sex and age,Male: 65 years and over,2008,29.2,
"Deaths per 100,000 resident population, crude",Sex and age,Male: 65 years and over,2009,29.1,
"Deaths per 100,000 resident population, crude",Sex and age,Male: 65 years and over,2010,29.0,
"Deaths per 100,000 resident population, crude",Sex and age,Male: 65 years and over,2011,29.4,
"Deaths per 100,000 resident population, crude",Sex and age,Male: 65 years and over,2012,29.5,
"Deaths per 100,000 resident population, crude",Sex and age,Male: 65 years and over,2013,30.9,
"Deaths per 100,000 resident population, crude",Sex and age,Male: 65 years and over,2014,31.4,
"Deaths per 100,000 resident population, crude",Sex and age,Male: 65 years and over,2015,31.0,
"Deaths per 100,000 resident population, crude",Sex and age,Male: 65 years and over,2016,31.0,
"Deaths per 100,000 resident population, crude",Sex and age,Male: 65 years and over,2017,31.4,
"Deaths per 100,000 resident population, crude",Sex and age,Male: 65 years and over,2018,32.5,
"Deaths per 100,000 resident population, crude",Sex and age,Male: 65-74 years,1950,50.5,
"Deaths per 100,000 resident population, crude",Sex and age,Male: 65-74 years,1960,39.6,
"Deaths per 100,000 resident population, crude",Sex and age,Male: 65-74 years,1970,36.0,
"Deaths per 100,000 resident population, crude",Sex and age,Male: 65-74 years,1980,30.4,
"Deaths per 100,000 resident population, crude",Sex and age,Male: 65-74 years,1981,28.4,
"Deaths per 100,000 resident population, crude",Sex and age,Male: 65-74 years,1982,31.2,
"Deaths per 100,000 resident population, crude",Sex and age,Male: 65-74 years,1983,31.5,
"Deaths per 100,000 resident population, crude",Sex and age,Male: 65-74 years,1984,33.9,
"Deaths per 100,000 resident population, crude",Sex and age,Male: 65-74 years,1985,33.9,
"Deaths per 100,000 resident population, crude",Sex and age,Male: 65-74 years,1986,36.3,
"Deaths per 100,000 resident population, crude",Sex and age,Male: 65-74 years,1987,35.8,
"Deaths per 100,000 resident population, crude",Sex and age,Male: 65-74 years,1988,34.0,
"Deaths per 100,000 resident population, crude",Sex and age,Male: 65-74 years,1989,34.2,
"Deaths per 100,000 resident population, crude",Sex and age,Male: 65-74 years,1990,32.2,
"Deaths per 100,000 resident population, crude",Sex and age,Male: 65-74 years,1991,30.7,
"Deaths per 100,000 resident population, crude",Sex and age,Male: 65-74 years,1992,29.9,
"Deaths per 100,000 resident population, crude",Sex and age,Male: 65-74 years,1993,29.3,
"Deaths per 100,000 resident population, crude",Sex and age,Male: 65-74 years,1994,27.6,
"Deaths per 100,000 resident population, crude",Sex and age,Male: 65-74 years,1995,28.5,
"Deaths per 100,000 resident population, crude",Sex and age,Male: 65-74 years,1996,27.5,
"Deaths per 100,000 resident population, crude",Sex and age,Male: 65-74 years,1997,26.1,
"Deaths per 100,000 resident population, crude",Sex and age,Male: 65-74 years,1998,25.9,
"Deaths per 100,000 resident population, crude",Sex and age,Male: 65-74 years,1999,24.7,
"Deaths per 100,000 resident population, crude",Sex and age,Male: 65-74 years,2000,22.7,
"Deaths per 100,000 resident population, crude",Sex and age,Male: 65-74 years,2001,24.5,
"Deaths per 100,000 resident population, crude",Sex and age,Male: 65-74 years,2002,24.5,
"Deaths per 100,000 resident population, crude",Sex and age,Male: 65-74 years,2003,23.1,
"Deaths per 100,000 resident population, crude",Sex and age,Male: 65-74 years,2004,22.2,
"Deaths per 100,000 resident population, crude",Sex and age,Male: 65-74 years,2005,22.3,
"Deaths per 100,000 resident population, crude",Sex and age,Male: 65-74 years,2006,22.2,
"Deaths per 100,000 resident population, crude",Sex and age,Male: 65-74 years,2007,22.0,
"Deaths per 100,000 resident population, crude",Sex and age,Male: 65-74 years,2008,24.3,
"Deaths per 100,000 resident population, crude",Sex and age,Male: 65-74 years,2009,24.3,
"Deaths per 100,000 resident population, crude",Sex and age,Male: 65-74 years,2010,23.9,
"Deaths per 100,000 resident population, crude",Sex and age,Male: 65-74 years,2011,24.4,
"Deaths per 100,000 resident population, crude",Sex and age,Male: 65-74 years,2012,24.1,
"Deaths per 100,000 resident population, crude",Sex and age,Male: 65-74 years,2013,26.0,
"Deaths per 100,000 resident population, crude",Sex and age,Male: 65-74 years,2014,26.6,
"Deaths per 100,000 resident population, crude",Sex and age,Male: 65-74 years,2015,26.2,
"Deaths per 100,000 resident population, crude",Sex and age,Male: 65-74 years,2016,25.9,
"Deaths per 100,000 resident population, crude",Sex and age,Male: 65-74 years,2017,26.2,
"Deaths per 100,000 resident population, crude",Sex and age,Male: 65-74 years,2018,27.8,
"Deaths per 100,000 resident population, crude",Sex and age,Male: 75-84 years,1950,58.3,
"Deaths per 100,000 resident population, crude",Sex and age,Male: 75-84 years,1960,52.5,
"Deaths per 100,000 resident population, crude",Sex and age,Male: 75-84 years,1970,42.8,
"Deaths per 100,000 resident population, crude",Sex and age,Male: 75-84 years,1980,42.3,
"Deaths per 100,000 resident population, crude",Sex and age,Male: 75-84 years,1981,41.4,
"Deaths per 100,000 resident population, crude",Sex and age,Male: 75-84 years,1982,45.3,
"Deaths per 100,000 resident population, crude",Sex and age,Male: 75-84 years,1983,49.2,
"Deaths per 100,000 resident population, crude",Sex and age,Male: 75-84 years,1984,48.5,
"Deaths per 100,000 resident population, crude",Sex and age,Male: 75-84 years,1985,53.1,
"Deaths per 100,000 resident population, crude",Sex and age,Male: 75-84 years,1986,54.9,
"Deaths per 100,000 resident population, crude",Sex and age,Male: 75-84 years,1987,57.2,
"Deaths per 100,000 resident population, crude",Sex and age,Male: 75-84 years,1988,57.3,
"Deaths per 100,000 resident population, crude",Sex and age,Male: 75-84 years,1989,51.5,
"Deaths per 100,000 resident population, crude",Sex and age,Male: 75-84 years,1990,56.1,
"Deaths per 100,000 resident population, crude",Sex and age,Male: 75-84 years,1991,53.0,
"Deaths per 100,000 resident population, crude",Sex and age,Male: 75-84 years,1992,50.1,
"Deaths per 100,000 resident population, crude",Sex and age,Male: 75-84 years,1993,49.0,
"Deaths per 100,000 resident population, crude",Sex and age,Male: 75-84 years,1994,47.1,
"Deaths per 100,000 resident population, crude",Sex and age,Male: 75-84 years,1995,44.9,
"Deaths per 100,000 resident population, crude",Sex and age,Male: 75-84 years,1996,43.5,
"Deaths per 100,000 resident population, crude",Sex and age,Male: 75-84 years,1997,41.1,
"Deaths per 100,000 resident population, crude",Sex and age,Male: 75-84 years,1998,42.5,
"Deaths per 100,000 resident population, crude",Sex and age,Male: 75-84 years,1999,38.8,
"Deaths per 100,000 resident population, crude",Sex and age,Male: 75-84 years,2000,38.6,
"Deaths per 100,000 resident population, crude",Sex and age,Male: 75-84 years,2001,37.7,
"Deaths per 100,000 resident population, crude",Sex and age,Male: 75-84 years,2002,38.0,
"Deaths per 100,000 resident population, crude",Sex and age,Male: 75-84 years,2003,34.9,
"Deaths per 100,000 resident population, crude",Sex and age,Male: 75-84 years,2004,34.6,
"Deaths per 100,000 resident population, crude",Sex and age,Male: 75-84 years,2005,35.5,
"Deaths per 100,000 resident population, crude",Sex and age,Male: 75-84 years,2006,32.9,
"Deaths per 100,000 resident population, crude",Sex and age,Male: 75-84 years,2007,33.8,
"Deaths per 100,000 resident population, crude",Sex and age,Male: 75-84 years,2008,33.5,
"Deaths per 100,000 resident population, crude",Sex and age,Male: 75-84 years,2009,32.9,
"Deaths per 100,000 resident population, crude",Sex and age,Male: 75-84 years,2010,32.3,
"Deaths per 100,000 resident population, crude",Sex and age,Male: 75-84 years,2011,33.8,
"Deaths per 100,000 resident population, crude",Sex and age,Male: 75-84 years,2012,34.2,
"Deaths per 100,000 resident population, crude",Sex and age,Male: 75-84 years,2013,34.7,
"Deaths per 100,000 resident population, crude",Sex and age,Male: 75-84 years,2014,34.9,
"Deaths per 100,000 resident population, crude",Sex and age,Male: 75-84 years,2015,35.2,
"Deaths per 100,000 resident population, crude",Sex and age,Male: 75-84 years,2016,36.0,
"Deaths per 100,000 resident population, crude",Sex and age,Male: 75-84 years,2017,35.8,
"Deaths per 100,000 resident population, crude",Sex and age,Male: 75-84 years,2018,37.4,
"Deaths per 100,000 resident population, crude",Sex and age,Male: 85 years and over,1950,58.3,
"Deaths per 100,000 resident population, crude",Sex and age,Male: 85 years and over,1960,57.4,
"Deaths per 100,000 resident population, crude",Sex and age,Male: 85 years and over,1970,42.4,
"Deaths per 100,000 resident population, crude",Sex and age,Male: 85 years and over,1980,50.6,
"Deaths per 100,000 resident population, crude",Sex and age,Male: 85 years and over,1981,50.5,
"Deaths per 100,000 resident population, crude",Sex and age,Male: 85 years and over,1982,50.6,
"Deaths per 100,000 resident population, crude",Sex and age,Male: 85 years and over,1983,54.2,
"Deaths per 100,000 resident population, crude",Sex and age,Male: 85 years and over,1984,52.2,
"Deaths per 100,000 resident population, crude",Sex and age,Male: 85 years and over,1985,56.2,
"Deaths per 100,000 resident population, crude",Sex and age,Male: 85 years and over,1986,62.1,
"Deaths per 100,000 resident population, crude",Sex and age,Male: 85 years and over,1987,67.5,
"Deaths per 100,000 resident population, crude",Sex and age,Male: 85 years and over,1988,61.5,
"Deaths per 100,000 resident population, crude",Sex and age,Male: 85 years and over,1989,68.2,
"Deaths per 100,000 resident population, crude",Sex and age,Male: 85 years and over,1990,65.9,
"Deaths per 100,000 resident population, crude",Sex and age,Male: 85 years and over,1991,69.5,
"Deaths per 100,000 resident population, crude",Sex and age,Male: 85 years and over,1992,62.4,
"Deaths per 100,000 resident population, crude",Sex and age,Male: 85 years and over,1993,67.9,
"Deaths per 100,000 resident population, crude",Sex and age,Male: 85 years and over,1994,66.2,
"Deaths per 100,000 resident population, crude",Sex and age,Male: 85 years and over,1995,62.7,
"Deaths per 100,000 resident population, crude",Sex and age,Male: 85 years and over,1996,60.5,
"Deaths per 100,000 resident population, crude",Sex and age,Male: 85 years and over,1997,61.0,
"Deaths per 100,000 resident population, crude",Sex and age,Male: 85 years and over,1998,59.8,
"Deaths per 100,000 resident population, crude",Sex and age,Male: 85 years and over,1999,57.1,
"Deaths per 100,000 resident population, crude",Sex and age,Male: 85 years and over,2000,57.5,
"Deaths per 100,000 resident population, crude",Sex and age,Male: 85 years and over,2001,52.7,
"Deaths per 100,000 resident population, crude",Sex and age,Male: 85 years and over,2002,54.5,
"Deaths per 100,000 resident population, crude",Sex and age,Male: 85 years and over,2003,51.6,
"Deaths per 100,000 resident population, crude",Sex and age,Male: 85 years and over,2004,49.2,
"Deaths per 100,000 resident population, crude",Sex and age,Male: 85 years and over,2005,49.9,
"Deaths per 100,000 resident population, crude",Sex and age,Male: 85 years and over,2006,48.0,
"Deaths per 100,000 resident population, crude",Sex and age,Male: 85 years and over,2007,46.6,
"Deaths per 100,000 resident population, crude",Sex and age,Male: 85 years and over,2008,43.0,
"Deaths per 100,000 resident population, crude",Sex and age,Male: 85 years and over,2009,44.0,
"Deaths per 100,000 resident population, crude",Sex and age,Male: 85 years and over,2010,47.3,
"Deaths per 100,000 resident population, crude",Sex and age,Male: 85 years and over,2011,44.1,
"Deaths per 100,000 resident population, crude",Sex and age,Male: 85 years and over,2012,46.9,
"Deaths per 100,000 resident population, crude",Sex and age,Male: 85 years and over,2013,48.5,
"Deaths per 100,000 resident population, crude",Sex and age,Male: 85 years and over,2014,49.9,
"Deaths per 100,000 resident population, crude",Sex and age,Male: 85 years and over,2015,48.2,
"Deaths per 100,000 resident population, crude",Sex and age,Male: 85 years and over,2016,48.0,
"Deaths per 100,000 resident population, crude",Sex and age,Male: 85 years and over,2017,50.6,
"Deaths per 100,000 resident population, crude",Sex and age,Male: 85 years and over,2018,47.2,
"Deaths per 100,000 resident population, crude",Sex and age,Female: 10-14 years,1950,,*
"Deaths per 100,000 resident population, crude",Sex and age,Female: 10-14 years,1960,,*
"Deaths per 100,000 resident population, crude",Sex and age,Female: 10-14 years,1970,0.3,
"Deaths per 100,000 resident population, crude",Sex and age,Female: 10-14 years,1980,0.3,
"Deaths per 100,000 resident population, crude",Sex and age,Female: 10-14 years,1981,0.5,
"Deaths per 100,000 resident population, crude",Sex and age,Female: 10-14 years,1982,0.4,
"Deaths per 100,000 resident population, crude",Sex and age,Female: 10-14 years,1983,0.6,
"Deaths per 100,000 resident population, crude",Sex and age,Female: 10-14 years,1984,0.6,
"Deaths per 100,000 resident population, crude",Sex and age,Female: 10-14 years,1985,0.9,
"Deaths per 100,000 resident population, crude",Sex and age,Female: 10-14 years,1986,0.7,
"Deaths per 100,000 resident population, crude",Sex and age,Female: 10-14 years,1987,0.7,
"Deaths per 100,000 resident population, crude",Sex and age,Female: 10-14 years,1988,0.8,
"Deaths per 100,000 resident population, crude",Sex and age,Female: 10-14 years,1989,0.7,
"Deaths per 100,000 resident population, crude",Sex and age,Female: 10-14 years,1990,0.8,
"Deaths per 100,000 resident population, crude",Sex and age,Female: 10-14 years,1991,0.7,
"Deaths per 100,000 resident population, crude",Sex and age,Female: 10-14 years,1992,0.9,
"Deaths per 100,000 resident population, crude",Sex and age,Female: 10-14 years,1993,0.9,
"Deaths per 100,000 resident population, crude",Sex and age,Female: 10-14 years,1994,0.9,
"Deaths per 100,000 resident population, crude",Sex and age,Female: 10-14 years,1995,0.8,
"Deaths per 100,000 resident population, crude",Sex and age,Female: 10-14 years,1996,0.8,
"Deaths per 100,000 resident population, crude",Sex and age,Female: 10-14 years,1997,0.8,
"Deaths per 100,000 resident population, crude",Sex and age,Female: 10-14 years,1998,0.9,
"Deaths per 100,000 resident population, crude",Sex and age,Female: 10-14 years,1999,0.5,
"Deaths per 100,000 resident population, crude",Sex and age,Female: 10-14 years,2000,0.6,
"Deaths per 100,000 resident population, crude",Sex and age,Female: 10-14 years,2001,0.6,
"Deaths per 100,000 resident population, crude",Sex and age,Female: 10-14 years,2002,0.6,
"Deaths per 100,000 resident population, crude",Sex and age,Female: 10-14 years,2003,0.5,
"Deaths per 100,000 resident population, crude",Sex and age,Female: 10-14 years,2004,0.9,
"Deaths per 100,000 resident population, crude",Sex and age,Female: 10-14 years,2005,0.7,
"Deaths per 100,000 resident population, crude",Sex and age,Female: 10-14 years,2006,0.6,
"Deaths per 100,000 resident population, crude",Sex and age,Female: 10-14 years,2007,0.5,
"Deaths per 100,000 resident population, crude",Sex and age,Female: 10-14 years,2008,0.7,
"Deaths per 100,000 resident population, crude",Sex and age,Female: 10-14 years,2009,0.9,
"Deaths per 100,000 resident population, crude",Sex and age,Female: 10-14 years,2010,0.9,
"Deaths per 100,000 resident population, crude",Sex and age,Female: 10-14 years,2011,0.8,
"Deaths per 100,000 resident population, crude",Sex and age,Female: 10-14 years,2012,0.8,
"Deaths per 100,000 resident population, crude",Sex and age,Female: 10-14 years,2013,1.4,
"Deaths per 100,000 resident population, crude",Sex and age,Female: 10-14 years,2014,1.5,
"Deaths per 100,000 resident population, crude",Sex and age,Female: 10-14 years,2015,1.6,
"Deaths per 100,000 resident population, crude",Sex and age,Female: 10-14 years,2016,1.7,
"Deaths per 100,000 resident population, crude",Sex and age,Female: 10-14 years,2017,1.7,
"Deaths per 100,000 resident population, crude",Sex and age,Female: 10-14 years,2018,2.0,
"Deaths per 100,000 resident population, crude",Sex and age,Female: 15-24 years,1950,2.6,
"Deaths per 100,000 resident population, crude",Sex and age,Female: 15-24 years,1960,2.2,
"Deaths per 100,000 resident population, crude",Sex and age,Female: 15-24 years,1970,4.2,
"Deaths per 100,000 resident population, crude",Sex and age,Female: 15-24 years,1980,4.3,
"Deaths per 100,000 resident population, crude",Sex and age,Female: 15-24 years,1981,4.6,
"Deaths per 100,000 resident population, crude",Sex and age,Female: 15-24 years,1982,4.2,
"Deaths per 100,000 resident population, crude",Sex and age,Female: 15-24 years,1983,4.3,
"Deaths per 100,000 resident population, crude",Sex and age,Female: 15-24 years,1984,4.4,
"Deaths per 100,000 resident population, crude",Sex and age,Female: 15-24 years,1985,4.3,
"Deaths per 100,000 resident population, crude",Sex and age,Female: 15-24 years,1986,4.3,
"Deaths per 100,000 resident population, crude",Sex and age,Female: 15-24 years,1987,4.3,
"Deaths per 100,000 resident population, crude",Sex and age,Female: 15-24 years,1988,4.2,
"Deaths per 100,000 resident population, crude",Sex and age,Female: 15-24 years,1989,4.2,
"Deaths per 100,000 resident population, crude",Sex and age,Female: 15-24 years,1990,3.9,
"Deaths per 100,000 resident population, crude",Sex and age,Female: 15-24 years,1991,3.8,
"Deaths per 100,000 resident population, crude",Sex and age,Female: 15-24 years,1992,3.6,
"Deaths per 100,000 resident population, crude",Sex and age,Female: 15-24 years,1993,4.1,
"Deaths per 100,000 resident population, crude",Sex and age,Female: 15-24 years,1994,3.7,
"Deaths per 100,000 resident population, crude",Sex and age,Female: 15-24 years,1995,3.6,
"Deaths per 100,000 resident population, crude",Sex and age,Female: 15-24 years,1996,3.5,
"Deaths per 100,000 resident population, crude",Sex and age,Female: 15-24 years,1997,3.4,
"Deaths per 100,000 resident population, crude",Sex and age,Female: 15-24 years,1998,3.3,
"Deaths per 100,000 resident population, crude",Sex and age,Female: 15-24 years,1999,3.0,
"Deaths per 100,000 resident population, crude",Sex and age,Female: 15-24 years,2000,3.0,
"Deaths per 100,000 resident population, crude",Sex and age,Female: 15-24 years,2001,2.9,
"Deaths per 100,000 resident population, crude",Sex and age,Female: 15-24 years,2002,2.9,
"Deaths per 100,000 resident population, crude",Sex and age,Female: 15-24 years,2003,3.0,
"Deaths per 100,000 resident population, crude",Sex and age,Female: 15-24 years,2004,3.5,
"Deaths per 100,000 resident population, crude",Sex and age,Female: 15-24 years,2005,3.5,
"Deaths per 100,000 resident population, crude",Sex and age,Female: 15-24 years,2006,3.2,
"Deaths per 100,000 resident population, crude",Sex and age,Female: 15-24 years,2007,3.1,
"Deaths per 100,000 resident population, crude",Sex and age,Female: 15-24 years,2008,3.5,
"Deaths per 100,000 resident population, crude",Sex and age,Female: 15-24 years,2009,3.6,
"Deaths per 100,000 resident population, crude",Sex and age,Female: 15-24 years,2010,3.9,
"Deaths per 100,000 resident population, crude",Sex and age,Female: 15-24 years,2011,4.0,
"Deaths per 100,000 resident population, crude",Sex and age,Female: 15-24 years,2012,4.5,
"Deaths per 100,000 resident population, crude",Sex and age,Female: 15-24 years,2013,4.5,
"Deaths per 100,000 resident population, crude",Sex and age,Female: 15-24 years,2014,4.6,
"Deaths per 100,000 resident population, crude",Sex and age,Female: 15-24 years,2015,5.3,
"Deaths per 100,000 resident population, crude",Sex and age,Female: 15-24 years,2016,5.4,
"Deaths per 100,000 resident population, crude",Sex and age,Female: 15-24 years,2017,5.8,
"Deaths per 100,000 resident population, crude",Sex and age,Female: 15-24 years,2018,5.8,
"Deaths per 100,000 resident population, crude",Sex and age,Female: 15-19 years,1950,1.8,
"Deaths per 100,000 resident population, crude",Sex and age,Female: 15-19 years,1960,1.6,
"Deaths per 100,000 resident population, crude",Sex and age,Female: 15-19 years,1970,2.9,
"Deaths per 100,000 resident population, crude",Sex and age,Female: 15-19 years,1980,3.0,
"Deaths per 100,000 resident population, crude",Sex and age,Female: 15-19 years,1981,3.5,
"Deaths per 100,000 resident population, crude",Sex and age,Female: 15-19 years,1982,3.1,
"Deaths per 100,000 resident population, crude",Sex and age,Female: 15-19 years,1983,3.2,
"Deaths per 100,000 resident population, crude",Sex and age,Female: 15-19 years,1984,3.5,
"Deaths per 100,000 resident population, crude",Sex and age,Female: 15-19 years,1985,3.7,
"Deaths per 100,000 resident population, crude",Sex and age,Female: 15-19 years,1986,3.7,
"Deaths per 100,000 resident population, crude",Sex and age,Female: 15-19 years,1987,4.1,
"Deaths per 100,000 resident population, crude",Sex and age,Female: 15-19 years,1988,4.3,
"Deaths per 100,000 resident population, crude",Sex and age,Female: 15-19 years,1989,4.2,
"Deaths per 100,000 resident population, crude",Sex and age,Female: 15-19 years,1990,3.7,
"Deaths per 100,000 resident population, crude",Sex and age,Female: 15-19 years,1991,3.7,
"Deaths per 100,000 resident population, crude",Sex and age,Female: 15-19 years,1992,3.4,
"Deaths per 100,000 resident population, crude",Sex and age,Female: 15-19 years,1993,3.8,
"Deaths per 100,000 resident population, crude",Sex and age,Female: 15-19 years,1994,3.4,
"Deaths per 100,000 resident population, crude",Sex and age,Female: 15-19 years,1995,3.1,
"Deaths per 100,000 resident population, crude",Sex and age,Female: 15-19 years,1996,3.5,
"Deaths per 100,000 resident population, crude",Sex and age,Female: 15-19 years,1997,3.3,
"Deaths per 100,000 resident population, crude",Sex and age,Female: 15-19 years,1998,2.8,
"Deaths per 100,000 resident population, crude",Sex and age,Female: 15-19 years,1999,2.7,
"Deaths per 100,000 resident population, crude",Sex and age,Female: 15-19 years,2000,2.7,
"Deaths per 100,000 resident population, crude",Sex and age,Female: 15-19 years,2001,2.7,
"Deaths per 100,000 resident population, crude",Sex and age,Female: 15-19 years,2002,2.3,
"Deaths per 100,000 resident population, crude",Sex and age,Female: 15-19 years,2003,2.6,
"Deaths per 100,000 resident population, crude",Sex and age,Female: 15-19 years,2004,3.5,
"Deaths per 100,000 resident population, crude",Sex and age,Female: 15-19 years,2005,3.0,
"Deaths per 100,000 resident population, crude",Sex and age,Female: 15-19 years,2006,2.8,
"Deaths per 100,000 resident population, crude",Sex and age,Female: 15-19 years,2007,2.4,
"Deaths per 100,000 resident population, crude",Sex and age,Female: 15-19 years,2008,3.0,
"Deaths per 100,000 resident population, crude",Sex and age,Female: 15-19 years,2009,3.2,
"Deaths per 100,000 resident population, crude",Sex and age,Female: 15-19 years,2010,3.1,
"Deaths per 100,000 resident population, crude",Sex and age,Female: 15-19 years,2011,3.5,
"Deaths per 100,000 resident population, crude",Sex and age,Female: 15-19 years,2012,3.9,
"Deaths per 100,000 resident population, crude",Sex and age,Female: 15-19 years,2013,3.9,
"Deaths per 100,000 resident population, crude",Sex and age,Female: 15-19 years,2014,4.2,
"Deaths per 100,000 resident population, crude",Sex and age,Female: 15-19 years,2015,5.1,
"Deaths per 100,000 resident population, crude",Sex and age,Female: 15-19 years,2016,5.0,
"Deaths per 100,000 resident population, crude",Sex and age,Female: 15-19 years,2017,5.4,
"Deaths per 100,000 resident population, crude",Sex and age,Female: 15-19 years,2018,5.2,
"Deaths per 100,000 resident population, crude",Sex and age,Female: 20-24 years,1950,3.3,
"Deaths per 100,000 resident population, crude",Sex and age,Female: 20-24 years,1960,2.9,
"Deaths per 100,000 resident population, crude",Sex and age,Female: 20-24 years,1970,5.7,
"Deaths per 100,000 resident population, crude",Sex and age,Female: 20-24 years,1980,5.5,
"Deaths per 100,000 resident population, crude",Sex and age,Female: 20-24 years,1981,5.6,
"Deaths per 100,000 resident population, crude",Sex and age,Female: 20-24 years,1982,5.1,
"Deaths per 100,000 resident population, crude",Sex and age,Female: 20-24 years,1983,5.2,
"Deaths per 100,000 resident population, crude",Sex and age,Female: 20-24 years,1984,5.1,
"Deaths per 100,000 resident population, crude",Sex and age,Female: 20-24 years,1985,4.9,
"Deaths per 100,000 resident population, crude",Sex and age,Female: 20-24 years,1986,4.9,
"Deaths per 100,000 resident population, crude",Sex and age,Female: 20-24 years,1987,4.4,
"Deaths per 100,000 resident population, crude",Sex and age,Female: 20-24 years,1988,4.1,
"Deaths per 100,000 resident population, crude",Sex and age,Female: 20-24 years,1989,4.1,
"Deaths per 100,000 resident population, crude",Sex and age,Female: 20-24 years,1990,4.1,
"Deaths per 100,000 resident population, crude",Sex and age,Female: 20-24 years,1991,3.9,
"Deaths per 100,000 resident population, crude",Sex and age,Female: 20-24 years,1992,3.8,
"Deaths per 100,000 resident population, crude",Sex and age,Female: 20-24 years,1993,4.4,
"Deaths per 100,000 resident population, crude",Sex and age,Female: 20-24 years,1994,3.9,
"Deaths per 100,000 resident population, crude",Sex and age,Female: 20-24 years,1995,4.2,
"Deaths per 100,000 resident population, crude",Sex and age,Female: 20-24 years,1996,3.6,
"Deaths per 100,000 resident population, crude",Sex and age,Female: 20-24 years,1997,3.6,
"Deaths per 100,000 resident population, crude",Sex and age,Female: 20-24 years,1998,3.7,
"Deaths per 100,000 resident population, crude",Sex and age,Female: 20-24 years,1999,3.4,
"Deaths per 100,000 resident population, crude",Sex and age,Female: 20-24 years,2000,3.2,
"Deaths per 100,000 resident population, crude",Sex and age,Female: 20-24 years,2001,3.1,
"Deaths per 100,000 resident population, crude",Sex and age,Female: 20-24 years,2002,3.5,
"Deaths per 100,000 resident population, crude",Sex and age,Female: 20-24 years,2003,3.4,
"Deaths per 100,000 resident population, crude",Sex and age,Female: 20-24 years,2004,3.6,
"Deaths per 100,000 resident population, crude",Sex and age,Female: 20-24 years,2005,4.0,
"Deaths per 100,000 resident population, crude",Sex and age,Female: 20-24 years,2006,3.6,
"Deaths per 100,000 resident population, crude",Sex and age,Female: 20-24 years,2007,3.9,
"Deaths per 100,000 resident population, crude",Sex and age,Female: 20-24 years,2008,4.0,
"Deaths per 100,000 resident population, crude",Sex and age,Female: 20-24 years,2009,4.1,
"Deaths per 100,000 resident population, crude",Sex and age,Female: 20-24 years,2010,4.7,
"Deaths per 100,000 resident population, crude",Sex and age,Female: 20-24 years,2011,4.5,
"Deaths per 100,000 resident population, crude",Sex and age,Female: 20-24 years,2012,4.9,
"Deaths per 100,000 resident population, crude",Sex and age,Female: 20-24 years,2013,5.2,
"Deaths per 100,000 resident population, crude",Sex and age,Female: 20-24 years,2014,5.0,
"Deaths per 100,000 resident population, crude",Sex and age,Female: 20-24 years,2015,5.5,
"Deaths per 100,000 resident population, crude",Sex and age,Female: 20-24 years,2016,5.8,
"Deaths per 100,000 resident population, crude",Sex and age,Female: 20-24 years,2017,6.2,
"Deaths per 100,000 resident population, crude",Sex and age,Female: 20-24 years,2018,6.4,
"Deaths per 100,000 resident population, crude",Sex and age,Female: 25-44 years,1950,6.2,
"Deaths per 100,000 resident population, crude",Sex and age,Female: 25-44 years,1960,6.6,
"Deaths per 100,000 resident population, crude",Sex and age,Female: 25-44 years,1970,10.2,
"Deaths per 100,000 resident population, crude",Sex and age,Female: 25-44 years,1980,7.7,
"Deaths per 100,000 resident population, crude",Sex and age,Female: 25-44 years,1981,8.0,
"Deaths per 100,000 resident population, crude",Sex and age,Female: 25-44 years,1982,7.6,
"Deaths per 100,000 resident population, crude",Sex and age,Female: 25-44 years,1983,7.0,
"Deaths per 100,000 resident population, crude",Sex and age,Female: 25-44 years,1984,6.8,
"Deaths per 100,000 resident population, crude",Sex and age,Female: 25-44 years,1985,6.5,
"Deaths per 100,000 resident population, crude",Sex and age,Female: 25-44 years,1986,6.7,
"Deaths per 100,000 resident population, crude",Sex and age,Female: 25-44 years,1987,6.5,
"Deaths per 100,000 resident population, crude",Sex and age,Female: 25-44 years,1988,6.3,
"Deaths per 100,000 resident population, crude",Sex and age,Female: 25-44 years,1989,6.1,
"Deaths per 100,000 resident population, crude",Sex and age,Female: 25-44 years,1990,6.2,
"Deaths per 100,000 resident population, crude",Sex and age,Female: 25-44 years,1991,5.9,
"Deaths per 100,000 resident population, crude",Sex and age,Female: 25-44 years,1992,5.8,
"Deaths per 100,000 resident population, crude",Sex and age,Female: 25-44 years,1993,5.8,
"Deaths per 100,000 resident population, crude",Sex and age,Female: 25-44 years,1994,5.8,
"Deaths per 100,000 resident population, crude",Sex and age,Female: 25-44 years,1995,5.8,
"Deaths per 100,000 resident population, crude",Sex and age,Female: 25-44 years,1996,5.7,
"Deaths per 100,000 resident population, crude",Sex and age,Female: 25-44 years,1997,5.8,
"Deaths per 100,000 resident population, crude",Sex and age,Female: 25-44 years,1998,5.8,
"Deaths per 100,000 resident population, crude",Sex and age,Female: 25-44 years,1999,5.5,
"Deaths per 100,000 resident population, crude",Sex and age,Female: 25-44 years,2000,5.4,
"Deaths per 100,000 resident population, crude",Sex and age,Female: 25-44 years,2001,5.5,
"Deaths per 100,000 resident population, crude",Sex and age,Female: 25-44 years,2002,5.9,
"Deaths per 100,000 resident population, crude",Sex and age,Female: 25-44 years,2003,5.7,
"Deaths per 100,000 resident population, crude",Sex and age,Female: 25-44 years,2004,6.0,
"Deaths per 100,000 resident population, crude",Sex and age,Female: 25-44 years,2005,5.8,
"Deaths per 100,000 resident population, crude",Sex and age,Female: 25-44 years,2006,5.9,
"Deaths per 100,000 resident population, crude",Sex and age,Female: 25-44 years,2007,6.2,
"Deaths per 100,000 resident population, crude",Sex and age,Female: 25-44 years,2008,6.3,
"Deaths per 100,000 resident population, crude",Sex and age,Female: 25-44 years,2009,6.2,
"Deaths per 100,000 resident population, crude",Sex and age,Female: 25-44 years,2010,6.4,
"Deaths per 100,000 resident population, crude",Sex and age,Female: 25-44 years,2011,6.8,
"Deaths per 100,000 resident population, crude",Sex and age,Female: 25-44 years,2012,6.8,
"Deaths per 100,000 resident population, crude",Sex and age,Female: 25-44 years,2013,6.8,
"Deaths per 100,000 resident population, crude",Sex and age,Female: 25-44 years,2014,7.2,
"Deaths per 100,000 resident population, crude",Sex and age,Female: 25-44 years,2015,7.5,
"Deaths per 100,000 resident population, crude",Sex and age,Female: 25-44 years,2016,7.6,
"Deaths per 100,000 resident population, crude",Sex and age,Female: 25-44 years,2017,7.8,
"Deaths per 100,000 resident population, crude",Sex and age,Female: 25-44 years,2018,7.9,
"Deaths per 100,000 resident population, crude",Sex and age,Female: 25-34 years,1950,4.9,
"Deaths per 100,000 resident population, crude",Sex and age,Female: 25-34 years,1960,5.5,
"Deaths per 100,000 resident population, crude",Sex and age,Female: 25-34 years,1970,8.6,
"Deaths per 100,000 resident population, crude",Sex and age,Female: 25-34 years,1980,7.1,
"Deaths per 100,000 resident population, crude",Sex and age,Female: 25-34 years,1981,7.3,
"Deaths per 100,000 resident population, crude",Sex and age,Female: 25-34 years,1982,6.9,
"Deaths per 100,000 resident population, crude",Sex and age,Female: 25-34 years,1983,6.5,
"Deaths per 100,000 resident population, crude",Sex and age,Female: 25-34 years,1984,6.2,
"Deaths per 100,000 resident population, crude",Sex and age,Female: 25-34 years,1985,5.9,
"Deaths per 100,000 resident population, crude",Sex and age,Female: 25-34 years,1986,5.9,
"Deaths per 100,000 resident population, crude",Sex and age,Female: 25-34 years,1987,6.0,
"Deaths per 100,000 resident population, crude",Sex and age,Female: 25-34 years,1988,5.8,
"Deaths per 100,000 resident population, crude",Sex and age,Female: 25-34 years,1989,5.7,
"Deaths per 100,000 resident population, crude",Sex and age,Female: 25-34 years,1990,5.6,
"Deaths per 100,000 resident population, crude",Sex and age,Female: 25-34 years,1991,5.3,
"Deaths per 100,000 resident population, crude",Sex and age,Female: 25-34 years,1992,5.0,
"Deaths per 100,000 resident population, crude",Sex and age,Female: 25-34 years,1993,5.1,
"Deaths per 100,000 resident population, crude",Sex and age,Female: 25-34 years,1994,5.0,
"Deaths per 100,000 resident population, crude",Sex and age,Female: 25-34 years,1995,5.1,
"Deaths per 100,000 resident population, crude",Sex and age,Female: 25-34 years,1996,4.9,
"Deaths per 100,000 resident population, crude",Sex and age,Female: 25-34 years,1997,4.8,
"Deaths per 100,000 resident population, crude",Sex and age,Female: 25-34 years,1998,4.7,
"Deaths per 100,000 resident population, crude",Sex and age,Female: 25-34 years,1999,4.6,
"Deaths per 100,000 resident population, crude",Sex and age,Female: 25-34 years,2000,4.3,
"Deaths per 100,000 resident population, crude",Sex and age,Female: 25-34 years,2001,4.5,
"Deaths per 100,000 resident population, crude",Sex and age,Female: 25-34 years,2002,4.7,
"Deaths per 100,000 resident population, crude",Sex and age,Female: 25-34 years,2003,4.7,
"Deaths per 100,000 resident population, crude",Sex and age,Female: 25-34 years,2004,4.8,
"Deaths per 100,000 resident population, crude",Sex and age,Female: 25-34 years,2005,4.7,
"Deaths per 100,000 resident population, crude",Sex and age,Female: 25-34 years,2006,4.7,
"Deaths per 100,000 resident population, crude",Sex and age,Female: 25-34 years,2007,5.0,
"Deaths per 100,000 resident population, crude",Sex and age,Female: 25-34 years,2008,5.1,
"Deaths per 100,000 resident population, crude",Sex and age,Female: 25-34 years,2009,5.1,
"Deaths per 100,000 resident population, crude",Sex and age,Female: 25-34 years,2010,5.3,
"Deaths per 100,000 resident population, crude",Sex and age,Female: 25-34 years,2011,6.0,
"Deaths per 100,000 resident population, crude",Sex and age,Female: 25-34 years,2012,5.9,
"Deaths per 100,000 resident population, crude",Sex and age,Female: 25-34 years,2013,6.1,
"Deaths per 100,000 resident population, crude",Sex and age,Female: 25-34 years,2014,6.3,
"Deaths per 100,000 resident population, crude",Sex and age,Female: 25-34 years,2015,6.6,
"Deaths per 100,000 resident population, crude",Sex and age,Female: 25-34 years,2016,6.7,
"Deaths per 100,000 resident population, crude",Sex and age,Female: 25-34 years,2017,7.2,
"Deaths per 100,000 resident population, crude",Sex and age,Female: 25-34 years,2018,7.4,
"Deaths per 100,000 resident population, crude",Sex and age,Female: 35-44 years,1950,7.5,
"Deaths per 100,000 resident population, crude",Sex and age,Female: 35-44 years,1960,7.7,
"Deaths per 100,000 resident population, crude",Sex and age,Female: 35-44 years,1970,11.9,
"Deaths per 100,000 resident population, crude",Sex and age,Female: 35-44 years,1980,8.5,
"Deaths per 100,000 resident population, crude",Sex and age,Female: 35-44 years,1981,8.9,
"Deaths per 100,000 resident population, crude",Sex and age,Female: 35-44 years,1982,8.5,
"Deaths per 100,000 resident population, crude",Sex and age,Female: 35-44 years,1983,7.6,
"Deaths per 100,000 resident population, crude",Sex and age,Female: 35-44 years,1984,7.7,
"Deaths per 100,000 resident population, crude",Sex and age,Female: 35-44 years,1985,7.1,
"Deaths per 100,000 resident population, crude",Sex and age,Female: 35-44 years,1986,7.6,
"Deaths per 100,000 resident population, crude",Sex and age,Female: 35-44 years,1987,7.2,
"Deaths per 100,000 resident population, crude",Sex and age,Female: 35-44 years,1988,6.9,
"Deaths per 100,000 resident population, crude",Sex and age,Female: 35-44 years,1989,6.7,
"Deaths per 100,000 resident population, crude",Sex and age,Female: 35-44 years,1990,6.8,
"Deaths per 100,000 resident population, crude",Sex and age,Female: 35-44 years,1991,6.5,
"Deaths per 100,000 resident population, crude",Sex and age,Female: 35-44 years,1992,6.6,
"Deaths per 100,000 resident population, crude",Sex and age,Female: 35-44 years,1993,6.4,
"Deaths per 100,000 resident population, crude",Sex and age,Female: 35-44 years,1994,6.7,
"Deaths per 100,000 resident population, crude",Sex and age,Female: 35-44 years,1995,6.4,
"Deaths per 100,000 resident population, crude",Sex and age,Female: 35-44 years,1996,6.6,
"Deaths per 100,000 resident population, crude",Sex and age,Female: 35-44 years,1997,6.8,
"Deaths per 100,000 resident population, crude",Sex and age,Female: 35-44 years,1998,6.8,
"Deaths per 100,000 resident population, crude",Sex and age,Female: 35-44 years,1999,6.4,
"Deaths per 100,000 resident population, crude",Sex and age,Female: 35-44 years,2000,6.4,
"Deaths per 100,000 resident population, crude",Sex and age,Female: 35-44 years,2001,6.4,
"Deaths per 100,000 resident population, crude",Sex and age,Female: 35-44 years,2002,6.9,
"Deaths per 100,000 resident population, crude",Sex and age,Female: 35-44 years,2003,6.6,
"Deaths per 100,000 resident population, crude",Sex and age,Female: 35-44 years,2004,7.1,
"Deaths per 100,000 resident population, crude",Sex and age,Female: 35-44 years,2005,6.8,
"Deaths per 100,000 resident population, crude",Sex and age,Female: 35-44 years,2006,7.0,
"Deaths per 100,000 resident population, crude",Sex and age,Female: 35-44 years,2007,7.3,
"Deaths per 100,000 resident population, crude",Sex and age,Female: 35-44 years,2008,7.4,
"Deaths per 100,000 resident population, crude",Sex and age,Female: 35-44 years,2009,7.4,
"Deaths per 100,000 resident population, crude",Sex and age,Female: 35-44 years,2010,7.5,
"Deaths per 100,000 resident population, crude",Sex and age,Female: 35-44 years,2011,7.6,
"Deaths per 100,000 resident population, crude",Sex and age,Female: 35-44 years,2012,7.7,
"Deaths per 100,000 resident population, crude",Sex and age,Female: 35-44 years,2013,7.6,
"Deaths per 100,000 resident population, crude",Sex and age,Female: 35-44 years,2014,8.2,
"Deaths per 100,000 resident population, crude",Sex and age,Female: 35-44 years,2015,8.4,
"Deaths per 100,000 resident population, crude",Sex and age,Female: 35-44 years,2016,8.5,
"Deaths per 100,000 resident population, crude",Sex and age,Female: 35-44 years,2017,8.5,
"Deaths per 100,000 resident population, crude",Sex and age,Female: 35-44 years,2018,8.4,
"Deaths per 100,000 resident population, crude",Sex and age,Female: 45-64 years,1950,9.9,
"Deaths per 100,000 resident population, crude",Sex and age,Female: 45-64 years,1960,10.2,
"Deaths per 100,000 resident population, crude",Sex and age,Female: 45-64 years,1970,12.0,
"Deaths per 100,000 resident population, crude",Sex and age,Female: 45-64 years,1980,8.9,
"Deaths per 100,000 resident population, crude",Sex and age,Female: 45-64 years,1981,9.4,
"Deaths per 100,000 resident population, crude",Sex and age,Female: 45-64 years,1982,9.1,
"Deaths per 100,000 resident population, crude",Sex and age,Female: 45-64 years,1983,8.7,
"Deaths per 100,000 resident population, crude",Sex and age,Female: 45-64 years,1984,8.9,
"Deaths per 100,000 resident population, crude",Sex and age,Female: 45-64 years,1985,8.0,
"Deaths per 100,000 resident population, crude",Sex and age,Female: 45-64 years,1986,8.7,
"Deaths per 100,000 resident population, crude",Sex and age,Female: 45-64 years,1987,8.2,
"Deaths per 100,000 resident population, crude",Sex and age,Female: 45-64 years,1988,7.6,
"Deaths per 100,000 resident population, crude",Sex and age,Female: 45-64 years,1989,7.4,
"Deaths per 100,000 resident population, crude",Sex and age,Female: 45-64 years,1990,7.1,
"Deaths per 100,000 resident population, crude",Sex and age,Female: 45-64 years,1991,7.1,
"Deaths per 100,000 resident population, crude",Sex and age,Female: 45-64 years,1992,6.9,
"Deaths per 100,000 resident population, crude",Sex and age,Female: 45-64 years,1993,6.7,
"Deaths per 100,000 resident population, crude",Sex and age,Female: 45-64 years,1994,6.3,
"Deaths per 100,000 resident population, crude",Sex and age,Female: 45-64 years,1995,6.1,
"Deaths per 100,000 resident population, crude",Sex and age,Female: 45-64 years,1996,6.3,
"Deaths per 100,000 resident population, crude",Sex and age,Female: 45-64 years,1997,6.4,
"Deaths per 100,000 resident population, crude",Sex and age,Female: 45-64 years,1998,6.3,
"Deaths per 100,000 resident population, crude",Sex and age,Female: 45-64 years,1999,6.0,
"Deaths per 100,000 resident population, crude",Sex and age,Female: 45-64 years,2000,6.2,
"Deaths per 100,000 resident population, crude",Sex and age,Female: 45-64 years,2001,6.6,
"Deaths per 100,000 resident population, crude",Sex and age,Female: 45-64 years,2002,6.7,
"Deaths per 100,000 resident population, crude",Sex and age,Female: 45-64 years,2003,6.9,
"Deaths per 100,000 resident population, crude",Sex and age,Female: 45-64 years,2004,7.6,
"Deaths per 100,000 resident population, crude",Sex and age,Female: 45-64 years,2005,7.2,
"Deaths per 100,000 resident population, crude",Sex and age,Female: 45-64 years,2006,7.7,
"Deaths per 100,000 resident population, crude",Sex and age,Female: 45-64 years,2007,8.1,
"Deaths per 100,000 resident population, crude",Sex and age,Female: 45-64 years,2008,8.1,
"Deaths per 100,000 resident population, crude",Sex and age,Female: 45-64 years,2009,8.5,
"Deaths per 100,000 resident population, crude",Sex and age,Female: 45-64 years,2010,8.6,
"Deaths per 100,000 resident population, crude",Sex and age,Female: 45-64 years,2011,8.8,
"Deaths per 100,000 resident population, crude",Sex and age,Female: 45-64 years,2012,9.1,
"Deaths per 100,000 resident population, crude",Sex and age,Female: 45-64 years,2013,9.4,
"Deaths per 100,000 resident population, crude",Sex and age,Female: 45-64 years,2014,9.8,
"Deaths per 100,000 resident population, crude",Sex and age,Female: 45-64 years,2015,10.2,
"Deaths per 100,000 resident population, crude",Sex and age,Female: 45-64 years,2016,9.9,
"Deaths per 100,000 resident population, crude",Sex and age,Female: 45-64 years,2017,9.7,
"Deaths per 100,000 resident population, crude",Sex and age,Female: 45-64 years,2018,9.8,
"Deaths per 100,000 resident population, crude",Sex and age,Female: 45-54 years,1950,9.9,
"Deaths per 100,000 resident population, crude",Sex and age,Female: 45-54 years,1960,10.2,
"Deaths per 100,000 resident population, crude",Sex and age,Female: 45-54 years,1970,12.6,
"Deaths per 100,000 resident population, crude",Sex and age,Female: 45-54 years,1980,9.4,
"Deaths per 100,000 resident population, crude",Sex and age,Female: 45-54 years,1981,10.1,
"Deaths per 100,000 resident population, crude",Sex and age,Female: 45-54 years,1982,9.5,
"Deaths per 100,000 resident population, crude",Sex and age,Female: 45-54 years,1983,9.0,
"Deaths per 100,000 resident population, crude",Sex and age,Female: 45-54 years,1984,9.3,
"Deaths per 100,000 resident population, crude",Sex and age,Female: 45-54 years,1985,8.3,
"Deaths per 100,000 resident population, crude",Sex and age,Female: 45-54 years,1986,8.8,
"Deaths per 100,000 resident population, crude",Sex and age,Female: 45-54 years,1987,8.6,
"Deaths per 100,000 resident population, crude",Sex and age,Female: 45-54 years,1988,8.0,
"Deaths per 100,000 resident population, crude",Sex and age,Female: 45-54 years,1989,7.4,
"Deaths per 100,000 resident population, crude",Sex and age,Female: 45-54 years,1990,6.9,
"Deaths per 100,000 resident population, crude",Sex and age,Female: 45-54 years,1991,7.6,
"Deaths per 100,000 resident population, crude",Sex and age,Female: 45-54 years,1992,7.2,
"Deaths per 100,000 resident population, crude",Sex and age,Female: 45-54 years,1993,7.0,
"Deaths per 100,000 resident population, crude",Sex and age,Female: 45-54 years,1994,6.9,
"Deaths per 100,000 resident population, crude",Sex and age,Female: 45-54 years,1995,6.6,
"Deaths per 100,000 resident population, crude",Sex and age,Female: 45-54 years,1996,6.9,
"Deaths per 100,000 resident population, crude",Sex and age,Female: 45-54 years,1997,7.2,
"Deaths per 100,000 resident population, crude",Sex and age,Female: 45-54 years,1998,6.9,
"Deaths per 100,000 resident population, crude",Sex and age,Female: 45-54 years,1999,6.6,
"Deaths per 100,000 resident population, crude",Sex and age,Female: 45-54 years,2000,6.7,
"Deaths per 100,000 resident population, crude",Sex and age,Female: 45-54 years,2001,7.2,
"Deaths per 100,000 resident population, crude",Sex and age,Female: 45-54 years,2002,7.4,
"Deaths per 100,000 resident population, crude",Sex and age,Female: 45-54 years,2003,7.7,
"Deaths per 100,000 resident population, crude",Sex and age,Female: 45-54 years,2004,8.6,
"Deaths per 100,000 resident population, crude",Sex and age,Female: 45-54 years,2005,8.0,
"Deaths per 100,000 resident population, crude",Sex and age,Female: 45-54 years,2006,8.4,
"Deaths per 100,000 resident population, crude",Sex and age,Female: 45-54 years,2007,8.7,
"Deaths per 100,000 resident population, crude",Sex and age,Female: 45-54 years,2008,9.0,
"Deaths per 100,000 resident population, crude",Sex and age,Female: 45-54 years,2009,9.3,
"Deaths per 100,000 resident population, crude",Sex and age,Female: 45-54 years,2010,9.0,
"Deaths per 100,000 resident population, crude",Sex and age,Female: 45-54 years,2011,9.8,
"Deaths per 100,000 resident population, crude",Sex and age,Female: 45-54 years,2012,10.2,
"Deaths per 100,000 resident population, crude",Sex and age,Female: 45-54 years,2013,10.0,
"Deaths per 100,000 resident population, crude",Sex and age,Female: 45-54 years,2014,10.7,
"Deaths per 100,000 resident population, crude",Sex and age,Female: 45-54 years,2015,10.7,
"Deaths per 100,000 resident population, crude",Sex and age,Female: 45-54 years,2016,10.3,
"Deaths per 100,000 resident population, crude",Sex and age,Female: 45-54 years,2017,10.4,
"Deaths per 100,000 resident population, crude",Sex and age,Female: 45-54 years,2018,10.2,
"Deaths per 100,000 resident population, crude",Sex and age,Female: 55-64 years,1950,9.9,
"Deaths per 100,000 resident population, crude",Sex and age,Female: 55-64 years,1960,10.2,
"Deaths per 100,000 resident population, crude",Sex and age,Female: 55-64 years,1970,11.4,
"Deaths per 100,000 resident population, crude",Sex and age,Female: 55-64 years,1980,8.4,
"Deaths per 100,000 resident population, crude",Sex and age,Female: 55-64 years,1981,8.8,
"Deaths per 100,000 resident population, crude",Sex and age,Female: 55-64 years,1982,8.8,
"Deaths per 100,000 resident population, crude",Sex and age,Female: 55-64 years,1983,8.4,
"Deaths per 100,000 resident population, crude",Sex and age,Female: 55-64 years,1984,8.5,
"Deaths per 100,000 resident population, crude",Sex and age,Female: 55-64 years,1985,7.8,
"Deaths per 100,000 resident population, crude",Sex and age,Female: 55-64 years,1986,8.5,
"Deaths per 100,000 resident population, crude",Sex and age,Female: 55-64 years,1987,7.7,
"Deaths per 100,000 resident population, crude",Sex and age,Female: 55-64 years,1988,7.3,
"Deaths per 100,000 resident population, crude",Sex and age,Female: 55-64 years,1989,7.4,
"Deaths per 100,000 resident population, crude",Sex and age,Female: 55-64 years,1990,7.3,
"Deaths per 100,000 resident population, crude",Sex and age,Female: 55-64 years,1991,6.5,
"Deaths per 100,000 resident population, crude",Sex and age,Female: 55-64 years,1992,6.5,
"Deaths per 100,000 resident population, crude",Sex and age,Female: 55-64 years,1993,6.2,
"Deaths per 100,000 resident population, crude",Sex and age,Female: 55-64 years,1994,5.5,
"Deaths per 100,000 resident population, crude",Sex and age,Female: 55-64 years,1995,5.3,
"Deaths per 100,000 resident population, crude",Sex and age,Female: 55-64 years,1996,5.5,
"Deaths per 100,000 resident population, crude",Sex and age,Female: 55-64 years,1997,5.3,
"Deaths per 100,000 resident population, crude",Sex and age,Female: 55-64 years,1998,5.5,
"Deaths per 100,000 resident population, crude",Sex and age,Female: 55-64 years,1999,5.2,
"Deaths per 100,000 resident population, crude",Sex and age,Female: 55-64 years,2000,5.4,
"Deaths per 100,000 resident population, crude",Sex and age,Female: 55-64 years,2001,5.8,
"Deaths per 100,000 resident population, crude",Sex and age,Female: 55-64 years,2002,5.6,
"Deaths per 100,000 resident population, crude",Sex and age,Female: 55-64 years,2003,5.9,
"Deaths per 100,000 resident population, crude",Sex and age,Female: 55-64 years,2004,6.1,
"Deaths per 100,000 resident population, crude",Sex and age,Female: 55-64 years,2005,6.0,
"Deaths per 100,000 resident population, crude",Sex and age,Female: 55-64 years,2006,6.8,
"Deaths per 100,000 resident population, crude",Sex and age,Female: 55-64 years,2007,7.2,
"Deaths per 100,000 resident population, crude",Sex and age,Female: 55-64 years,2008,6.9,
"Deaths per 100,000 resident population, crude",Sex and age,Female: 55-64 years,2009,7.4,
"Deaths per 100,000 resident population, crude",Sex and age,Female: 55-64 years,2010,8.0,
"Deaths per 100,000 resident population, crude",Sex and age,Female: 55-64 years,2011,7.6,
"Deaths per 100,000 resident population, crude",Sex and age,Female: 55-64 years,2012,8.0,
"Deaths per 100,000 resident population, crude",Sex and age,Female: 55-64 years,2013,8.7,
"Deaths per 100,000 resident population, crude",Sex and age,Female: 55-64 years,2014,8.9,
"Deaths per 100,000 resident population, crude",Sex and age,Female: 55-64 years,2015,9.7,
"Deaths per 100,000 resident population, crude",Sex and age,Female: 55-64 years,2016,9.4,
"Deaths per 100,000 resident population, crude",Sex and age,Female: 55-64 years,2017,8.9,
"Deaths per 100,000 resident population, crude",Sex and age,Female: 55-64 years,2018,9.5,
"Deaths per 100,000 resident population, crude",Sex and age,Female: 65 years and over,1950,9.4,
"Deaths per 100,000 resident population, crude",Sex and age,Female: 65 years and over,1960,8.4,
"Deaths per 100,000 resident population, crude",Sex and age,Female: 65 years and over,1970,8.1,
"Deaths per 100,000 resident population, crude",Sex and age,Female: 65 years and over,1980,6.1,
"Deaths per 100,000 resident population, crude",Sex and age,Female: 65 years and over,1981,6.0,
"Deaths per 100,000 resident population, crude",Sex and age,Female: 65 years and over,1982,6.2,
"Deaths per 100,000 resident population, crude",Sex and age,Female: 65 years and over,1983,6.7,
"Deaths per 100,000 resident population, crude",Sex and age,Female: 65 years and over,1984,6.7,
"Deaths per 100,000 resident population, crude",Sex and age,Female: 65 years and over,1985,6.6,
"Deaths per 100,000 resident population, crude",Sex and age,Female: 65 years and over,1986,7.0,
"Deaths per 100,000 resident population, crude",Sex and age,Female: 65 years and over,1987,6.8,
"Deaths per 100,000 resident population, crude",Sex and age,Female: 65 years and over,1988,6.6,
"Deaths per 100,000 resident population, crude",Sex and age,Female: 65 years and over,1989,5.9,
"Deaths per 100,000 resident population, crude",Sex and age,Female: 65 years and over,1990,6.4,
"Deaths per 100,000 resident population, crude",Sex and age,Female: 65 years and over,1991,5.9,
"Deaths per 100,000 resident population, crude",Sex and age,Female: 65 years and over,1992,6.0,
"Deaths per 100,000 resident population, crude",Sex and age,Female: 65 years and over,1993,5.8,
"Deaths per 100,000 resident population, crude",Sex and age,Female: 65 years and over,1994,5.4,
"Deaths per 100,000 resident population, crude",Sex and age,Female: 65 years and over,1995,5.4,
"Deaths per 100,000 resident population, crude",Sex and age,Female: 65 years and over,1996,4.8,
"Deaths per 100,000 resident population, crude",Sex and age,Female: 65 years and over,1997,4.8,
"Deaths per 100,000 resident population, crude",Sex and age,Female: 65 years and over,1998,4.7,
"Deaths per 100,000 resident population, crude",Sex and age,Female: 65 years and over,1999,4.3,
"Deaths per 100,000 resident population, crude",Sex and age,Female: 65 years and over,2000,4.0,
"Deaths per 100,000 resident population, crude",Sex and age,Female: 65 years and over,2001,3.9,
"Deaths per 100,000 resident population, crude",Sex and age,Female: 65 years and over,2002,4.1,
"Deaths per 100,000 resident population, crude",Sex and age,Female: 65 years and over,2003,3.8,
"Deaths per 100,000 resident population, crude",Sex and age,Female: 65 years and over,2004,3.8,
"Deaths per 100,000 resident population, crude",Sex and age,Female: 65 years and over,2005,4.0,
"Deaths per 100,000 resident population, crude",Sex and age,Female: 65 years and over,2006,3.9,
"Deaths per 100,000 resident population, crude",Sex and age,Female: 65 years and over,2007,3.9,
"Deaths per 100,000 resident population, crude",Sex and age,Female: 65 years and over,2008,4.1,
"Deaths per 100,000 resident population, crude",Sex and age,Female: 65 years and over,2009,4.0,
"Deaths per 100,000 resident population, crude",Sex and age,Female: 65 years and over,2010,4.2,
"Deaths per 100,000 resident population, crude",Sex and age,Female: 65 years and over,2011,4.5,
"Deaths per 100,000 resident population, crude",Sex and age,Female: 65 years and over,2012,4.5,
"Deaths per 100,000 resident population, crude",Sex and age,Female: 65 years and over,2013,4.6,
"Deaths per 100,000 resident population, crude",Sex and age,Female: 65 years and over,2014,5.0,
"Deaths per 100,000 resident population, crude",Sex and age,Female: 65 years and over,2015,5.1,
"Deaths per 100,000 resident population, crude",Sex and age,Female: 65 years and over,2016,5.3,
"Deaths per 100,000 resident population, crude",Sex and age,Female: 65 years and over,2017,5.2,
"Deaths per 100,000 resident population, crude",Sex and age,Female: 65 years and over,2018,5.2,
"Deaths per 100,000 resident population, crude",Sex and age,Female: 65-74 years,1950,10.1,
"Deaths per 100,000 resident population, crude",Sex and age,Female: 65-74 years,1960,8.4,
"Deaths per 100,000 resident population, crude",Sex and age,Female: 65-74 years,1970,9.0,
"Deaths per 100,000 resident population, crude",Sex and age,Female: 65-74 years,1980,6.5,
"Deaths per 100,000 resident population, crude",Sex and age,Female: 65-74 years,1981,6.8,
"Deaths per 100,000 resident population, crude",Sex and age,Female: 65-74 years,1982,6.9,
"Deaths per 100,000 resident population, crude",Sex and age,Female: 65-74 years,1983,7.3,
"Deaths per 100,000 resident population, crude",Sex and age,Female: 65-74 years,1984,7.3,
"Deaths per 100,000 resident population, crude",Sex and age,Female: 65-74 years,1985,6.9,
"Deaths per 100,000 resident population, crude",Sex and age,Female: 65-74 years,1986,7.3,
"Deaths per 100,000 resident population, crude",Sex and age,Female: 65-74 years,1987,7.2,
"Deaths per 100,000 resident population, crude",Sex and age,Female: 65-74 years,1988,6.8,
"Deaths per 100,000 resident population, crude",Sex and age,Female: 65-74 years,1989,6.0,
"Deaths per 100,000 resident population, crude",Sex and age,Female: 65-74 years,1990,6.7,
"Deaths per 100,000 resident population, crude",Sex and age,Female: 65-74 years,1991,6.0,
"Deaths per 100,000 resident population, crude",Sex and age,Female: 65-74 years,1992,5.9,
"Deaths per 100,000 resident population, crude",Sex and age,Female: 65-74 years,1993,5.9,
"Deaths per 100,000 resident population, crude",Sex and age,Female: 65-74 years,1994,5.4,
"Deaths per 100,000 resident population, crude",Sex and age,Female: 65-74 years,1995,5.4,
"Deaths per 100,000 resident population, crude",Sex and age,Female: 65-74 years,1996,4.8,
"Deaths per 100,000 resident population, crude",Sex and age,Female: 65-74 years,1997,4.6,
"Deaths per 100,000 resident population, crude",Sex and age,Female: 65-74 years,1998,4.3,
"Deaths per 100,000 resident population, crude",Sex and age,Female: 65-74 years,1999,4.1,
"Deaths per 100,000 resident population, crude",Sex and age,Female: 65-74 years,2000,4.0,
"Deaths per 100,000 resident population, crude",Sex and age,Female: 65-74 years,2001,3.9,
"Deaths per 100,000 resident population, crude",Sex and age,Female: 65-74 years,2002,4.1,
"Deaths per 100,000 resident population, crude",Sex and age,Female: 65-74 years,2003,3.8,
"Deaths per 100,000 resident population, crude",Sex and age,Female: 65-74 years,2004,3.7,
"Deaths per 100,000 resident population, crude",Sex and age,Female: 65-74 years,2005,4.0,
"Deaths per 100,000 resident population, crude",Sex and age,Female: 65-74 years,2006,4.0,
"Deaths per 100,000 resident population, crude",Sex and age,Female: 65-74 years,2007,4.2,
"Deaths per 100,000 resident population, crude",Sex and age,Female: 65-74 years,2008,4.4,
"Deaths per 100,000 resident population, crude",Sex and age,Female: 65-74 years,2009,4.6,
"Deaths per 100,000 resident population, crude",Sex and age,Female: 65-74 years,2010,4.8,
"Deaths per 100,000 resident population, crude",Sex and age,Female: 65-74 years,2011,5.2,
"Deaths per 100,000 resident population, crude",Sex and age,Female: 65-74 years,2012,5.2,
"Deaths per 100,000 resident population, crude",Sex and age,Female: 65-74 years,2013,5.4,
"Deaths per 100,000 resident population, crude",Sex and age,Female: 65-74 years,2014,5.9,
"Deaths per 100,000 resident population, crude",Sex and age,Female: 65-74 years,2015,5.7,
"Deaths per 100,000 resident population, crude",Sex and age,Female: 65-74 years,2016,6.2,
"Deaths per 100,000 resident population, crude",Sex and age,Female: 65-74 years,2017,6.2,
"Deaths per 100,000 resident population, crude",Sex and age,Female: 65-74 years,2018,6.2,
"Deaths per 100,000 resident population, crude",Sex and age,Female: 75-84 years,1950,8.1,
"Deaths per 100,000 resident population, crude",Sex and age,Female: 75-84 years,1960,8.9,
"Deaths per 100,000 resident population, crude",Sex and age,Female: 75-84 years,1970,7.0,
"Deaths per 100,000 resident population, crude",Sex and age,Female: 75-84 years,1980,5.5,
"Deaths per 100,000 resident population, crude",Sex and age,Female: 75-84 years,1981,5.2,
"Deaths per 100,000 resident population, crude",Sex and age,Female: 75-84 years,1982,5.8,
"Deaths per 100,000 resident population, crude",Sex and age,Female: 75-84 years,1983,6.3,
"Deaths per 100,000 resident population, crude",Sex and age,Female: 75-84 years,1984,6.3,
"Deaths per 100,000 resident population, crude",Sex and age,Female: 75-84 years,1985,6.7,
"Deaths per 100,000 resident population, crude",Sex and age,Female: 75-84 years,1986,7.4,
"Deaths per 100,000 resident population, crude",Sex and age,Female: 75-84 years,1987,6.9,
"Deaths per 100,000 resident population, crude",Sex and age,Female: 75-84 years,1988,6.8,
"Deaths per 100,000 resident population, crude",Sex and age,Female: 75-84 years,1989,5.9,
"Deaths per 100,000 resident population, crude",Sex and age,Female: 75-84 years,1990,6.3,
"Deaths per 100,000 resident population, crude",Sex and age,Female: 75-84 years,1991,5.7,
"Deaths per 100,000 resident population, crude",Sex and age,Female: 75-84 years,1992,6.2,
"Deaths per 100,000 resident population, crude",Sex and age,Female: 75-84 years,1993,5.8,
"Deaths per 100,000 resident population, crude",Sex and age,Female: 75-84 years,1994,5.2,
"Deaths per 100,000 resident population, crude",Sex and age,Female: 75-84 years,1995,5.4,
"Deaths per 100,000 resident population, crude",Sex and age,Female: 75-84 years,1996,4.9,
"Deaths per 100,000 resident population, crude",Sex and age,Female: 75-84 years,1997,5.1,
"Deaths per 100,000 resident population, crude",Sex and age,Female: 75-84 years,1998,4.9,
"Deaths per 100,000 resident population, crude",Sex and age,Female: 75-84 years,1999,4.7,
"Deaths per 100,000 resident population, crude",Sex and age,Female: 75-84 years,2000,4.0,
"Deaths per 100,000 resident population, crude",Sex and age,Female: 75-84 years,2001,4.0,
"Deaths per 100,000 resident population, crude",Sex and age,Female: 75-84 years,2002,4.2,
"Deaths per 100,000 resident population, crude",Sex and age,Female: 75-84 years,2003,4.0,
"Deaths per 100,000 resident population, crude",Sex and age,Female: 75-84 years,2004,3.9,
"Deaths per 100,000 resident population, crude",Sex and age,Female: 75-84 years,2005,4.0,
"Deaths per 100,000 resident population, crude",Sex and age,Female: 75-84 years,2006,4.0,
"Deaths per 100,000 resident population, crude",Sex and age,Female: 75-84 years,2007,3.8,
"Deaths per 100,000 resident population, crude",Sex and age,Female: 75-84 years,2008,3.8,
"Deaths per 100,000 resident population, crude",Sex and age,Female: 75-84 years,2009,3.6,
"Deaths per 100,000 resident population, crude",Sex and age,Female: 75-84 years,2010,3.7,
"Deaths per 100,000 resident population, crude",Sex and age,Female: 75-84 years,2011,3.8,
"Deaths per 100,000 resident population, crude",Sex and age,Female: 75-84 years,2012,3.9,
"Deaths per 100,000 resident population, crude",Sex and age,Female: 75-84 years,2013,3.9,
"Deaths per 100,000 resident population, crude",Sex and age,Female: 75-84 years,2014,4.3,
"Deaths per 100,000 resident population, crude",Sex and age,Female: 75-84 years,2015,4.6,
"Deaths per 100,000 resident population, crude",Sex and age,Female: 75-84 years,2016,4.5,
"Deaths per 100,000 resident population, crude",Sex and age,Female: 75-84 years,2017,4.3,
"Deaths per 100,000 resident population, crude",Sex and age,Female: 75-84 years,2018,4.2,
"Deaths per 100,000 resident population, crude",Sex and age,Female: 85 years and over,1950,8.2,
"Deaths per 100,000 resident population, crude",Sex and age,Female: 85 years and over,1960,6.0,
"Deaths per 100,000 resident population, crude",Sex and age,Female: 85 years and over,1970,5.9,
"Deaths per 100,000 resident population, crude",Sex and age,Female: 85 years and over,1980,5.5,
"Deaths per 100,000 resident population, crude",Sex and age,Female: 85 years and over,1981,3.8,
"Deaths per 100,000 resident population, crude",Sex and age,Female: 85 years and over,1982,3.8,
"Deaths per 100,000 resident population, crude",Sex and age,Female: 85 years and over,1983,5.2,
"Deaths per 100,000 resident population, crude",Sex and age,Female: 85 years and over,1984,5.0,
"Deaths per 100,000 resident population, crude",Sex and age,Female: 85 years and over,1985,4.7,
"Deaths per 100,000 resident population, crude",Sex and age,Female: 85 years and over,1986,4.8,
"Deaths per 100,000 resident population, crude",Sex and age,Female: 85 years and over,1987,4.7,
"Deaths per 100,000 resident population, crude",Sex and age,Female: 85 years and over,1988,5.2,
"Deaths per 100,000 resident population, crude",Sex and age,Female: 85 years and over,1989,5.9,
"Deaths per 100,000 resident population, crude",Sex and age,Female: 85 years and over,1990,5.4,
"Deaths per 100,000 resident population, crude",Sex and age,Female: 85 years and over,1991,6.2,
"Deaths per 100,000 resident population, crude",Sex and age,Female: 85 years and over,1992,6.0,
"Deaths per 100,000 resident population, crude",Sex and age,Female: 85 years and over,1993,5.3,
"Deaths per 100,000 resident population, crude",Sex and age,Female: 85 years and over,1994,6.1,
"Deaths per 100,000 resident population, crude",Sex and age,Female: 85 years and over,1995,5.4,
"Deaths per 100,000 resident population, crude",Sex and age,Female: 85 years and over,1996,4.3,
"Deaths per 100,000 resident population, crude",Sex and age,Female: 85 years and over,1997,4.8,
"Deaths per 100,000 resident population, crude",Sex and age,Female: 85 years and over,1998,5.7,
"Deaths per 100,000 resident population, crude",Sex and age,Female: 85 years and over,1999,4.1,
"Deaths per 100,000 resident population, crude",Sex and age,Female: 85 years and over,2000,4.2,
"Deaths per 100,000 resident population, crude",Sex and age,Female: 85 years and over,2001,3.4,
"Deaths per 100,000 resident population, crude",Sex and age,Female: 85 years and over,2002,4.0,
"Deaths per 100,000 resident population, crude",Sex and age,Female: 85 years and over,2003,3.5,
"Deaths per 100,000 resident population, crude",Sex and age,Female: 85 years and over,2004,3.8,
"Deaths per 100,000 resident population, crude",Sex and age,Female: 85 years and over,2005,4.3,
"Deaths per 100,000 resident population, crude",Sex and age,Female: 85 years and over,2006,3.3,
"Deaths per 100,000 resident population, crude",Sex and age,Female: 85 years and over,2007,3.4,
"Deaths per 100,000 resident population, crude",Sex and age,Female: 85 years and over,2008,3.8,
"Deaths per 100,000 resident population, crude",Sex and age,Female: 85 years and over,2009,3.2,
"Deaths per 100,000 resident population, crude",Sex and age,Female: 85 years and over,2010,3.3,
"Deaths per 100,000 resident population, crude",Sex and age,Female: 85 years and over,2011,3.5,
"Deaths per 100,000 resident population, crude",Sex and age,Female: 85 years and over,2012,3.2,
"Deaths per 100,000 resident population, crude",Sex and age,Female: 85 years and over,2013,3.3,
"Deaths per 100,000 resident population, crude",Sex and age,Female: 85 years and over,2014,3.4,
"Deaths per 100,000 resident population, crude",Sex and age,Female: 85 years and over,2015,4.2,
"Deaths per 100,000 resident population, crude",Sex and age,Female: 85 years and over,2016,3.5,
"Deaths per 100,000 resident population, crude",Sex and age,Female: 85 years and over,2017,3.5,
"Deaths per 100,000 resident population, crude",Sex and age,Female: 85 years and over,2018,3.6,
"Deaths per 100,000 resident population, crude",Sex and race and Hispanic origin,Male: White,1950,,...
"Deaths per 100,000 resident population, crude",Sex and race and Hispanic origin,Male: White,1960,,...
"Deaths per 100,000 resident population, crude",Sex and race and Hispanic origin,Male: White,1970,,...
"Deaths per 100,000 resident population, crude",Sex and race and Hispanic origin,Male: White,1980,,...
"Deaths per 100,000 resident population, crude",Sex and race and Hispanic origin,Male: White,1981,,...
"Deaths per 100,000 resident population, crude",Sex and race and Hispanic origin,Male: White,1982,,...
"Deaths per 100,000 resident population, crude",Sex and race and Hispanic origin,Male: White,1983,,...
"Deaths per 100,000 resident population, crude",Sex and race and Hispanic origin,Male: White,1984,,...
"Deaths per 100,000 resident population, crude",Sex and race and Hispanic origin,Male: White,1985,22.3,
"Deaths per 100,000 resident population, crude",Sex and race and Hispanic origin,Male: White,1986,22.4,
"Deaths per 100,000 resident population, crude",Sex and race and Hispanic origin,Male: White,1987,21.6,
"Deaths per 100,000 resident population, crude",Sex and race and Hispanic origin,Male: White,1988,22.0,
"Deaths per 100,000 resident population, crude",Sex and race and Hispanic origin,Male: White,1989,22.3,
"Deaths per 100,000 resident population, crude",Sex and race and Hispanic origin,Male: White,1990,23.1,
"Deaths per 100,000 resident population, crude",Sex and race and Hispanic origin,Male: White,1991,22.5,
"Deaths per 100,000 resident population, crude",Sex and race and Hispanic origin,Male: White,1992,21.9,
"Deaths per 100,000 resident population, crude",Sex and race and Hispanic origin,Male: White,1993,22.1,
"Deaths per 100,000 resident population, crude",Sex and race and Hispanic origin,Male: White,1994,22.1,
"Deaths per 100,000 resident population, crude",Sex and race and Hispanic origin,Male: White,1995,22.2,
"Deaths per 100,000 resident population, crude",Sex and race and Hispanic origin,Male: White,1996,21.9,
"Deaths per 100,000 resident population, crude",Sex and race and Hispanic origin,Male: White,1997,21.4,
"Deaths per 100,000 resident population, crude",Sex and race and Hispanic origin,Male: White,1998,21.5,
"Deaths per 100,000 resident population, crude",Sex and race and Hispanic origin,Male: White,1999,20.3,
"Deaths per 100,000 resident population, crude",Sex and race and Hispanic origin,Male: White,2000,20.4,
"Deaths per 100,000 resident population, crude",Sex and race and Hispanic origin,Male: White,2001,21.4,
"Deaths per 100,000 resident population, crude",Sex and race and Hispanic origin,Male: White,2002,22.0,
"Deaths per 100,000 resident population, crude",Sex and race and Hispanic origin,Male: White,2003,21.7,
"Deaths per 100,000 resident population, crude",Sex and race and Hispanic origin,Male: White,2004,21.8,
"Deaths per 100,000 resident population, crude",Sex and race and Hispanic origin,Male: White,2005,22.1,
"Deaths per 100,000 resident population, crude",Sex and race and Hispanic origin,Male: White,2006,22.4,
"Deaths per 100,000 resident population, crude",Sex and race and Hispanic origin,Male: White,2007,23.1,
"Deaths per 100,000 resident population, crude",Sex and race and Hispanic origin,Male: White,2008,24.3,
"Deaths per 100,000 resident population, crude",Sex and race and Hispanic origin,Male: White,2009,24.7,
"Deaths per 100,000 resident population, crude",Sex and race and Hispanic origin,Male: White,2010,25.7,
"Deaths per 100,000 resident population, crude",Sex and race and Hispanic origin,Male: White,2011,26.2,
"Deaths per 100,000 resident population, crude",Sex and race and Hispanic origin,Male: White,2012,26.7,
"Deaths per 100,000 resident population, crude",Sex and race and Hispanic origin,Male: White,2013,26.9,
"Deaths per 100,000 resident population, crude",Sex and race and Hispanic origin,Male: White,2014,27.7,
"Deaths per 100,000 resident population, crude",Sex and race and Hispanic origin,Male: White,2015,28.3,
"Deaths per 100,000 resident population, crude",Sex and race and Hispanic origin,Male: White,2016,28.3,
"Deaths per 100,000 resident population, crude",Sex and race and Hispanic origin,Male: White,2017,29.9,
"Deaths per 100,000 resident population, crude",Sex and race and Hispanic origin,Male: White,2018,30.4,
"Deaths per 100,000 resident population, crude",Sex and race and Hispanic origin,Male: Black or African American,1950,,...
"Deaths per 100,000 resident population, crude",Sex and race and Hispanic origin,Male: Black or African American,1960,,...
"Deaths per 100,000 resident population, crude",Sex and race and Hispanic origin,Male: Black or African American,1970,,...
"Deaths per 100,000 resident population, crude",Sex and race and Hispanic origin,Male: Black or African American,1980,,...
"Deaths per 100,000 resident population, crude",Sex and race and Hispanic origin,Male: Black or African American,1981,,...
"Deaths per 100,000 resident population, crude",Sex and race and Hispanic origin,Male: Black or African American,1982,,...
"Deaths per 100,000 resident population, crude",Sex and race and Hispanic origin,Male: Black or African American,1983,,...
"Deaths per 100,000 resident population, crude",Sex and race and Hispanic origin,Male: Black or African American,1984,,...
"Deaths per 100,000 resident population, crude",Sex and race and Hispanic origin,Male: Black or African American,1985,,...
"Deaths per 100,000 resident population, crude",Sex and race and Hispanic origin,Male: Black or African American,1986,,...
"Deaths per 100,000 resident population, crude",Sex and race and Hispanic origin,Male: Black or African American,1987,,...
"Deaths per 100,000 resident population, crude",Sex and race and Hispanic origin,Male: Black or African American,1988,,...
"Deaths per 100,000 resident population, crude",Sex and race and Hispanic origin,Male: Black or African American,1989,,...
"Deaths per 100,000 resident population, crude",Sex and race and Hispanic origin,Male: Black or African American,1990,,...
"Deaths per 100,000 resident population, crude",Sex and race and Hispanic origin,Male: Black or African American,1991,,...
"Deaths per 100,000 resident population, crude",Sex and race and Hispanic origin,Male: Black or African American,1992,,...
"Deaths per 100,000 resident population, crude",Sex and race and Hispanic origin,Male: Black or African American,1993,,...
"Deaths per 100,000 resident population, crude",Sex and race and Hispanic origin,Male: Black or African American,1994,,...
"Deaths per 100,000 resident population, crude",Sex and race and Hispanic origin,Male: Black or African American,1995,,...
"Deaths per 100,000 resident population, crude",Sex and race and Hispanic origin,Male: Black or African American,1996,,...
"Deaths per 100,000 resident population, crude",Sex and race and Hispanic origin,Male: Black or African American,1997,,...
"Deaths per 100,000 resident population, crude",Sex and race and Hispanic origin,Male: Black or African American,1998,,...
"Deaths per 100,000 resident population, crude",Sex and race and Hispanic origin,Male: Black or African American,1999,9.9,
"Deaths per 100,000 resident population, crude",Sex and race and Hispanic origin,Male: Black or African American,2000,9.6,
"Deaths per 100,000 resident population, crude",Sex and race and Hispanic origin,Male: Black or African American,2001,9.3,
"Deaths per 100,000 resident population, crude",Sex and race and Hispanic origin,Male: Black or African American,2002,9.3,
"Deaths per 100,000 resident population, crude",Sex and race and Hispanic origin,Male: Black or African American,2003,9.0,
"Deaths per 100,000 resident population, crude",Sex and race and Hispanic origin,Male: Black or African American,2004,9.2,
"Deaths per 100,000 resident population, crude",Sex and race and Hispanic origin,Male: Black or African American,2005,9.0,
"Deaths per 100,000 resident population, crude",Sex and race and Hispanic origin,Male: Black or African American,2006,9.1,
"Deaths per 100,000 resident population, crude",Sex and race and Hispanic origin,Male: Black or African American,2007,8.6,
"Deaths per 100,000 resident population, crude",Sex and race and Hispanic origin,Male: Black or African American,2008,9.3,
"Deaths per 100,000 resident population, crude",Sex and race and Hispanic origin,Male: Black or African American,2009,8.8,
"Deaths per 100,000 resident population, crude",Sex and race and Hispanic origin,Male: Black or African American,2010,9.1,
"Deaths per 100,000 resident population, crude",Sex and race and Hispanic origin,Male: Black or African American,2011,9.4,
"Deaths per 100,000 resident population, crude",Sex and race and Hispanic origin,Male: Black or African American,2012,9.6,
"Deaths per 100,000 resident population, crude",Sex and race and Hispanic origin,Male: Black or African American,2013,9.5,
"Deaths per 100,000 resident population, crude",Sex and race and Hispanic origin,Male: Black or African American,2014,9.5,
"Deaths per 100,000 resident population, crude",Sex and race and Hispanic origin,Male: Black or African American,2015,9.8,
"Deaths per 100,000 resident population, crude",Sex and race and Hispanic origin,Male: Black or African American,2016,10.6,
"Deaths per 100,000 resident population, crude",Sex and race and Hispanic origin,Male: Black or African American,2017,11.4,
"Deaths per 100,000 resident population, crude",Sex and race and Hispanic origin,Male: Black or African American,2018,12.0,
"Deaths per 100,000 resident population, crude",Sex and race and Hispanic origin,Male: Hispanic or Latino,1950,,...
"Deaths per 100,000 resident population, crude",Sex and race and Hispanic origin,Male: Hispanic or Latino,1960,,...
"Deaths per 100,000 resident population, crude",Sex and race and Hispanic origin,Male: Hispanic or Latino,1970,,...
"Deaths per 100,000 resident population, crude",Sex and race and Hispanic origin,Male: Hispanic or Latino,1980,,...
"Deaths per 100,000 resident population, crude",Sex and race and Hispanic origin,Male: Hispanic or Latino,1981,,...
"Deaths per 100,000 resident population, crude",Sex and race and Hispanic origin,Male: Hispanic or Latino,1982,,...
"Deaths per 100,000 resident population, crude",Sex and race and Hispanic origin,Male: Hispanic or Latino,1983,,...
"Deaths per 100,000 resident population, crude",Sex and race and Hispanic origin,Male: Hispanic or Latino,1984,,...
"Deaths per 100,000 resident population, crude",Sex and race and Hispanic origin,Male: Hispanic or Latino,1985,9.8,
"Deaths per 100,000 resident population, crude",Sex and race and Hispanic origin,Male: Hispanic or Latino,1986,10.3,
"Deaths per 100,000 resident population, crude",Sex and race and Hispanic origin,Male: Hispanic or Latino,1987,10.2,
"Deaths per 100,000 resident population, crude",Sex and race and Hispanic origin,Male: Hispanic or Latino,1988,10.2,
"Deaths per 100,000 resident population, crude",Sex and race and Hispanic origin,Male: Hispanic or Latino,1989,12.2,
"Deaths per 100,000 resident population, crude",Sex and race and Hispanic origin,Male: Hispanic or Latino,1990,11.4,
"Deaths per 100,000 resident population, crude",Sex and race and Hispanic origin,Male: Hispanic or Latino,1991,11.5,
"Deaths per 100,000 resident population, crude",Sex and race and Hispanic origin,Male: Hispanic or Latino,1992,11.1,
"Deaths per 100,000 resident population, crude",Sex and race and Hispanic origin,Male: Hispanic or Latino,1993,11.5,
"Deaths per 100,000 resident population, crude",Sex and race and Hispanic origin,Male: Hispanic or Latino,1994,11.3,
"Deaths per 100,000 resident population, crude",Sex and race and Hispanic origin,Male: Hispanic or Latino,1995,10.9,
"Deaths per 100,000 resident population, crude",Sex and race and Hispanic origin,Male: Hispanic or Latino,1996,10.2,
"Deaths per 100,000 resident population, crude",Sex and race and Hispanic origin,Male: Hispanic or Latino,1997,9.3,
"Deaths per 100,000 resident population, crude",Sex and race and Hispanic origin,Male: Hispanic or Latino,1998,8.6,
"Deaths per 100,000 resident population, crude",Sex and race and Hispanic origin,Male: Hispanic or Latino,1999,8.2,
"Deaths per 100,000 resident population, crude",Sex and race and Hispanic origin,Male: Hispanic or Latino,2000,8.4,
"Deaths per 100,000 resident population, crude",Sex and race and Hispanic origin,Male: Hispanic or Latino,2001,8.3,
"Deaths per 100,000 resident population, crude",Sex and race and Hispanic origin,Male: Hispanic or Latino,2002,8.3,
"Deaths per 100,000 resident population, crude",Sex and race and Hispanic origin,Male: Hispanic or Latino,2003,8.3,
"Deaths per 100,000 resident population, crude",Sex and race and Hispanic origin,Male: Hispanic or Latino,2004,8.7,
"Deaths per 100,000 resident population, crude",Sex and race and Hispanic origin,Male: Hispanic or Latino,2005,8.4,
"Deaths per 100,000 resident population, crude",Sex and race and Hispanic origin,Male: Hispanic or Latino,2006,8.0,
"Deaths per 100,000 resident population, crude",Sex and race and Hispanic origin,Male: Hispanic or Latino,2007,8.8,
"Deaths per 100,000 resident population, crude",Sex and race and Hispanic origin,Male: Hispanic or Latino,2008,8.0,
"Deaths per 100,000 resident population, crude",Sex and race and Hispanic origin,Male: Hispanic or Latino,2009,8.5,
"Deaths per 100,000 resident population, crude",Sex and race and Hispanic origin,Male: Hispanic or Latino,2010,8.5,
"Deaths per 100,000 resident population, crude",Sex and race and Hispanic origin,Male: Hispanic or Latino,2011,8.4,
"Deaths per 100,000 resident population, crude",Sex and race and Hispanic origin,Male: Hispanic or Latino,2012,8.5,
"Deaths per 100,000 resident population, crude",Sex and race and Hispanic origin,Male: Hispanic or Latino,2013,8.3,
"Deaths per 100,000 resident population, crude",Sex and race and Hispanic origin,Male: Hispanic or Latino,2014,9.2,
"Deaths per 100,000 resident population, crude",Sex and race and Hispanic origin,Male: Hispanic or Latino,2015,9.0,
"Deaths per 100,000 resident population, crude",Sex and race and Hispanic origin,Male: Hispanic or Latino,2016,10.1,
"Deaths per 100,000 resident population, crude",Sex and race and Hispanic origin,Male: Hispanic or Latino,2017,10.7,
"Deaths per 100,000 resident population, crude",Sex and race and Hispanic origin,Male: Hispanic or Latino,2018,11.5,
"Deaths per 100,000 resident population, crude",Sex and race and Hispanic origin,Male: American Indian or Alaska Native,1999,19.9,
"Deaths per 100,000 resident population, crude",Sex and race and Hispanic origin,Male: American Indian or Alaska Native,2000,19.5,
"Deaths per 100,000 resident population, crude",Sex and race and Hispanic origin,Male: American Indian or Alaska Native,2001,21.0,
"Deaths per 100,000 resident population, crude",Sex and race and Hispanic origin,Male: American Indian or Alaska Native,2002,21.1,
"Deaths per 100,000 resident population, crude",Sex and race and Hispanic origin,Male: American Indian or Alaska Native,2003,21.9,
"Deaths per 100,000 resident population, crude",Sex and race and Hispanic origin,Male: American Indian or Alaska Native,2004,24.3,
"Deaths per 100,000 resident population, crude",Sex and race and Hispanic origin,Male: American Indian or Alaska Native,2005,24.4,
"Deaths per 100,000 resident population, crude",Sex and race and Hispanic origin,Male: American Indian or Alaska Native,2006,24.0,
"Deaths per 100,000 resident population, crude",Sex and race and Hispanic origin,Male: American Indian or Alaska Native,2007,23.6,
"Deaths per 100,000 resident population, crude",Sex and race and Hispanic origin,Male: American Indian or Alaska Native,2008,23.7,
"Deaths per 100,000 resident population, crude",Sex and race and Hispanic origin,Male: American Indian or Alaska Native,2009,23.8,
"Deaths per 100,000 resident population, crude",Sex and race and Hispanic origin,Male: American Indian or Alaska Native,2010,25.8,
"Deaths per 100,000 resident population, crude",Sex and race and Hispanic origin,Male: American Indian or Alaska Native,2011,25.1,
"Deaths per 100,000 resident population, crude",Sex and race and Hispanic origin,Male: American Indian or Alaska Native,2012,28.3,
"Deaths per 100,000 resident population, crude",Sex and race and Hispanic origin,Male: American Indian or Alaska Native,2013,28.9,
"Deaths per 100,000 resident population, crude",Sex and race and Hispanic origin,Male: American Indian or Alaska Native,2014,26.6,
"Deaths per 100,000 resident population, crude",Sex and race and Hispanic origin,Male: American Indian or Alaska Native,2015,29.9,
"Deaths per 100,000 resident population, crude",Sex and race and Hispanic origin,Male: American Indian or Alaska Native,2016,33.2,
"Deaths per 100,000 resident population, crude",Sex and race and Hispanic origin,Male: American Indian or Alaska Native,2017,33.5,
"Deaths per 100,000 resident population, crude",Sex and race and Hispanic origin,Male: American Indian or Alaska Native,2018,34.8,
"Deaths per 100,000 resident population, crude",Sex and race and Hispanic origin,Male: Asian or Pacific Islander,1999,8.6,
"Deaths per 100,000 resident population, crude",Sex and race and Hispanic origin,Male: Asian or Pacific Islander,2000,8.1,
"Deaths per 100,000 resident population, crude",Sex and race and Hispanic origin,Male: Asian or Pacific Islander,2001,7.8,
"Deaths per 100,000 resident population, crude",Sex and race and Hispanic origin,Male: Asian or Pacific Islander,2002,7.6,
"Deaths per 100,000 resident population, crude",Sex and race and Hispanic origin,Male: Asian or Pacific Islander,2003,7.9,
"Deaths per 100,000 resident population, crude",Sex and race and Hispanic origin,Male: Asian or Pacific Islander,2004,8.0,
"Deaths per 100,000 resident population, crude",Sex and race and Hispanic origin,Male: Asian or Pacific Islander,2005,7.2,
"Deaths per 100,000 resident population, crude",Sex and race and Hispanic origin,Male: Asian or Pacific Islander,2006,8.0,
"Deaths per 100,000 resident population, crude",Sex and race and Hispanic origin,Male: Asian or Pacific Islander,2007,8.6,
"Deaths per 100,000 resident population, crude",Sex and race and Hispanic origin,Male: Asian or Pacific Islander,2008,7.7,
"Deaths per 100,000 resident population, crude",Sex and race and Hispanic origin,Male: Asian or Pacific Islander,2009,8.5,
"Deaths per 100,000 resident population, crude",Sex and race and Hispanic origin,Male: Asian or Pacific Islander,2010,9.3,
"Deaths per 100,000 resident population, crude",Sex and race and Hispanic origin,Male: Asian or Pacific Islander,2011,8.9,
"Deaths per 100,000 resident population, crude",Sex and race and Hispanic origin,Male: Asian or Pacific Islander,2012,9.5,
"Deaths per 100,000 resident population, crude",Sex and race and Hispanic origin,Male: Asian or Pacific Islander,2013,9.4,
"Deaths per 100,000 resident population, crude",Sex and race and Hispanic origin,Male: Asian or Pacific Islander,2014,9.1,
"Deaths per 100,000 resident population, crude",Sex and race and Hispanic origin,Male: Asian or Pacific Islander,2015,9.4,
"Deaths per 100,000 resident population, crude",Sex and race and Hispanic origin,Male: Asian or Pacific Islander,2016,10.5,
"Deaths per 100,000 resident population, crude",Sex and race and Hispanic origin,Male: Asian or Pacific Islander,2017,10.3,
"Deaths per 100,000 resident population, crude",Sex and race and Hispanic origin,Male: Asian or Pacific Islander,2018,10.8,
"Deaths per 100,000 resident population, crude",Sex and race and Hispanic origin,Female: White,1950,,...
"Deaths per 100,000 resident population, crude",Sex and race and Hispanic origin,Female: White,1960,,...
"Deaths per 100,000 resident population, crude",Sex and race and Hispanic origin,Female: White,1970,,...
"Deaths per 100,000 resident population, crude",Sex and race and Hispanic origin,Female: White,1980,,...
"Deaths per 100,000 resident population, crude",Sex and race and Hispanic origin,Female: White,1981,,...
"Deaths per 100,000 resident population, crude",Sex and race and Hispanic origin,Female: White,1982,,...
"Deaths per 100,000 resident population, crude",Sex and race and Hispanic origin,Female: White,1983,,...
"Deaths per 100,000 resident population, crude",Sex and race and Hispanic origin,Female: White,1984,,...
"Deaths per 100,000 resident population, crude",Sex and race and Hispanic origin,Female: White,1985,6.2,
"Deaths per 100,000 resident population, crude",Sex and race and Hispanic origin,Female: White,1986,6.2,
"Deaths per 100,000 resident population, crude",Sex and race and Hispanic origin,Female: White,1987,6.0,
"Deaths per 100,000 resident population, crude",Sex and race and Hispanic origin,Female: White,1988,5.7,
"Deaths per 100,000 resident population, crude",Sex and race and Hispanic origin,Female: White,1989,5.5,
"Deaths per 100,000 resident population, crude",Sex and race and Hispanic origin,Female: White,1990,5.6,
"Deaths per 100,000 resident population, crude",Sex and race and Hispanic origin,Female: White,1991,5.4,
"Deaths per 100,000 resident population, crude",Sex and race and Hispanic origin,Female: White,1992,5.3,
"Deaths per 100,000 resident population, crude",Sex and race and Hispanic origin,Female: White,1993,5.3,
"Deaths per 100,000 resident population, crude",Sex and race and Hispanic origin,Female: White,1994,5.2,
"Deaths per 100,000 resident population, crude",Sex and race and Hispanic origin,Female: White,1995,5.1,
"Deaths per 100,000 resident population, crude",Sex and race and Hispanic origin,Female: White,1996,5.0,
"Deaths per 100,000 resident population, crude",Sex and race and Hispanic origin,Female: White,1997,5.2,
"Deaths per 100,000 resident population, crude",Sex and race and Hispanic origin,Female: White,1998,5.2,
"Deaths per 100,000 resident population, crude",Sex and race and Hispanic origin,Female: White,1999,4.9,
"Deaths per 100,000 resident population, crude",Sex and race and Hispanic origin,Female: White,2000,4.9,
"Deaths per 100,000 resident population, crude",Sex and race and Hispanic origin,Female: White,2001,5.1,
"Deaths per 100,000 resident population, crude",Sex and race and Hispanic origin,Female: White,2002,5.3,
"Deaths per 100,000 resident population, crude",Sex and race and Hispanic origin,Female: White,2003,5.3,
"Deaths per 100,000 resident population, crude",Sex and race and Hispanic origin,Female: White,2004,5.7,
"Deaths per 100,000 resident population, crude",Sex and race and Hispanic origin,Female: White,2005,5.6,
"Deaths per 100,000 resident population, crude",Sex and race and Hispanic origin,Female: White,2006,5.9,
"Deaths per 100,000 resident population, crude",Sex and race and Hispanic origin,Female: White,2007,6.1,
"Deaths per 100,000 resident population, crude",Sex and race and Hispanic origin,Female: White,2008,6.3,
"Deaths per 100,000 resident population, crude",Sex and race and Hispanic origin,Female: White,2009,6.5,
"Deaths per 100,000 resident population, crude",Sex and race and Hispanic origin,Female: White,2010,6.7,
"Deaths per 100,000 resident population, crude",Sex and race and Hispanic origin,Female: White,2011,7.0,
"Deaths per 100,000 resident population, crude",Sex and race and Hispanic origin,Female: White,2012,7.2,
"Deaths per 100,000 resident population, crude",Sex and race and Hispanic origin,Female: White,2013,7.5,
"Deaths per 100,000 resident population, crude",Sex and race and Hispanic origin,Female: White,2014,7.9,
"Deaths per 100,000 resident population, crude",Sex and race and Hispanic origin,Female: White,2015,8.3,
"Deaths per 100,000 resident population, crude",Sex and race and Hispanic origin,Female: White,2016,8.2,
"Deaths per 100,000 resident population, crude",Sex and race and Hispanic origin,Female: White,2017,8.2,
"Deaths per 100,000 resident population, crude",Sex and race and Hispanic origin,Female: White,2018,8.3,
"Deaths per 100,000 resident population, crude",Sex and race and Hispanic origin,Female: Black or African American,1950,,...
"Deaths per 100,000 resident population, crude",Sex and race and Hispanic origin,Female: Black or African American,1960,,...
"Deaths per 100,000 resident population, crude",Sex and race and Hispanic origin,Female: Black or African American,1970,,...
"Deaths per 100,000 resident population, crude",Sex and race and Hispanic origin,Female: Black or African American,1980,,...
"Deaths per 100,000 resident population, crude",Sex and race and Hispanic origin,Female: Black or African American,1981,,...
"Deaths per 100,000 resident population, crude",Sex and race and Hispanic origin,Female: Black or African American,1982,,...
"Deaths per 100,000 resident population, crude",Sex and race and Hispanic origin,Female: Black or African American,1983,,...
"Deaths per 100,000 resident population, crude",Sex and race and Hispanic origin,Female: Black or African American,1984,,...
"Deaths per 100,000 resident population, crude",Sex and race and Hispanic origin,Female: Black or African American,1985,,...
"Deaths per 100,000 resident population, crude",Sex and race and Hispanic origin,Female: Black or African American,1986,,...
"Deaths per 100,000 resident population, crude",Sex and race and Hispanic origin,Female: Black or African American,1987,,...
"Deaths per 100,000 resident population, crude",Sex and race and Hispanic origin,Female: Black or African American,1988,,...
"Deaths per 100,000 resident population, crude",Sex and race and Hispanic origin,Female: Black or African American,1989,,...
"Deaths per 100,000 resident population, crude",Sex and race and Hispanic origin,Female: Black or African American,1990,,...
"Deaths per 100,000 resident population, crude",Sex and race and Hispanic origin,Female: Black or African American,1991,,...
"Deaths per 100,000 resident population, crude",Sex and race and Hispanic origin,Female: Black or African American,1992,,...
"Deaths per 100,000 resident population, crude",Sex and race and Hispanic origin,Female: Black or African American,1993,,...
"Deaths per 100,000 resident population, crude",Sex and race and Hispanic origin,Female: Black or African American,1994,,...
"Deaths per 100,000 resident population, crude",Sex and race and Hispanic origin,Female: Black or African American,1995,,...
"Deaths per 100,000 resident population, crude",Sex and race and Hispanic origin,Female: Black or African American,1996,,...
"Deaths per 100,000 resident population, crude",Sex and race and Hispanic origin,Female: Black or African American,1997,,...
"Deaths per 100,000 resident population, crude",Sex and race and Hispanic origin,Female: Black or African American,1998,,...
"Deaths per 100,000 resident population, crude",Sex and race and Hispanic origin,Female: Black or African American,1999,1.6,
"Deaths per 100,000 resident population, crude",Sex and race and Hispanic origin,Female: Black or African American,2000,1.7,
"Deaths per 100,000 resident population, crude",Sex and race and Hispanic origin,Female: Black or African American,2001,1.7,
"Deaths per 100,000 resident population, crude",Sex and race and Hispanic origin,Female: Black or African American,2002,1.6,
"Deaths per 100,000 resident population, crude",Sex and race and Hispanic origin,Female: Black or African American,2003,1.8,
"Deaths per 100,000 resident population, crude",Sex and race and Hispanic origin,Female: Black or African American,2004,1.8,
"Deaths per 100,000 resident population, crude",Sex and race and Hispanic origin,Female: Black or African American,2005,1.8,
"Deaths per 100,000 resident population, crude",Sex and race and Hispanic origin,Female: Black or African American,2006,1.4,
"Deaths per 100,000 resident population, crude",Sex and race and Hispanic origin,Female: Black or African American,2007,1.7,
"Deaths per 100,000 resident population, crude",Sex and race and Hispanic origin,Female: Black or African American,2008,1.7,
"Deaths per 100,000 resident population, crude",Sex and race and Hispanic origin,Female: Black or African American,2009,1.9,
"Deaths per 100,000 resident population, crude",Sex and race and Hispanic origin,Female: Black or African American,2010,1.8,
"Deaths per 100,000 resident population, crude",Sex and race and Hispanic origin,Female: Black or African American,2011,1.9,
"Deaths per 100,000 resident population, crude",Sex and race and Hispanic origin,Female: Black or African American,2012,2.1,
"Deaths per 100,000 resident population, crude",Sex and race and Hispanic origin,Female: Black or African American,2013,2.1,
"Deaths per 100,000 resident population, crude",Sex and race and Hispanic origin,Female: Black or African American,2014,2.1,
"Deaths per 100,000 resident population, crude",Sex and race and Hispanic origin,Female: Black or African American,2015,2.1,
"Deaths per 100,000 resident population, crude",Sex and race and Hispanic origin,Female: Black or African American,2016,2.5,
"Deaths per 100,000 resident population, crude",Sex and race and Hispanic origin,Female: Black or African American,2017,2.8,
"Deaths per 100,000 resident population, crude",Sex and race and Hispanic origin,Female: Black or African American,2018,2.9,
"Deaths per 100,000 resident population, crude",Sex and race and Hispanic origin,Female: Hispanic or Latino,1950,,...
"Deaths per 100,000 resident population, crude",Sex and race and Hispanic origin,Female: Hispanic or Latino,1960,,...
"Deaths per 100,000 resident population, crude",Sex and race and Hispanic origin,Female: Hispanic or Latino,1970,,...
"Deaths per 100,000 resident population, crude",Sex and race and Hispanic origin,Female: Hispanic or Latino,1980,,...
"Deaths per 100,000 resident population, crude",Sex and race and Hispanic origin,Female: Hispanic or Latino,1981,,...
"Deaths per 100,000 resident population, crude",Sex and race and Hispanic origin,Female: Hispanic or Latino,1982,,...
"Deaths per 100,000 resident population, crude",Sex and race and Hispanic origin,Female: Hispanic or Latino,1983,,...
"Deaths per 100,000 resident population, crude",Sex and race and Hispanic origin,Female: Hispanic or Latino,1984,,...
"Deaths per 100,000 resident population, crude",Sex and race and Hispanic origin,Female: Hispanic or Latino,1985,1.6,
"Deaths per 100,000 resident population, crude",Sex and race and Hispanic origin,Female: Hispanic or Latino,1986,1.9,
"Deaths per 100,000 resident population, crude",Sex and race and Hispanic origin,Female: Hispanic or Latino,1987,1.6,
"Deaths per 100,000 resident population, crude",Sex and race and Hispanic origin,Female: Hispanic or Latino,1988,1.8,
"Deaths per 100,000 resident population, crude",Sex and race and Hispanic origin,Female: Hispanic or Latino,1989,2.4,
"Deaths per 100,000 resident population, crude",Sex and race and Hispanic origin,Female: Hispanic or Latino,1990,2.2,
"Deaths per 100,000 resident population, crude",Sex and race and Hispanic origin,Female: Hispanic or Latino,1991,2.2,
"Deaths per 100,000 resident population, crude",Sex and race and Hispanic origin,Female: Hispanic or Latino,1992,2.0,
"Deaths per 100,000 resident population, crude",Sex and race and Hispanic origin,Female: Hispanic or Latino,1993,1.9,
"Deaths per 100,000 resident population, crude",Sex and race and Hispanic origin,Female: Hispanic or Latino,1994,1.8,
"Deaths per 100,000 resident population, crude",Sex and race and Hispanic origin,Female: Hispanic or Latino,1995,1.8,
"Deaths per 100,000 resident population, crude",Sex and race and Hispanic origin,Female: Hispanic or Latino,1996,2.0,
"Deaths per 100,000 resident population, crude",Sex and race and Hispanic origin,Female: Hispanic or Latino,1997,1.5,
"Deaths per 100,000 resident population, crude",Sex and race and Hispanic origin,Female: Hispanic or Latino,1998,1.7,
"Deaths per 100,000 resident population, crude",Sex and race and Hispanic origin,Female: Hispanic or Latino,1999,1.6,
"Deaths per 100,000 resident population, crude",Sex and race and Hispanic origin,Female: Hispanic or Latino,2000,1.5,
"Deaths per 100,000 resident population, crude",Sex and race and Hispanic origin,Female: Hispanic or Latino,2001,1.5,
"Deaths per 100,000 resident population, crude",Sex and race and Hispanic origin,Female: Hispanic or Latino,2002,1.6,
"Deaths per 100,000 resident population, crude",Sex and race and Hispanic origin,Female: Hispanic or Latino,2003,1.5,
"Deaths per 100,000 resident population, crude",Sex and race and Hispanic origin,Female: Hispanic or Latino,2004,1.8,
"Deaths per 100,000 resident population, crude",Sex and race and Hispanic origin,Female: Hispanic or Latino,2005,1.6,
"Deaths per 100,000 resident population, crude",Sex and race and Hispanic origin,Female: Hispanic or Latino,2006,1.7,
"Deaths per 100,000 resident population, crude",Sex and race and Hispanic origin,Female: Hispanic or Latino,2007,1.7,
"Deaths per 100,000 resident population, crude",Sex and race and Hispanic origin,Female: Hispanic or Latino,2008,1.7,
"Deaths per 100,000 resident population, crude",Sex and race and Hispanic origin,Female: Hispanic or Latino,2009,1.8,
"Deaths per 100,000 resident population, crude",Sex and race and Hispanic origin,Female: Hispanic or Latino,2010,2.0,
"Deaths per 100,000 resident population, crude",Sex and race and Hispanic origin,Female: Hispanic or Latino,2011,1.9,
"Deaths per 100,000 resident population, crude",Sex and race and Hispanic origin,Female: Hispanic or Latino,2012,2.1,
"Deaths per 100,000 resident population, crude",Sex and race and Hispanic origin,Female: Hispanic or Latino,2013,2.2,
"Deaths per 100,000 resident population, crude",Sex and race and Hispanic origin,Female: Hispanic or Latino,2014,2.4,
"Deaths per 100,000 resident population, crude",Sex and race and Hispanic origin,Female: Hispanic or Latino,2015,2.6,
"Deaths per 100,000 resident population, crude",Sex and race and Hispanic origin,Female: Hispanic or Latino,2016,2.5,
"Deaths per 100,000 resident population, crude",Sex and race and Hispanic origin,Female: Hispanic or Latino,2017,2.6,
"Deaths per 100,000 resident population, crude",Sex and race and Hispanic origin,Female: Hispanic or Latino,2018,2.8,
"Deaths per 100,000 resident population, crude",Sex and race and Hispanic origin,Female: American Indian or Alaska Native,1999,4.7,
"Deaths per 100,000 resident population, crude",Sex and race and Hispanic origin,Female: American Indian or Alaska Native,2000,4.9,
"Deaths per 100,000 resident population, crude",Sex and race and Hispanic origin,Female: American Indian or Alaska Native,2001,5.0,
"Deaths per 100,000 resident population, crude",Sex and race and Hispanic origin,Female: American Indian or Alaska Native,2002,5.0,
"Deaths per 100,000 resident population, crude",Sex and race and Hispanic origin,Female: American Indian or Alaska Native,2003,4.5,
"Deaths per 100,000 resident population, crude",Sex and race and Hispanic origin,Female: American Indian or Alaska Native,2004,7.7,
"Deaths per 100,000 resident population, crude",Sex and race and Hispanic origin,Female: American Indian or Alaska Native,2005,6.1,
"Deaths per 100,000 resident population, crude",Sex and race and Hispanic origin,Female: American Indian or Alaska Native,2006,6.7,
"Deaths per 100,000 resident population, crude",Sex and race and Hispanic origin,Female: American Indian or Alaska Native,2007,6.3,
"Deaths per 100,000 resident population, crude",Sex and race and Hispanic origin,Female: American Indian or Alaska Native,2008,7.5,
"Deaths per 100,000 resident population, crude",Sex and race and Hispanic origin,Female: American Indian or Alaska Native,2009,8.4,
"Deaths per 100,000 resident population, crude",Sex and race and Hispanic origin,Female: American Indian or Alaska Native,2010,9.0,
"Deaths per 100,000 resident population, crude",Sex and race and Hispanic origin,Female: American Indian or Alaska Native,2011,7.8,
"Deaths per 100,000 resident population, crude",Sex and race and Hispanic origin,Female: American Indian or Alaska Native,2012,6.9,
"Deaths per 100,000 resident population, crude",Sex and race and Hispanic origin,Female: American Indian or Alaska Native,2013,8.0,
"Deaths per 100,000 resident population, crude",Sex and race and Hispanic origin,Female: American Indian or Alaska Native,2014,8.7,
"Deaths per 100,000 resident population, crude",Sex and race and Hispanic origin,Female: American Indian or Alaska Native,2015,10.2,
"Deaths per 100,000 resident population, crude",Sex and race and Hispanic origin,Female: American Indian or Alaska Native,2016,10.1,
"Deaths per 100,000 resident population, crude",Sex and race and Hispanic origin,Female: American Indian or Alaska Native,2017,11.1,
"Deaths per 100,000 resident population, crude",Sex and race and Hispanic origin,Female: American Indian or Alaska Native,2018,10.5,
"Deaths per 100,000 resident population, crude",Sex and race and Hispanic origin,Female: Asian or Pacific Islander,1999,3.3,
"Deaths per 100,000 resident population, crude",Sex and race and Hispanic origin,Female: Asian or Pacific Islander,2000,2.7,
"Deaths per 100,000 resident population, crude",Sex and race and Hispanic origin,Female: Asian or Pacific Islander,2001,2.8,
"Deaths per 100,000 resident population, crude",Sex and race and Hispanic origin,Female: Asian or Pacific Islander,2002,3.0,
"Deaths per 100,000 resident population, crude",Sex and race and Hispanic origin,Female: Asian or Pacific Islander,2003,3.1,
"Deaths per 100,000 resident population, crude",Sex and race and Hispanic origin,Female: Asian or Pacific Islander,2004,3.5,
"Deaths per 100,000 resident population, crude",Sex and race and Hispanic origin,Female: Asian or Pacific Islander,2005,3.1,
"Deaths per 100,000 resident population, crude",Sex and race and Hispanic origin,Female: Asian or Pacific Islander,2006,3.3,
"Deaths per 100,000 resident population, crude",Sex and race and Hispanic origin,Female: Asian or Pacific Islander,2007,3.4,
"Deaths per 100,000 resident population, crude",Sex and race and Hispanic origin,Female: Asian or Pacific Islander,2008,3.6,
"Deaths per 100,000 resident population, crude",Sex and race and Hispanic origin,Female: Asian or Pacific Islander,2009,3.6,
"Deaths per 100,000 resident population, crude",Sex and race and Hispanic origin,Female: Asian or Pacific Islander,2010,3.5,
"Deaths per 100,000 resident population, crude",Sex and race and Hispanic origin,Female: Asian or Pacific Islander,2011,3.6,
"Deaths per 100,000 resident population, crude",Sex and race and Hispanic origin,Female: Asian or Pacific Islander,2012,3.7,
"Deaths per 100,000 resident population, crude",Sex and race and Hispanic origin,Female: Asian or Pacific Islander,2013,3.2,
"Deaths per 100,000 resident population, crude",Sex and race and Hispanic origin,Female: Asian or Pacific Islander,2014,3.6,
"Deaths per 100,000 resident population, crude",Sex and race and Hispanic origin,Female: Asian or Pacific Islander,2015,4.2,
"Deaths per 100,000 resident population, crude",Sex and race and Hispanic origin,Female: Asian or Pacific Islander,2016,3.8,
"Deaths per 100,000 resident population, crude",Sex and race and Hispanic origin,Female: Asian or Pacific Islander,2017,4.0,
"Deaths per 100,000 resident population, crude",Sex and race and Hispanic origin,Female: Asian or Pacific Islander,2018,4.1,
"Deaths per 100,000 resident population, crude","Sex, age and race and Hispanic origin",Male: American Indian or Alaska Native: 15-24 years,1999,39.1,
"Deaths per 100,000 resident population, crude","Sex, age and race and Hispanic origin",Male: American Indian or Alaska Native: 15-24 years,2000,33.0,
"Deaths per 100,000 resident population, crude","Sex, age and race and Hispanic origin",Male: American Indian or Alaska Native: 15-24 years,2001,29.2,
"Deaths per 100,000 resident population, crude","Sex, age and race and Hispanic origin",Male: White: 15-24 years,2005,18.8,
"Deaths per 100,000 resident population, crude","Sex, age and race and Hispanic origin",Male: American Indian or Alaska Native: 15-24 years,2002,36.0,
"Deaths per 100,000 resident population, crude","Sex, age and race and Hispanic origin",Male: American Indian or Alaska Native: 15-24 years,2003,35.4,
"Deaths per 100,000 resident population, crude","Sex, age and race and Hispanic origin",Male: American Indian or Alaska Native: 15-24 years,2004,40.2,
"Deaths per 100,000 resident population, crude","Sex, age and race and Hispanic origin",Male: American Indian or Alaska Native: 15-24 years,2005,41.3,
"Deaths per 100,000 resident population, crude","Sex, age and race and Hispanic origin",Male: American Indian or Alaska Native: 15-24 years,2006,44.4,
"Deaths per 100,000 resident population, crude","Sex, age and race and Hispanic origin",Male: American Indian or Alaska Native: 15-24 years,2007,41.2,
"Deaths per 100,000 resident population, crude","Sex, age and race and Hispanic origin",Male: American Indian or Alaska Native: 15-24 years,2008,44.6,
"Deaths per 100,000 resident population, crude","Sex, age and race and Hispanic origin",Male: American Indian or Alaska Native: 15-24 years,2009,47.3,
"Deaths per 100,000 resident population, crude","Sex, age and race and Hispanic origin",Male: American Indian or Alaska Native: 15-24 years,2010,51.9,
"Deaths per 100,000 resident population, crude","Sex, age and race and Hispanic origin",Male: American Indian or Alaska Native: 15-24 years,2011,46.1,
"Deaths per 100,000 resident population, crude","Sex, age and race and Hispanic origin",Male: American Indian or Alaska Native: 15-24 years,2012,48.5,
"Deaths per 100,000 resident population, crude","Sex, age and race and Hispanic origin",Male: American Indian or Alaska Native: 15-24 years,2013,47.5,
"Deaths per 100,000 resident population, crude","Sex, age and race and Hispanic origin",Male: American Indian or Alaska Native: 15-24 years,2014,38.2,
"Deaths per 100,000 resident population, crude","Sex, age and race and Hispanic origin",Male: American Indian or Alaska Native: 15-24 years,2015,49.2,
"Deaths per 100,000 resident population, crude","Sex, age and race and Hispanic origin",Male: American Indian or Alaska Native: 15-24 years,2016,51.7,
"Deaths per 100,000 resident population, crude","Sex, age and race and Hispanic origin",Male: American Indian or Alaska Native: 15-24 years,2017,53.7,
"Deaths per 100,000 resident population, crude","Sex, age and race and Hispanic origin",Male: American Indian or Alaska Native: 15-24 years,2018,58.4,
"Deaths per 100,000 resident population, crude","Sex, age and race and Hispanic origin",Male: American Indian or Alaska Native: 25-44 years,1999,30.0,
"Deaths per 100,000 resident population, crude","Sex, age and race and Hispanic origin",Male: American Indian or Alaska Native: 25-44 years,2000,30.1,
"Deaths per 100,000 resident population, crude","Sex, age and race and Hispanic origin",Male: American Indian or Alaska Native: 25-44 years,2001,36.4,
"Deaths per 100,000 resident population, crude","Sex, age and race and Hispanic origin",Male: American Indian or Alaska Native: 25-44 years,2002,35.5,
"Deaths per 100,000 resident population, crude","Sex, age and race and Hispanic origin",Male: American Indian or Alaska Native: 25-44 years,2003,41.5,
"Deaths per 100,000 resident population, crude","Sex, age and race and Hispanic origin",Male: American Indian or Alaska Native: 25-44 years,2004,41.1,
"Deaths per 100,000 resident population, crude","Sex, age and race and Hispanic origin",Male: American Indian or Alaska Native: 25-44 years,2005,39.8,
"Deaths per 100,000 resident population, crude","Sex, age and race and Hispanic origin",Male: American Indian or Alaska Native: 25-44 years,2006,36.9,
"Deaths per 100,000 resident population, crude","Sex, age and race and Hispanic origin",Male: American Indian or Alaska Native: 25-44 years,2007,39.6,
"Deaths per 100,000 resident population, crude","Sex, age and race and Hispanic origin",Male: American Indian or Alaska Native: 25-44 years,2008,38.8,
"Deaths per 100,000 resident population, crude","Sex, age and race and Hispanic origin",Male: American Indian or Alaska Native: 25-44 years,2009,35.2,
"Deaths per 100,000 resident population, crude","Sex, age and race and Hispanic origin",Male: American Indian or Alaska Native: 25-44 years,2010,36.5,
"Deaths per 100,000 resident population, crude","Sex, age and race and Hispanic origin",Male: American Indian or Alaska Native: 25-44 years,2011,40.8,
"Deaths per 100,000 resident population, crude","Sex, age and race and Hispanic origin",Male: American Indian or Alaska Native: 25-44 years,2012,43.7,
"Deaths per 100,000 resident population, crude","Sex, age and race and Hispanic origin",Male: American Indian or Alaska Native: 25-44 years,2013,46.9,
"Deaths per 100,000 resident population, crude","Sex, age and race and Hispanic origin",Male: American Indian or Alaska Native: 25-44 years,2014,48.0,
"Deaths per 100,000 resident population, crude","Sex, age and race and Hispanic origin",Male: American Indian or Alaska Native: 25-44 years,2015,46.1,
"Deaths per 100,000 resident population, crude","Sex, age and race and Hispanic origin",Male: American Indian or Alaska Native: 25-44 years,2016,57.5,
"Deaths per 100,000 resident population, crude","Sex, age and race and Hispanic origin",Male: American Indian or Alaska Native: 25-44 years,2017,58.1,
"Deaths per 100,000 resident population, crude","Sex, age and race and Hispanic origin",Male: American Indian or Alaska Native: 25-44 years,2018,59.7,
"Deaths per 100,000 resident population, crude","Sex, age and race and Hispanic origin",Male: American Indian or Alaska Native: 45-64 years,1999,14.9,
"Deaths per 100,000 resident population, crude","Sex, age and race and Hispanic origin",Male: American Indian or Alaska Native: 45-64 years,2000,18.2,
"Deaths per 100,000 resident population, crude","Sex, age and race and Hispanic origin",Male: American Indian or Alaska Native: 45-64 years,2001,19.7,
"Deaths per 100,000 resident population, crude","Sex, age and race and Hispanic origin",Male: American Indian or Alaska Native: 45-64 years,2002,16.8,
"Deaths per 100,000 resident population, crude","Sex, age and race and Hispanic origin",Male: American Indian or Alaska Native: 45-64 years,2003,11.6,
"Deaths per 100,000 resident population, crude","Sex, age and race and Hispanic origin",Male: American Indian or Alaska Native: 45-64 years,2004,18.7,
"Deaths per 100,000 resident population, crude","Sex, age and race and Hispanic origin",Male: American Indian or Alaska Native: 45-64 years,2005,19.2,
"Deaths per 100,000 resident population, crude","Sex, age and race and Hispanic origin",Male: American Indian or Alaska Native: 45-64 years,2006,20.1,
"Deaths per 100,000 resident population, crude","Sex, age and race and Hispanic origin",Male: American Indian or Alaska Native: 45-64 years,2007,17.3,
"Deaths per 100,000 resident population, crude","Sex, age and race and Hispanic origin",Male: American Indian or Alaska Native: 45-64 years,2008,14.8,
"Deaths per 100,000 resident population, crude","Sex, age and race and Hispanic origin",Male: American Indian or Alaska Native: 45-64 years,2009,21.2,
"Deaths per 100,000 resident population, crude","Sex, age and race and Hispanic origin",Male: American Indian or Alaska Native: 45-64 years,2010,24.6,
"Deaths per 100,000 resident population, crude","Sex, age and race and Hispanic origin",Male: American Indian or Alaska Native: 45-64 years,2011,20.1,
"Deaths per 100,000 resident population, crude","Sex, age and race and Hispanic origin",Male: American Indian or Alaska Native: 45-64 years,2012,26.9,
"Deaths per 100,000 resident population, crude","Sex, age and race and Hispanic origin",Male: American Indian or Alaska Native: 45-64 years,2013,26.4,
"Deaths per 100,000 resident population, crude","Sex, age and race and Hispanic origin",Male: American Indian or Alaska Native: 45-64 years,2014,22.7,
"Deaths per 100,000 resident population, crude","Sex, age and race and Hispanic origin",Male: American Indian or Alaska Native: 45-64 years,2015,31.3,
"Deaths per 100,000 resident population, crude","Sex, age and race and Hispanic origin",Male: American Indian or Alaska Native: 45-64 years,2016,30.5,
"Deaths per 100,000 resident population, crude","Sex, age and race and Hispanic origin",Male: American Indian or Alaska Native: 45-64 years,2017,29.5,
"Deaths per 100,000 resident population, crude","Sex, age and race and Hispanic origin",Male: American Indian or Alaska Native: 45-64 years,2018,28.0,
"Deaths per 100,000 resident population, crude","Sex, age and race and Hispanic origin",Male: American Indian or Alaska Native: 65 years and over,1999,,*
"Deaths per 100,000 resident population, crude","Sex, age and race and Hispanic origin",Male: American Indian or Alaska Native: 65 years and over,2000,,*
"Deaths per 100,000 resident population, crude","Sex, age and race and Hispanic origin",Male: American Indian or Alaska Native: 65 years and over,2001,,*
"Deaths per 100,000 resident population, crude","Sex, age and race and Hispanic origin",Male: American Indian or Alaska Native: 65 years and over,2002,,*
"Deaths per 100,000 resident population, crude","Sex, age and race and Hispanic origin",Male: American Indian or Alaska Native: 65 years and over,2003,,*
"Deaths per 100,000 resident population, crude","Sex, age and race and Hispanic origin",Male: American Indian or Alaska Native: 65 years and over,2004,,*
"Deaths per 100,000 resident population, crude","Sex, age and race and Hispanic origin",Male: American Indian or Alaska Native: 65 years and over,2005,,*
"Deaths per 100,000 resident population, crude","Sex, age and race and Hispanic origin",Male: American Indian or Alaska Native: 65 years and over,2006,,*
"Deaths per 100,000 resident population, crude","Sex, age and race and Hispanic origin",Male: American Indian or Alaska Native: 65 years and over,2007,,*
"Deaths per 100,000 resident population, crude","Sex, age and race and Hispanic origin",Male: American Indian or Alaska Native: 65 years and over,2008,,*
"Deaths per 100,000 resident population, crude","Sex, age and race and Hispanic origin",Male: American Indian or Alaska Native: 65 years and over,2009,,*
"Deaths per 100,000 resident population, crude","Sex, age and race and Hispanic origin",Male: American Indian or Alaska Native: 65 years and over,2010,,*
"Deaths per 100,000 resident population, crude","Sex, age and race and Hispanic origin",Male: American Indian or Alaska Native: 65 years and over,2011,,*
"Deaths per 100,000 resident population, crude","Sex, age and race and Hispanic origin",Male: American Indian or Alaska Native: 65 years and over,2012,,*
"Deaths per 100,000 resident population, crude","Sex, age and race and Hispanic origin",Male: American Indian or Alaska Native: 65 years and over,2013,,*
"Deaths per 100,000 resident population, crude","Sex, age and race and Hispanic origin",Male: American Indian or Alaska Native: 65 years and over,2014,17.6,
"Deaths per 100,000 resident population, crude","Sex, age and race and Hispanic origin",Male: American Indian or Alaska Native: 65 years and over,2015,16.6,
"Deaths per 100,000 resident population, crude","Sex, age and race and Hispanic origin",Male: American Indian or Alaska Native: 65 years and over,2016,,*
"Deaths per 100,000 resident population, crude","Sex, age and race and Hispanic origin",Male: American Indian or Alaska Native: 65 years and over,2017,15.6,
"Deaths per 100,000 resident population, crude","Sex, age and race and Hispanic origin",Male: American Indian or Alaska Native: 65 years and over,2018,17.0,
"Deaths per 100,000 resident population, crude","Sex, age and race and Hispanic origin",Male: Asian or Pacific Islander: 15-24 years,1999,9.5,
"Deaths per 100,000 resident population, crude","Sex, age and race and Hispanic origin",Male: Asian or Pacific Islander: 15-24 years,2000,9.2,
"Deaths per 100,000 resident population, crude","Sex, age and race and Hispanic origin",Male: Asian or Pacific Islander: 15-24 years,2001,9.0,
"Deaths per 100,000 resident population, crude","Sex, age and race and Hispanic origin",Male: Asian or Pacific Islander: 15-24 years,2002,8.3,
"Deaths per 100,000 resident population, crude","Sex, age and race and Hispanic origin",Male: Asian or Pacific Islander: 15-24 years,2003,8.4,
"Deaths per 100,000 resident population, crude","Sex, age and race and Hispanic origin",Male: Asian or Pacific Islander: 15-24 years,2004,8.7,
"Deaths per 100,000 resident population, crude","Sex, age and race and Hispanic origin",Male: Asian or Pacific Islander: 15-24 years,2005,6.7,
"Deaths per 100,000 resident population, crude","Sex, age and race and Hispanic origin",Male: Asian or Pacific Islander: 15-24 years,2006,11.0,
"Deaths per 100,000 resident population, crude","Sex, age and race and Hispanic origin",Male: Asian or Pacific Islander: 15-24 years,2007,11.7,
"Deaths per 100,000 resident population, crude","Sex, age and race and Hispanic origin",Male: Asian or Pacific Islander: 15-24 years,2008,7.2,
"Deaths per 100,000 resident population, crude","Sex, age and race and Hispanic origin",Male: Asian or Pacific Islander: 15-24 years,2009,7.9,
"Deaths per 100,000 resident population, crude","Sex, age and race and Hispanic origin",Male: Asian or Pacific Islander: 15-24 years,2010,10.4,
"Deaths per 100,000 resident population, crude","Sex, age and race and Hispanic origin",Male: Asian or Pacific Islander: 15-24 years,2011,9.9,
"Deaths per 100,000 resident population, crude","Sex, age and race and Hispanic origin",Male: Asian or Pacific Islander: 15-24 years,2012,10.0,
"Deaths per 100,000 resident population, crude","Sex, age and race and Hispanic origin",Male: Asian or Pacific Islander: 15-24 years,2013,12.0,
"Deaths per 100,000 resident population, crude","Sex, age and race and Hispanic origin",Male: Asian or Pacific Islander: 15-24 years,2014,12.8,
"Deaths per 100,000 resident population, crude","Sex, age and race and Hispanic origin",Male: Asian or Pacific Islander: 15-24 years,2015,15.5,
"Deaths per 100,000 resident population, crude","Sex, age and race and Hispanic origin",Male: Asian or Pacific Islander: 15-24 years,2016,16.9,
"Deaths per 100,000 resident population, crude","Sex, age and race and Hispanic origin",Male: Asian or Pacific Islander: 15-24 years,2017,16.9,
"Deaths per 100,000 resident population, crude","Sex, age and race and Hispanic origin",Male: Asian or Pacific Islander: 15-24 years,2018,16.0,
"Deaths per 100,000 resident population, crude","Sex, age and race and Hispanic origin",Male: Asian or Pacific Islander: 25-44 years,1999,10.8,
"Deaths per 100,000 resident population, crude","Sex, age and race and Hispanic origin",Male: Asian or Pacific Islander: 25-44 years,2000,10.0,
"Deaths per 100,000 resident population, crude","Sex, age and race and Hispanic origin",Male: Asian or Pacific Islander: 25-44 years,2001,9.4,
"Deaths per 100,000 resident population, crude","Sex, age and race and Hispanic origin",Male: Asian or Pacific Islander: 25-44 years,2002,9.3,
"Deaths per 100,000 resident population, crude","Sex, age and race and Hispanic origin",Male: Asian or Pacific Islander: 25-44 years,2003,9.4,
"Deaths per 100,000 resident population, crude","Sex, age and race and Hispanic origin",Male: Asian or Pacific Islander: 25-44 years,2004,8.7,
"Deaths per 100,000 resident population, crude","Sex, age and race and Hispanic origin",Male: Asian or Pacific Islander: 25-44 years,2005,9.8,
"Deaths per 100,000 resident population, crude","Sex, age and race and Hispanic origin",Male: Asian or Pacific Islander: 25-44 years,2006,9.4,
"Deaths per 100,000 resident population, crude","Sex, age and race and Hispanic origin",Male: Asian or Pacific Islander: 25-44 years,2007,10.0,
"Deaths per 100,000 resident population, crude","Sex, age and race and Hispanic origin",Male: Asian or Pacific Islander: 25-44 years,2008,8.6,
"Deaths per 100,000 resident population, crude","Sex, age and race and Hispanic origin",Male: Asian or Pacific Islander: 25-44 years,2009,9.6,
"Deaths per 100,000 resident population, crude","Sex, age and race and Hispanic origin",Male: Asian or Pacific Islander: 25-44 years,2010,10.6,
"Deaths per 100,000 resident population, crude","Sex, age and race and Hispanic origin",Male: Asian or Pacific Islander: 25-44 years,2011,10.9,
"Deaths per 100,000 resident population, crude","Sex, age and race and Hispanic origin",Male: Asian or Pacific Islander: 25-44 years,2012,12.0,
"Deaths per 100,000 resident population, crude","Sex, age and race and Hispanic origin",Male: Asian or Pacific Islander: 25-44 years,2013,12.2,
"Deaths per 100,000 resident population, crude","Sex, age and race and Hispanic origin",Male: Asian or Pacific Islander: 25-44 years,2014,9.9,
"Deaths per 100,000 resident population, crude","Sex, age and race and Hispanic origin",Male: Asian or Pacific Islander: 25-44 years,2015,9.8,
"Deaths per 100,000 resident population, crude","Sex, age and race and Hispanic origin",Male: Asian or Pacific Islander: 25-44 years,2016,12.1,
"Deaths per 100,000 resident population, crude","Sex, age and race and Hispanic origin",Male: Asian or Pacific Islander: 25-44 years,2017,11.5,
"Deaths per 100,000 resident population, crude","Sex, age and race and Hispanic origin",Male: Asian or Pacific Islander: 25-44 years,2018,12.0,
"Deaths per 100,000 resident population, crude","Sex, age and race and Hispanic origin",Male: Asian or Pacific Islander: 45-64 years,1999,11.5,
"Deaths per 100,000 resident population, crude","Sex, age and race and Hispanic origin",Male: Asian or Pacific Islander: 45-64 years,2000,9.7,
"Deaths per 100,000 resident population, crude","Sex, age and race and Hispanic origin",Male: Asian or Pacific Islander: 45-64 years,2001,8.2,
"Deaths per 100,000 resident population, crude","Sex, age and race and Hispanic origin",Male: Asian or Pacific Islander: 45-64 years,2002,9.2,
"Deaths per 100,000 resident population, crude","Sex, age and race and Hispanic origin",Male: Asian or Pacific Islander: 45-64 years,2003,10.1,
"Deaths per 100,000 resident population, crude","Sex, age and race and Hispanic origin",Male: Asian or Pacific Islander: 45-64 years,2004,11.3,
"Deaths per 100,000 resident population, crude","Sex, age and race and Hispanic origin",Male: Asian or Pacific Islander: 45-64 years,2005,8.8,
"Deaths per 100,000 resident population, crude","Sex, age and race and Hispanic origin",Male: Asian or Pacific Islander: 45-64 years,2006,9.9,
"Deaths per 100,000 resident population, crude","Sex, age and race and Hispanic origin",Male: Asian or Pacific Islander: 45-64 years,2007,10.6,
"Deaths per 100,000 resident population, crude","Sex, age and race and Hispanic origin",Male: Asian or Pacific Islander: 45-64 years,2008,11.1,
"Deaths per 100,000 resident population, crude","Sex, age and race and Hispanic origin",Male: Asian or Pacific Islander: 45-64 years,2009,12.2,
"Deaths per 100,000 resident population, crude","Sex, age and race and Hispanic origin",Male: Asian or Pacific Islander: 45-64 years,2010,12.7,
"Deaths per 100,000 resident population, crude","Sex, age and race and Hispanic origin",Male: Asian or Pacific Islander: 45-64 years,2011,11.4,
"Deaths per 100,000 resident population, crude","Sex, age and race and Hispanic origin",Male: Asian or Pacific Islander: 45-64 years,2012,12.2,
"Deaths per 100,000 resident population, crude","Sex, age and race and Hispanic origin",Male: Asian or Pacific Islander: 45-64 years,2013,11.0,
"Deaths per 100,000 resident population, crude","Sex, age and race and Hispanic origin",Male: Asian or Pacific Islander: 45-64 years,2014,12.2,
"Deaths per 100,000 resident population, crude","Sex, age and race and Hispanic origin",Male: Asian or Pacific Islander: 45-64 years,2015,10.9,
"Deaths per 100,000 resident population, crude","Sex, age and race and Hispanic origin",Male: Asian or Pacific Islander: 45-64 years,2016,11.8,
"Deaths per 100,000 resident population, crude","Sex, age and race and Hispanic origin",Male: Asian or Pacific Islander: 45-64 years,2017,11.2,
"Deaths per 100,000 resident population, crude","Sex, age and race and Hispanic origin",Male: Asian or Pacific Islander: 45-64 years,2018,12.5,
"Deaths per 100,000 resident population, crude","Sex, age and race and Hispanic origin",Male: Asian or Pacific Islander: 65 years and over,1999,13.6,
"Deaths per 100,000 resident population, crude","Sex, age and race and Hispanic origin",Male: Asian or Pacific Islander: 65 years and over,2000,15.6,
"Deaths per 100,000 resident population, crude","Sex, age and race and Hispanic origin",Male: Asian or Pacific Islander: 65 years and over,2001,18.2,
"Deaths per 100,000 resident population, crude","Sex, age and race and Hispanic origin",Male: Asian or Pacific Islander: 65 years and over,2002,14.7,
"Deaths per 100,000 resident population, crude","Sex, age and race and Hispanic origin",Male: Asian or Pacific Islander: 65 years and over,2003,17.3,
"Deaths per 100,000 resident population, crude","Sex, age and race and Hispanic origin",Male: Asian or Pacific Islander: 65 years and over,2004,15.1,
"Deaths per 100,000 resident population, crude","Sex, age and race and Hispanic origin",Male: Asian or Pacific Islander: 65 years and over,2005,11.2,
"Deaths per 100,000 resident population, crude","Sex, age and race and Hispanic origin",Male: Asian or Pacific Islander: 65 years and over,2006,10.6,
"Deaths per 100,000 resident population, crude","Sex, age and race and Hispanic origin",Male: Asian or Pacific Islander: 65 years and over,2007,12.9,
"Deaths per 100,000 resident population, crude","Sex, age and race and Hispanic origin",Male: Asian or Pacific Islander: 65 years and over,2008,14.9,
"Deaths per 100,000 resident population, crude","Sex, age and race and Hispanic origin",Male: Asian or Pacific Islander: 65 years and over,2009,15.5,
"Deaths per 100,000 resident population, crude","Sex, age and race and Hispanic origin",Male: Asian or Pacific Islander: 65 years and over,2010,15.2,
"Deaths per 100,000 resident population, crude","Sex, age and race and Hispanic origin",Male: Asian or Pacific Islander: 65 years and over,2011,13.4,
"Deaths per 100,000 resident population, crude","Sex, age and race and Hispanic origin",Male: Asian or Pacific Islander: 65 years and over,2012,13.1,
"Deaths per 100,000 resident population, crude","Sex, age and race and Hispanic origin",Male: Asian or Pacific Islander: 65 years and over,2013,10.9,
"Deaths per 100,000 resident population, crude","Sex, age and race and Hispanic origin",Male: Asian or Pacific Islander: 65 years and over,2014,11.6,
"Deaths per 100,000 resident population, crude","Sex, age and race and Hispanic origin",Male: Asian or Pacific Islander: 65 years and over,2015,12.8,
"Deaths per 100,000 resident population, crude","Sex, age and race and Hispanic origin",Male: Asian or Pacific Islander: 65 years and over,2016,12.1,
"Deaths per 100,000 resident population, crude","Sex, age and race and Hispanic origin",Male: Asian or Pacific Islander: 65 years and over,2017,12.7,
"Deaths per 100,000 resident population, crude","Sex, age and race and Hispanic origin",Male: Asian or Pacific Islander: 65 years and over,2018,13.5,
"Deaths per 100,000 resident population, crude","Sex, age and race and Hispanic origin",Female: American Indian or Alaska Native: 15-24 years,1999,,*
"Deaths per 100,000 resident population, crude","Sex, age and race and Hispanic origin",Female: American Indian or Alaska Native: 15-24 years,2000,,*
"Deaths per 100,000 resident population, crude","Sex, age and race and Hispanic origin",Female: American Indian or Alaska Native: 15-24 years,2001,,*
"Deaths per 100,000 resident population, crude","Sex, age and race and Hispanic origin",Female: American Indian or Alaska Native: 15-24 years,2002,,*
"Deaths per 100,000 resident population, crude","Sex, age and race and Hispanic origin",Female: American Indian or Alaska Native: 15-24 years,2003,10.0,
"Deaths per 100,000 resident population, crude","Sex, age and race and Hispanic origin",Female: American Indian or Alaska Native: 15-24 years,2004,13.5,
"Deaths per 100,000 resident population, crude","Sex, age and race and Hispanic origin",Female: American Indian or Alaska Native: 15-24 years,2005,12.9,
"Deaths per 100,000 resident population, crude","Sex, age and race and Hispanic origin",Female: American Indian or Alaska Native: 15-24 years,2006,11.4,
"Deaths per 100,000 resident population, crude","Sex, age and race and Hispanic origin",Female: American Indian or Alaska Native: 15-24 years,2007,10.0,
"Deaths per 100,000 resident population, crude","Sex, age and race and Hispanic origin",Female: American Indian or Alaska Native: 15-24 years,2008,12.3,
"Deaths per 100,000 resident population, crude","Sex, age and race and Hispanic origin",Female: American Indian or Alaska Native: 15-24 years,2009,17.5,
"Deaths per 100,000 resident population, crude","Sex, age and race and Hispanic origin",Female: American Indian or Alaska Native: 15-24 years,2010,16.7,
"Deaths per 100,000 resident population, crude","Sex, age and race and Hispanic origin",Female: American Indian or Alaska Native: 15-24 years,2011,12.0,
"Deaths per 100,000 resident population, crude","Sex, age and race and Hispanic origin",Female: American Indian or Alaska Native: 15-24 years,2012,16.1,
"Deaths per 100,000 resident population, crude","Sex, age and race and Hispanic origin",Female: American Indian or Alaska Native: 15-24 years,2013,15.1,
"Deaths per 100,000 resident population, crude","Sex, age and race and Hispanic origin",Female: American Indian or Alaska Native: 15-24 years,2014,15.6,
"Deaths per 100,000 resident population, crude","Sex, age and race and Hispanic origin",Female: American Indian or Alaska Native: 15-24 years,2015,18.5,
"Deaths per 100,000 resident population, crude","Sex, age and race and Hispanic origin",Female: American Indian or Alaska Native: 15-24 years,2016,19.7,
"Deaths per 100,000 resident population, crude","Sex, age and race and Hispanic origin",Female: American Indian or Alaska Native: 15-24 years,2017,20.5,
"Deaths per 100,000 resident population, crude","Sex, age and race and Hispanic origin",Female: American Indian or Alaska Native: 15-24 years,2018,16.4,
"Deaths per 100,000 resident population, crude","Sex, age and race and Hispanic origin",Female: American Indian or Alaska Native: 25-44 years,1999,8.2,
"Deaths per 100,000 resident population, crude","Sex, age and race and Hispanic origin",Female: American Indian or Alaska Native: 25-44 years,2000,9.1,
"Deaths per 100,000 resident population, crude","Sex, age and race and Hispanic origin",Female: American Indian or Alaska Native: 25-44 years,2001,7.6,
"Deaths per 100,000 resident population, crude","Sex, age and race and Hispanic origin",Female: American Indian or Alaska Native: 25-44 years,2002,7.1,
"Deaths per 100,000 resident population, crude","Sex, age and race and Hispanic origin",Female: American Indian or Alaska Native: 25-44 years,2003,6.0,
"Deaths per 100,000 resident population, crude","Sex, age and race and Hispanic origin",Female: American Indian or Alaska Native: 25-44 years,2004,12.7,
"Deaths per 100,000 resident population, crude","Sex, age and race and Hispanic origin",Female: American Indian or Alaska Native: 25-44 years,2005,9.6,
"Deaths per 100,000 resident population, crude","Sex, age and race and Hispanic origin",Female: American Indian or Alaska Native: 25-44 years,2006,10.7,
"Deaths per 100,000 resident population, crude","Sex, age and race and Hispanic origin",Female: American Indian or Alaska Native: 25-44 years,2007,9.0,
"Deaths per 100,000 resident population, crude","Sex, age and race and Hispanic origin",Female: American Indian or Alaska Native: 25-44 years,2008,9.8,
"Deaths per 100,000 resident population, crude","Sex, age and race and Hispanic origin",Female: American Indian or Alaska Native: 25-44 years,2009,11.3,
"Deaths per 100,000 resident population, crude","Sex, age and race and Hispanic origin",Female: American Indian or Alaska Native: 25-44 years,2010,11.8,
"Deaths per 100,000 resident population, crude","Sex, age and race and Hispanic origin",Female: American Indian or Alaska Native: 25-44 years,2011,12.9,
"Deaths per 100,000 resident population, crude","Sex, age and race and Hispanic origin",Female: American Indian or Alaska Native: 25-44 years,2012,10.0,
"Deaths per 100,000 resident population, crude","Sex, age and race and Hispanic origin",Female: American Indian or Alaska Native: 25-44 years,2013,11.3,
"Deaths per 100,000 resident population, crude","Sex, age and race and Hispanic origin",Female: American Indian or Alaska Native: 25-44 years,2014,15.7,
"Deaths per 100,000 resident population, crude","Sex, age and race and Hispanic origin",Female: American Indian or Alaska Native: 25-44 years,2015,14.1,
"Deaths per 100,000 resident population, crude","Sex, age and race and Hispanic origin",Female: American Indian or Alaska Native: 25-44 years,2016,17.5,
"Deaths per 100,000 resident population, crude","Sex, age and race and Hispanic origin",Female: American Indian or Alaska Native: 25-44 years,2017,20.7,
"Deaths per 100,000 resident population, crude","Sex, age and race and Hispanic origin",Female: American Indian or Alaska Native: 25-44 years,2018,17.2,
"Deaths per 100,000 resident population, crude","Sex, age and race and Hispanic origin",Female: American Indian or Alaska Native: 45-64 years,1999,,*
"Deaths per 100,000 resident population, crude","Sex, age and race and Hispanic origin",Female: American Indian or Alaska Native: 45-64 years,2000,,*
"Deaths per 100,000 resident population, crude","Sex, age and race and Hispanic origin",Female: American Indian or Alaska Native: 45-64 years,2001,,*
"Deaths per 100,000 resident population, crude","Sex, age and race and Hispanic origin",Female: American Indian or Alaska Native: 45-64 years,2002,,*
"Deaths per 100,000 resident population, crude","Sex, age and race and Hispanic origin",Female: American Indian or Alaska Native: 45-64 years,2003,,*
"Deaths per 100,000 resident population, crude","Sex, age and race and Hispanic origin",Female: American Indian or Alaska Native: 45-64 years,2004,,*
"Deaths per 100,000 resident population, crude","Sex, age and race and Hispanic origin",Female: American Indian or Alaska Native: 45-64 years,2005,,*
"Deaths per 100,000 resident population, crude","Sex, age and race and Hispanic origin",Female: American Indian or Alaska Native: 45-64 years,2006,,*
"Deaths per 100,000 resident population, crude","Sex, age and race and Hispanic origin",Female: American Indian or Alaska Native: 45-64 years,2007,,*
"Deaths per 100,000 resident population, crude","Sex, age and race and Hispanic origin",Female: American Indian or Alaska Native: 45-64 years,2008,8.4,
"Deaths per 100,000 resident population, crude","Sex, age and race and Hispanic origin",Female: American Indian or Alaska Native: 45-64 years,2009,8.2,
"Deaths per 100,000 resident population, crude","Sex, age and race and Hispanic origin",Female: American Indian or Alaska Native: 45-64 years,2010,8.6,
"Deaths per 100,000 resident population, crude","Sex, age and race and Hispanic origin",Female: American Indian or Alaska Native: 45-64 years,2011,7.8,
"Deaths per 100,000 resident population, crude","Sex, age and race and Hispanic origin",Female: American Indian or Alaska Native: 45-64 years,2012,,*
"Deaths per 100,000 resident population, crude","Sex, age and race and Hispanic origin",Female: American Indian or Alaska Native: 45-64 years,2013,8.6,
"Deaths per 100,000 resident population, crude","Sex, age and race and Hispanic origin",Female: American Indian or Alaska Native: 45-64 years,2014,,*
"Deaths per 100,000 resident population, crude","Sex, age and race and Hispanic origin",Female: American Indian or Alaska Native: 45-64 years,2015,9.7,
"Deaths per 100,000 resident population, crude","Sex, age and race and Hispanic origin",Female: American Indian or Alaska Native: 45-64 years,2016,5.8,
"Deaths per 100,000 resident population, crude","Sex, age and race and Hispanic origin",Female: American Indian or Alaska Native: 45-64 years,2017,7.3,
"Deaths per 100,000 resident population, crude","Sex, age and race and Hispanic origin",Female: American Indian or Alaska Native: 45-64 years,2018,8.2,
"Deaths per 100,000 resident population, crude","Sex, age and race and Hispanic origin",Female: American Indian or Alaska Native: 65 years and over,1999,,*
"Deaths per 100,000 resident population, crude","Sex, age and race and Hispanic origin",Female: American Indian or Alaska Native: 65 years and over,2000,,*
"Deaths per 100,000 resident population, crude","Sex, age and race and Hispanic origin",Female: American Indian or Alaska Native: 65 years and over,2001,,*
"Deaths per 100,000 resident population, crude","Sex, age and race and Hispanic origin",Female: American Indian or Alaska Native: 65 years and over,2002,,*
"Deaths per 100,000 resident population, crude","Sex, age and race and Hispanic origin",Female: American Indian or Alaska Native: 65 years and over,2003,,*
"Deaths per 100,000 resident population, crude","Sex, age and race and Hispanic origin",Female: American Indian or Alaska Native: 65 years and over,2004,,*
"Deaths per 100,000 resident population, crude","Sex, age and race and Hispanic origin",Female: American Indian or Alaska Native: 65 years and over,2005,,*
"Deaths per 100,000 resident population, crude","Sex, age and race and Hispanic origin",Female: American Indian or Alaska Native: 65 years and over,2006,,*
"Deaths per 100,000 resident population, crude","Sex, age and race and Hispanic origin",Female: American Indian or Alaska Native: 65 years and over,2007,,*
"Deaths per 100,000 resident population, crude","Sex, age and race and Hispanic origin",Female: American Indian or Alaska Native: 65 years and over,2008,,*
"Deaths per 100,000 resident population, crude","Sex, age and race and Hispanic origin",Female: American Indian or Alaska Native: 65 years and over,2009,,*
"Deaths per 100,000 resident population, crude","Sex, age and race and Hispanic origin",Female: American Indian or Alaska Native: 65 years and over,2010,,*
"Deaths per 100,000 resident population, crude","Sex, age and race and Hispanic origin",Female: American Indian or Alaska Native: 65 years and over,2011,,*
"Deaths per 100,000 resident population, crude","Sex, age and race and Hispanic origin",Female: American Indian or Alaska Native: 65 years and over,2012,,*
"Deaths per 100,000 resident population, crude","Sex, age and race and Hispanic origin",Female: American Indian or Alaska Native: 65 years and over,2013,,*
"Deaths per 100,000 resident population, crude","Sex, age and race and Hispanic origin",Female: American Indian or Alaska Native: 65 years and over,2014,,*
"Deaths per 100,000 resident population, crude","Sex, age and race and Hispanic origin",Female: American Indian or Alaska Native: 65 years and over,2015,,*
"Deaths per 100,000 resident population, crude","Sex, age and race and Hispanic origin",Female: American Indian or Alaska Native: 65 years and over,2016,,*
"Deaths per 100,000 resident population, crude","Sex, age and race and Hispanic origin",Female: American Indian or Alaska Native: 65 years and over,2017,,*
"Deaths per 100,000 resident population, crude","Sex, age and race and Hispanic origin",Female: American Indian or Alaska Native: 65 years and over,2018,,*
"Deaths per 100,000 resident population, crude","Sex, age and race and Hispanic origin",Female: Asian or Pacific Islander: 15-24 years,1999,4.1,
"Deaths per 100,000 resident population, crude","Sex, age and race and Hispanic origin",Female: Asian or Pacific Islander: 15-24 years,2000,2.9,
"Deaths per 100,000 resident population, crude","Sex, age and race and Hispanic origin",Female: Asian or Pacific Islander: 15-24 years,2001,3.5,
"Deaths per 100,000 resident population, crude","Sex, age and race and Hispanic origin",Female: Asian or Pacific Islander: 15-24 years,2002,,*
"Deaths per 100,000 resident population, crude","Sex, age and race and Hispanic origin",Female: Asian or Pacific Islander: 15-24 years,2003,3.2,
"Deaths per 100,000 resident population, crude","Sex, age and race and Hispanic origin",Female: Asian or Pacific Islander: 15-24 years,2004,2.6,
"Deaths per 100,000 resident population, crude","Sex, age and race and Hispanic origin",Female: Asian or Pacific Islander: 15-24 years,2005,3.4,
"Deaths per 100,000 resident population, crude","Sex, age and race and Hispanic origin",Female: Asian or Pacific Islander: 15-24 years,2006,3.6,
"Deaths per 100,000 resident population, crude","Sex, age and race and Hispanic origin",Female: Asian or Pacific Islander: 15-24 years,2007,3.4,
"Deaths per 100,000 resident population, crude","Sex, age and race and Hispanic origin",Female: Asian or Pacific Islander: 15-24 years,2008,3.9,
"Deaths per 100,000 resident population, crude","Sex, age and race and Hispanic origin",Female: Asian or Pacific Islander: 15-24 years,2009,4.6,
"Deaths per 100,000 resident population, crude","Sex, age and race and Hispanic origin",Female: Asian or Pacific Islander: 15-24 years,2010,3.4,
"Deaths per 100,000 resident population, crude","Sex, age and race and Hispanic origin",Female: Asian or Pacific Islander: 15-24 years,2011,3.0,
"Deaths per 100,000 resident population, crude","Sex, age and race and Hispanic origin",Female: Asian or Pacific Islander: 15-24 years,2012,5.5,
"Deaths per 100,000 resident population, crude","Sex, age and race and Hispanic origin",Female: Asian or Pacific Islander: 15-24 years,2013,3.6,
"Deaths per 100,000 resident population, crude","Sex, age and race and Hispanic origin",Female: Asian or Pacific Islander: 15-24 years,2014,4.3,
"Deaths per 100,000 resident population, crude","Sex, age and race and Hispanic origin",Female: Asian or Pacific Islander: 15-24 years,2015,4.9,
"Deaths per 100,000 resident population, crude","Sex, age and race and Hispanic origin",Female: Asian or Pacific Islander: 15-24 years,2016,6.4,
"Deaths per 100,000 resident population, crude","Sex, age and race and Hispanic origin",Female: Asian or Pacific Islander: 15-24 years,2017,6.6,
"Deaths per 100,000 resident population, crude","Sex, age and race and Hispanic origin",Female: Asian or Pacific Islander: 15-24 years,2018,7.0,
"Deaths per 100,000 resident population, crude","Sex, age and race and Hispanic origin",Female: Asian or Pacific Islander: 25-44 years,1999,3.8,
"Deaths per 100,000 resident population, crude","Sex, age and race and Hispanic origin",Female: Asian or Pacific Islander: 25-44 years,2000,3.2,
"Deaths per 100,000 resident population, crude","Sex, age and race and Hispanic origin",Female: Asian or Pacific Islander: 25-44 years,2001,2.9,
"Deaths per 100,000 resident population, crude","Sex, age and race and Hispanic origin",Female: Asian or Pacific Islander: 25-44 years,2002,3.4,
"Deaths per 100,000 resident population, crude","Sex, age and race and Hispanic origin",Female: Asian or Pacific Islander: 25-44 years,2003,3.4,
"Deaths per 100,000 resident population, crude","Sex, age and race and Hispanic origin",Female: Asian or Pacific Islander: 25-44 years,2004,4.2,
"Deaths per 100,000 resident population, crude","Sex, age and race and Hispanic origin",Female: Asian or Pacific Islander: 25-44 years,2005,3.2,
"Deaths per 100,000 resident population, crude","Sex, age and race and Hispanic origin",Female: Asian or Pacific Islander: 25-44 years,2006,3.3,
"Deaths per 100,000 resident population, crude","Sex, age and race and Hispanic origin",Female: Asian or Pacific Islander: 25-44 years,2007,4.4,
"Deaths per 100,000 resident population, crude","Sex, age and race and Hispanic origin",Female: Asian or Pacific Islander: 25-44 years,2008,4.6,
"Deaths per 100,000 resident population, crude","Sex, age and race and Hispanic origin",Female: Asian or Pacific Islander: 25-44 years,2009,3.8,
"Deaths per 100,000 resident population, crude","Sex, age and race and Hispanic origin",Female: Asian or Pacific Islander: 25-44 years,2010,4.3,
"Deaths per 100,000 resident population, crude","Sex, age and race and Hispanic origin",Female: Asian or Pacific Islander: 25-44 years,2011,4.4,
"Deaths per 100,000 resident population, crude","Sex, age and race and Hispanic origin",Female: Asian or Pacific Islander: 25-44 years,2012,4.0,
"Deaths per 100,000 resident population, crude","Sex, age and race and Hispanic origin",Female: Asian or Pacific Islander: 25-44 years,2013,3.8,
"Deaths per 100,000 resident population, crude","Sex, age and race and Hispanic origin",Female: Asian or Pacific Islander: 25-44 years,2014,4.1,
"Deaths per 100,000 resident population, crude","Sex, age and race and Hispanic origin",Female: Asian or Pacific Islander: 25-44 years,2015,4.6,
"Deaths per 100,000 resident population, crude","Sex, age and race and Hispanic origin",Female: Asian or Pacific Islander: 25-44 years,2016,3.7,
"Deaths per 100,000 resident population, crude","Sex, age and race and Hispanic origin",Female: Asian or Pacific Islander: 25-44 years,2017,4.2,
"Deaths per 100,000 resident population, crude","Sex, age and race and Hispanic origin",Female: Asian or Pacific Islander: 25-44 years,2018,4.3,
"Deaths per 100,000 resident population, crude","Sex, age and race and Hispanic origin",Female: Asian or Pacific Islander: 45-64 years,1999,3.9,
"Deaths per 100,000 resident population, crude","Sex, age and race and Hispanic origin",Female: Asian or Pacific Islander: 45-64 years,2000,3.2,
"Deaths per 100,000 resident population, crude","Sex, age and race and Hispanic origin",Female: Asian or Pacific Islander: 45-64 years,2001,3.9,
"Deaths per 100,000 resident population, crude","Sex, age and race and Hispanic origin",Female: Asian or Pacific Islander: 45-64 years,2002,3.9,
"Deaths per 100,000 resident population, crude","Sex, age and race and Hispanic origin",Female: Asian or Pacific Islander: 45-64 years,2003,4.2,
"Deaths per 100,000 resident population, crude","Sex, age and race and Hispanic origin",Female: Asian or Pacific Islander: 45-64 years,2004,4.5,
"Deaths per 100,000 resident population, crude","Sex, age and race and Hispanic origin",Female: Asian or Pacific Islander: 45-64 years,2005,3.8,
"Deaths per 100,000 resident population, crude","Sex, age and race and Hispanic origin",Female: Asian or Pacific Islander: 45-64 years,2006,4.2,
"Deaths per 100,000 resident population, crude","Sex, age and race and Hispanic origin",Female: Asian or Pacific Islander: 45-64 years,2007,3.9,
"Deaths per 100,000 resident population, crude","Sex, age and race and Hispanic origin",Female: Asian or Pacific Islander: 45-64 years,2008,3.7,
"Deaths per 100,000 resident population, crude","Sex, age and race and Hispanic origin",Female: Asian or Pacific Islander: 45-64 years,2009,4.8,
"Deaths per 100,000 resident population, crude","Sex, age and race and Hispanic origin",Female: Asian or Pacific Islander: 45-64 years,2010,4.9,
"Deaths per 100,000 resident population, crude","Sex, age and race and Hispanic origin",Female: Asian or Pacific Islander: 45-64 years,2011,4.6,
"Deaths per 100,000 resident population, crude","Sex, age and race and Hispanic origin",Female: Asian or Pacific Islander: 45-64 years,2012,4.3,
"Deaths per 100,000 resident population, crude","Sex, age and race and Hispanic origin",Female: Asian or Pacific Islander: 45-64 years,2013,4.0,
"Deaths per 100,000 resident population, crude","Sex, age and race and Hispanic origin",Female: Asian or Pacific Islander: 45-64 years,2014,4.3,
"Deaths per 100,000 resident population, crude","Sex, age and race and Hispanic origin",Female: Asian or Pacific Islander: 45-64 years,2015,5.3,
"Deaths per 100,000 resident population, crude","Sex, age and race and Hispanic origin",Female: Asian or Pacific Islander: 45-64 years,2016,4.6,
"Deaths per 100,000 resident population, crude","Sex, age and race and Hispanic origin",Female: Asian or Pacific Islander: 45-64 years,2017,4.2,
"Deaths per 100,000 resident population, crude","Sex, age and race and Hispanic origin",Female: Asian or Pacific Islander: 45-64 years,2018,5.0,
"Deaths per 100,000 resident population, crude","Sex, age and race and Hispanic origin",Female: Asian or Pacific Islander: 65 years and over,1999,6.4,
"Deaths per 100,000 resident population, crude","Sex, age and race and Hispanic origin",Female: Asian or Pacific Islander: 65 years and over,2000,5.1,
"Deaths per 100,000 resident population, crude","Sex, age and race and Hispanic origin",Female: Asian or Pacific Islander: 65 years and over,2001,4.9,
"Deaths per 100,000 resident population, crude","Sex, age and race and Hispanic origin",Female: Asian or Pacific Islander: 65 years and over,2002,7.0,
"Deaths per 100,000 resident population, crude","Sex, age and race and Hispanic origin",Female: Asian or Pacific Islander: 65 years and over,2003,4.6,
"Deaths per 100,000 resident population, crude","Sex, age and race and Hispanic origin",Female: Asian or Pacific Islander: 65 years and over,2004,6.6,
"Deaths per 100,000 resident population, crude","Sex, age and race and Hispanic origin",Female: Asian or Pacific Islander: 65 years and over,2005,7.1,
"Deaths per 100,000 resident population, crude","Sex, age and race and Hispanic origin",Female: Asian or Pacific Islander: 65 years and over,2006,7.1,
"Deaths per 100,000 resident population, crude","Sex, age and race and Hispanic origin",Female: Asian or Pacific Islander: 65 years and over,2007,5.4,
"Deaths per 100,000 resident population, crude","Sex, age and race and Hispanic origin",Female: Asian or Pacific Islander: 65 years and over,2008,5.9,
"Deaths per 100,000 resident population, crude","Sex, age and race and Hispanic origin",Female: Asian or Pacific Islander: 65 years and over,2009,4.9,
"Deaths per 100,000 resident population, crude","Sex, age and race and Hispanic origin",Female: Asian or Pacific Islander: 65 years and over,2010,4.3,
"Deaths per 100,000 resident population, crude","Sex, age and race and Hispanic origin",Female: Asian or Pacific Islander: 65 years and over,2011,5.3,
"Deaths per 100,000 resident population, crude","Sex, age and race and Hispanic origin",Female: Asian or Pacific Islander: 65 years and over,2012,5.3,
"Deaths per 100,000 resident population, crude","Sex, age and race and Hispanic origin",Female: Asian or Pacific Islander: 65 years and over,2013,3.4,
"Deaths per 100,000 resident population, crude","Sex, age and race and Hispanic origin",Female: Asian or Pacific Islander: 65 years and over,2014,5.3,
"Deaths per 100,000 resident population, crude","Sex, age and race and Hispanic origin",Female: Asian or Pacific Islander: 65 years and over,2015,5.3,
"Deaths per 100,000 resident population, crude","Sex, age and race and Hispanic origin",Female: Asian or Pacific Islander: 65 years and over,2016,4.8,
"Deaths per 100,000 resident population, crude","Sex, age and race and Hispanic origin",Female: Asian or Pacific Islander: 65 years and over,2017,5.2,
"Deaths per 100,000 resident population, crude","Sex, age and race and Hispanic origin",Female: Asian or Pacific Islander: 65 years and over,2018,3.6,
"Deaths per 100,000 resident population, crude","Sex, age and race and Hispanic origin",Male: White: 15-24 years,1950,,...
"Deaths per 100,000 resident population, crude","Sex, age and race and Hispanic origin",Male: White: 15-24 years,1960,,...
"Deaths per 100,000 resident population, crude","Sex, age and race and Hispanic origin",Male: White: 15-24 years,1970,,...
"Deaths per 100,000 resident population, crude","Sex, age and race and Hispanic origin",Male: White: 15-24 years,1980,,...
"Deaths per 100,000 resident population, crude","Sex, age and race and Hispanic origin",Male: White: 15-24 years,1981,,...
"Deaths per 100,000 resident population, crude","Sex, age and race and Hispanic origin",Male: White: 15-24 years,1982,,...
"Deaths per 100,000 resident population, crude","Sex, age and race and Hispanic origin",Male: White: 15-24 years,1983,,...
"Deaths per 100,000 resident population, crude","Sex, age and race and Hispanic origin",Male: White: 15-24 years,1984,,...
"Deaths per 100,000 resident population, crude","Sex, age and race and Hispanic origin",Male: White: 15-24 years,1985,22.6,
"Deaths per 100,000 resident population, crude","Sex, age and race and Hispanic origin",Male: White: 15-24 years,1986,22.3,
"Deaths per 100,000 resident population, crude","Sex, age and race and Hispanic origin",Male: White: 15-24 years,1987,20.5,
"Deaths per 100,000 resident population, crude","Sex, age and race and Hispanic origin",Male: White: 15-24 years,1988,22.2,
"Deaths per 100,000 resident population, crude","Sex, age and race and Hispanic origin",Male: White: 15-24 years,1989,23.2,
"Deaths per 100,000 resident population, crude","Sex, age and race and Hispanic origin",Male: White: 15-24 years,1990,24.4,
"Deaths per 100,000 resident population, crude","Sex, age and race and Hispanic origin",Male: White: 15-24 years,1991,24.0,
"Deaths per 100,000 resident population, crude","Sex, age and race and Hispanic origin",Male: White: 15-24 years,1992,23.3,
"Deaths per 100,000 resident population, crude","Sex, age and race and Hispanic origin",Male: White: 15-24 years,1993,23.5,
"Deaths per 100,000 resident population, crude","Sex, age and race and Hispanic origin",Male: White: 15-24 years,1994,24.6,
"Deaths per 100,000 resident population, crude","Sex, age and race and Hispanic origin",Male: White: 15-24 years,1995,24.0,
"Deaths per 100,000 resident population, crude","Sex, age and race and Hispanic origin",Male: White: 15-24 years,1996,21.7,
"Deaths per 100,000 resident population, crude","Sex, age and race and Hispanic origin",Male: White: 15-24 years,1997,20.5,
"Deaths per 100,000 resident population, crude","Sex, age and race and Hispanic origin",Male: White: 15-24 years,1998,20.5,
"Deaths per 100,000 resident population, crude","Sex, age and race and Hispanic origin",Male: White: 15-24 years,1999,19.2,
"Deaths per 100,000 resident population, crude","Sex, age and race and Hispanic origin",Male: White: 15-24 years,2000,19.5,
"Deaths per 100,000 resident population, crude","Sex, age and race and Hispanic origin",Male: White: 15-24 years,2001,19.6,
"Deaths per 100,000 resident population, crude","Sex, age and race and Hispanic origin",Male: White: 15-24 years,2002,19.4,
"Deaths per 100,000 resident population, crude","Sex, age and race and Hispanic origin",Male: White: 15-24 years,2003,18.4,
"Deaths per 100,000 resident population, crude","Sex, age and race and Hispanic origin",Male: White: 15-24 years,2004,19.2,
"Deaths per 100,000 resident population, crude","Sex, age and race and Hispanic origin",Male: White: 15-24 years,2006,18.8,
"Deaths per 100,000 resident population, crude","Sex, age and race and Hispanic origin",Male: White: 15-24 years,2007,18.6,
"Deaths per 100,000 resident population, crude","Sex, age and race and Hispanic origin",Male: White: 15-24 years,2008,19.2,
"Deaths per 100,000 resident population, crude","Sex, age and race and Hispanic origin",Male: White: 15-24 years,2009,19.4,
"Deaths per 100,000 resident population, crude","Sex, age and race and Hispanic origin",Male: White: 15-24 years,2010,20.4,
"Deaths per 100,000 resident population, crude","Sex, age and race and Hispanic origin",Male: White: 15-24 years,2011,21.9,
"Deaths per 100,000 resident population, crude","Sex, age and race and Hispanic origin",Male: White: 15-24 years,2012,21.2,
"Deaths per 100,000 resident population, crude","Sex, age and race and Hispanic origin",Male: White: 15-24 years,2013,21.4,
"Deaths per 100,000 resident population, crude","Sex, age and race and Hispanic origin",Male: White: 15-24 years,2014,22.4,
"Deaths per 100,000 resident population, crude","Sex, age and race and Hispanic origin",Male: White: 15-24 years,2015,23.4,
"Deaths per 100,000 resident population, crude","Sex, age and race and Hispanic origin",Male: White: 15-24 years,2016,24.5,
"Deaths per 100,000 resident population, crude","Sex, age and race and Hispanic origin",Male: White: 15-24 years,2017,27.2,
"Deaths per 100,000 resident population, crude","Sex, age and race and Hispanic origin",Male: White: 15-24 years,2018,27.0,
"Deaths per 100,000 resident population, crude","Sex, age and race and Hispanic origin",Male: White: 25-44 years,1950,,...
"Deaths per 100,000 resident population, crude","Sex, age and race and Hispanic origin",Male: White: 25-44 years,1960,,...
"Deaths per 100,000 resident population, crude","Sex, age and race and Hispanic origin",Male: White: 25-44 years,1970,,...
"Deaths per 100,000 resident population, crude","Sex, age and race and Hispanic origin",Male: White: 25-44 years,1980,,...
"Deaths per 100,000 resident population, crude","Sex, age and race and Hispanic origin",Male: White: 25-44 years,1981,,...
"Deaths per 100,000 resident population, crude","Sex, age and race and Hispanic origin",Male: White: 25-44 years,1982,,...
"Deaths per 100,000 resident population, crude","Sex, age and race and Hispanic origin",Male: White: 25-44 years,1983,,...
"Deaths per 100,000 resident population, crude","Sex, age and race and Hispanic origin",Male: White: 25-44 years,1984,,...
"Deaths per 100,000 resident population, crude","Sex, age and race and Hispanic origin",Male: White: 25-44 years,1985,25.1,
"Deaths per 100,000 resident population, crude","Sex, age and race and Hispanic origin",Male: White: 25-44 years,1986,25.6,
"Deaths per 100,000 resident population, crude","Sex, age and race and Hispanic origin",Male: White: 25-44 years,1987,24.0,
"Deaths per 100,000 resident population, crude","Sex, age and race and Hispanic origin",Male: White: 25-44 years,1988,25.0,
"Deaths per 100,000 resident population, crude","Sex, age and race and Hispanic origin",Male: White: 25-44 years,1989,25.4,
"Deaths per 100,000 resident population, crude","Sex, age and race and Hispanic origin",Male: White: 25-44 years,1990,26.4,
"Deaths per 100,000 resident population, crude","Sex, age and race and Hispanic origin",Male: White: 25-44 years,1991,25.9,
"Deaths per 100,000 resident population, crude","Sex, age and race and Hispanic origin",Male: White: 25-44 years,1992,25.7,
"Deaths per 100,000 resident population, crude","Sex, age and race and Hispanic origin",Male: White: 25-44 years,1993,26.2,
"Deaths per 100,000 resident population, crude","Sex, age and race and Hispanic origin",Male: White: 25-44 years,1994,26.7,
"Deaths per 100,000 resident population, crude","Sex, age and race and Hispanic origin",Male: White: 25-44 years,1995,27.1,
"Deaths per 100,000 resident population, crude","Sex, age and race and Hispanic origin",Male: White: 25-44 years,1996,26.8,
"Deaths per 100,000 resident population, crude","Sex, age and race and Hispanic origin",Male: White: 25-44 years,1997,26.5,
"Deaths per 100,000 resident population, crude","Sex, age and race and Hispanic origin",Male: White: 25-44 years,1998,26.5,
"Deaths per 100,000 resident population, crude","Sex, age and race and Hispanic origin",Male: White: 25-44 years,1999,25.2,
"Deaths per 100,000 resident population, crude","Sex, age and race and Hispanic origin",Male: White: 25-44 years,2000,25.1,
"Deaths per 100,000 resident population, crude","Sex, age and race and Hispanic origin",Male: White: 25-44 years,2001,26.4,
"Deaths per 100,000 resident population, crude","Sex, age and race and Hispanic origin",Male: White: 25-44 years,2002,27.0,
"Deaths per 100,000 resident population, crude","Sex, age and race and Hispanic origin",Male: White: 25-44 years,2003,27.1,
"Deaths per 100,000 resident population, crude","Sex, age and race and Hispanic origin",Male: White: 25-44 years,2004,27.2,
"Deaths per 100,000 resident population, crude","Sex, age and race and Hispanic origin",Male: White: 25-44 years,2005,27.1,
"Deaths per 100,000 resident population, crude","Sex, age and race and Hispanic origin",Male: White: 25-44 years,2006,27.4,
"Deaths per 100,000 resident population, crude","Sex, age and race and Hispanic origin",Male: White: 25-44 years,2007,28.6,
"Deaths per 100,000 resident population, crude","Sex, age and race and Hispanic origin",Male: White: 25-44 years,2008,29.1,
"Deaths per 100,000 resident population, crude","Sex, age and race and Hispanic origin",Male: White: 25-44 years,2009,29.5,
"Deaths per 100,000 resident population, crude","Sex, age and race and Hispanic origin",Male: White: 25-44 years,2010,30.3,
"Deaths per 100,000 resident population, crude","Sex, age and race and Hispanic origin",Male: White: 25-44 years,2011,31.0,
"Deaths per 100,000 resident population, crude","Sex, age and race and Hispanic origin",Male: White: 25-44 years,2012,31.7,
"Deaths per 100,000 resident population, crude","Sex, age and race and Hispanic origin",Male: White: 25-44 years,2013,31.2,
"Deaths per 100,000 resident population, crude","Sex, age and race and Hispanic origin",Male: White: 25-44 years,2014,31.8,
"Deaths per 100,000 resident population, crude","Sex, age and race and Hispanic origin",Male: White: 25-44 years,2015,33.5,
"Deaths per 100,000 resident population, crude","Sex, age and race and Hispanic origin",Male: White: 25-44 years,2016,33.5,
"Deaths per 100,000 resident population, crude","Sex, age and race and Hispanic origin",Male: White: 25-44 years,2017,35.9,
"Deaths per 100,000 resident population, crude","Sex, age and race and Hispanic origin",Male: White: 25-44 years,2018,35.6,
"Deaths per 100,000 resident population, crude","Sex, age and race and Hispanic origin",Male: White: 45-64 years,1950,,...
"Deaths per 100,000 resident population, crude","Sex, age and race and Hispanic origin",Male: White: 45-64 years,1960,,...
"Deaths per 100,000 resident population, crude","Sex, age and race and Hispanic origin",Male: White: 45-64 years,1970,,...
"Deaths per 100,000 resident population, crude","Sex, age and race and Hispanic origin",Male: White: 45-64 years,1980,,...
"Deaths per 100,000 resident population, crude","Sex, age and race and Hispanic origin",Male: White: 45-64 years,1981,,...
"Deaths per 100,000 resident population, crude","Sex, age and race and Hispanic origin",Male: White: 45-64 years,1982,,...
"Deaths per 100,000 resident population, crude","Sex, age and race and Hispanic origin",Male: White: 45-64 years,1983,,...
"Deaths per 100,000 resident population, crude","Sex, age and race and Hispanic origin",Male: White: 45-64 years,1984,,...
"Deaths per 100,000 resident population, crude","Sex, age and race and Hispanic origin",Male: White: 45-64 years,1985,27.3,
"Deaths per 100,000 resident population, crude","Sex, age and race and Hispanic origin",Male: White: 45-64 years,1986,26.3,
"Deaths per 100,000 resident population, crude","Sex, age and race and Hispanic origin",Male: White: 45-64 years,1987,25.8,
"Deaths per 100,000 resident population, crude","Sex, age and race and Hispanic origin",Male: White: 45-64 years,1988,24.7,
"Deaths per 100,000 resident population, crude","Sex, age and race and Hispanic origin",Male: White: 45-64 years,1989,25.9,
"Deaths per 100,000 resident population, crude","Sex, age and race and Hispanic origin",Male: White: 45-64 years,1990,26.8,
"Deaths per 100,000 resident population, crude","Sex, age and race and Hispanic origin",Male: White: 45-64 years,1991,26.2,
"Deaths per 100,000 resident population, crude","Sex, age and race and Hispanic origin",Male: White: 45-64 years,1992,25.0,
"Deaths per 100,000 resident population, crude","Sex, age and race and Hispanic origin",Male: White: 45-64 years,1993,24.9,
"Deaths per 100,000 resident population, crude","Sex, age and race and Hispanic origin",Male: White: 45-64 years,1994,24.2,
"Deaths per 100,000 resident population, crude","Sex, age and race and Hispanic origin",Male: White: 45-64 years,1995,24.5,
"Deaths per 100,000 resident population, crude","Sex, age and race and Hispanic origin",Male: White: 45-64 years,1996,25.3,
"Deaths per 100,000 resident population, crude","Sex, age and race and Hispanic origin",Male: White: 45-64 years,1997,24.8,
"Deaths per 100,000 resident population, crude","Sex, age and race and Hispanic origin",Male: White: 45-64 years,1998,24.7,
"Deaths per 100,000 resident population, crude","Sex, age and race and Hispanic origin",Male: White: 45-64 years,1999,23.4,
"Deaths per 100,000 resident population, crude","Sex, age and race and Hispanic origin",Male: White: 45-64 years,2000,24.0,
"Deaths per 100,000 resident population, crude","Sex, age and race and Hispanic origin",Male: White: 45-64 years,2001,25.9,
"Deaths per 100,000 resident population, crude","Sex, age and race and Hispanic origin",Male: White: 45-64 years,2002,27.1,
"Deaths per 100,000 resident population, crude","Sex, age and race and Hispanic origin",Male: White: 45-64 years,2003,27.4,
"Deaths per 100,000 resident population, crude","Sex, age and race and Hispanic origin",Male: White: 45-64 years,2004,27.4,
"Deaths per 100,000 resident population, crude","Sex, age and race and Hispanic origin",Male: White: 45-64 years,2005,28.2,
"Deaths per 100,000 resident population, crude","Sex, age and race and Hispanic origin",Male: White: 45-64 years,2006,29.3,
"Deaths per 100,000 resident population, crude","Sex, age and race and Hispanic origin",Male: White: 45-64 years,2007,30.5,
"Deaths per 100,000 resident population, crude","Sex, age and race and Hispanic origin",Male: White: 45-64 years,2008,33.0,
"Deaths per 100,000 resident population, crude","Sex, age and race and Hispanic origin",Male: White: 45-64 years,2009,33.6,
"Deaths per 100,000 resident population, crude","Sex, age and race and Hispanic origin",Male: White: 45-64 years,2010,35.4,
"Deaths per 100,000 resident population, crude","Sex, age and race and Hispanic origin",Male: White: 45-64 years,2011,35.5,
"Deaths per 100,000 resident population, crude","Sex, age and race and Hispanic origin",Male: White: 45-64 years,2012,36.3,
"Deaths per 100,000 resident population, crude","Sex, age and race and Hispanic origin",Male: White: 45-64 years,2013,36.1,
"Deaths per 100,000 resident population, crude","Sex, age and race and Hispanic origin",Male: White: 45-64 years,2014,37.2,
"Deaths per 100,000 resident population, crude","Sex, age and race and Hispanic origin",Male: White: 45-64 years,2015,37.2,
"Deaths per 100,000 resident population, crude","Sex, age and race and Hispanic origin",Male: White: 45-64 years,2016,36.5,
"Deaths per 100,000 resident population, crude","Sex, age and race and Hispanic origin",Male: White: 45-64 years,2017,38.2,
"Deaths per 100,000 resident population, crude","Sex, age and race and Hispanic origin",Male: White: 45-64 years,2018,39.3,
"Deaths per 100,000 resident population, crude","Sex, age and race and Hispanic origin",Male: White: 65 years and over,1950,,...
"Deaths per 100,000 resident population, crude","Sex, age and race and Hispanic origin",Male: White: 65 years and over,1960,,...
"Deaths per 100,000 resident population, crude","Sex, age and race and Hispanic origin",Male: White: 65 years and over,1970,,...
"Deaths per 100,000 resident population, crude","Sex, age and race and Hispanic origin",Male: White: 65 years and over,1980,,...
"Deaths per 100,000 resident population, crude","Sex, age and race and Hispanic origin",Male: White: 65 years and over,1981,,...
"Deaths per 100,000 resident population, crude","Sex, age and race and Hispanic origin",Male: White: 65 years and over,1982,,...
"Deaths per 100,000 resident population, crude","Sex, age and race and Hispanic origin",Male: White: 65 years and over,1983,,...
"Deaths per 100,000 resident population, crude","Sex, age and race and Hispanic origin",Male: White: 65 years and over,1984,,...
"Deaths per 100,000 resident population, crude","Sex, age and race and Hispanic origin",Male: White: 65 years and over,1985,46.4,
"Deaths per 100,000 resident population, crude","Sex, age and race and Hispanic origin",Male: White: 65 years and over,1986,46.4,
"Deaths per 100,000 resident population, crude","Sex, age and race and Hispanic origin",Male: White: 65 years and over,1987,46.9,
"Deaths per 100,000 resident population, crude","Sex, age and race and Hispanic origin",Male: White: 65 years and over,1988,47.2,
"Deaths per 100,000 resident population, crude","Sex, age and race and Hispanic origin",Male: White: 65 years and over,1989,44.6,
"Deaths per 100,000 resident population, crude","Sex, age and race and Hispanic origin",Male: White: 65 years and over,1990,45.4,
"Deaths per 100,000 resident population, crude","Sex, age and race and Hispanic origin",Male: White: 65 years and over,1991,42.8,
"Deaths per 100,000 resident population, crude","Sex, age and race and Hispanic origin",Male: White: 65 years and over,1992,40.9,
"Deaths per 100,000 resident population, crude","Sex, age and race and Hispanic origin",Male: White: 65 years and over,1993,41.0,
"Deaths per 100,000 resident population, crude","Sex, age and race and Hispanic origin",Male: White: 65 years and over,1994,39.5,
"Deaths per 100,000 resident population, crude","Sex, age and race and Hispanic origin",Male: White: 65 years and over,1995,39.0,
"Deaths per 100,000 resident population, crude","Sex, age and race and Hispanic origin",Male: White: 65 years and over,1996,38.2,
"Deaths per 100,000 resident population, crude","Sex, age and race and Hispanic origin",Male: White: 65 years and over,1997,36.5,
"Deaths per 100,000 resident population, crude","Sex, age and race and Hispanic origin",Male: White: 65 years and over,1998,37.0,
"Deaths per 100,000 resident population, crude","Sex, age and race and Hispanic origin",Male: White: 65 years and over,1999,35.0,
"Deaths per 100,000 resident population, crude","Sex, age and race and Hispanic origin",Male: White: 65 years and over,2000,33.9,
"Deaths per 100,000 resident population, crude","Sex, age and race and Hispanic origin",Male: White: 65 years and over,2001,34.4,
"Deaths per 100,000 resident population, crude","Sex, age and race and Hispanic origin",Male: White: 65 years and over,2002,35.0,
"Deaths per 100,000 resident population, crude","Sex, age and race and Hispanic origin",Male: White: 65 years and over,2003,33.0,
"Deaths per 100,000 resident population, crude","Sex, age and race and Hispanic origin",Male: White: 65 years and over,2004,31.9,
"Deaths per 100,000 resident population, crude","Sex, age and race and Hispanic origin",Male: White: 65 years and over,2005,33.0,
"Deaths per 100,000 resident population, crude","Sex, age and race and Hispanic origin",Male: White: 65 years and over,2006,31.9,
"Deaths per 100,000 resident population, crude","Sex, age and race and Hispanic origin",Male: White: 65 years and over,2007,31.8,
"Deaths per 100,000 resident population, crude","Sex, age and race and Hispanic origin",Male: White: 65 years and over,2008,32.5,
"Deaths per 100,000 resident population, crude","Sex, age and race and Hispanic origin",Male: White: 65 years and over,2009,32.5,
"Deaths per 100,000 resident population, crude","Sex, age and race and Hispanic origin",Male: White: 65 years and over,2010,32.7,
"Deaths per 100,000 resident population, crude","Sex, age and race and Hispanic origin",Male: White: 65 years and over,2011,33.4,
"Deaths per 100,000 resident population, crude","Sex, age and race and Hispanic origin",Male: White: 65 years and over,2012,33.6,
"Deaths per 100,000 resident population, crude","Sex, age and race and Hispanic origin",Male: White: 65 years and over,2013,35.6,
"Deaths per 100,000 resident population, crude","Sex, age and race and Hispanic origin",Male: White: 65 years and over,2014,36.1,
"Deaths per 100,000 resident population, crude","Sex, age and race and Hispanic origin",Male: White: 65 years and over,2015,35.9,
"Deaths per 100,000 resident population, crude","Sex, age and race and Hispanic origin",Male: White: 65 years and over,2016,36.1,
"Deaths per 100,000 resident population, crude","Sex, age and race and Hispanic origin",Male: White: 65 years and over,2017,36.8,
"Deaths per 100,000 resident population, crude","Sex, age and race and Hispanic origin",Male: White: 65 years and over,2018,38.1,
"Deaths per 100,000 resident population, crude","Sex, age and race and Hispanic origin",Male: Black or African American: 15-24 years,1950,,...
"Deaths per 100,000 resident population, crude","Sex, age and race and Hispanic origin",Male: Black or African American: 15-24 years,1960,,...
"Deaths per 100,000 resident population, crude","Sex, age and race and Hispanic origin",Male: Black or African American: 15-24 years,1970,,...
"Deaths per 100,000 resident population, crude","Sex, age and race and Hispanic origin",Male: Black or African American: 15-24 years,1980,,...
"Deaths per 100,000 resident population, crude","Sex, age and race and Hispanic origin",Male: Black or African American: 15-24 years,1981,,...
"Deaths per 100,000 resident population, crude","Sex, age and race and Hispanic origin",Male: Black or African American: 15-24 years,1982,,...
"Deaths per 100,000 resident population, crude","Sex, age and race and Hispanic origin",Male: Black or African American: 15-24 years,1983,,...
"Deaths per 100,000 resident population, crude","Sex, age and race and Hispanic origin",Male: Black or African American: 15-24 years,1984,,...
"Deaths per 100,000 resident population, crude","Sex, age and race and Hispanic origin",Male: Black or African American: 15-24 years,1985,,...
"Deaths per 100,000 resident population, crude","Sex, age and race and Hispanic origin",Male: Black or African American: 15-24 years,1986,,...
"Deaths per 100,000 resident population, crude","Sex, age and race and Hispanic origin",Male: Black or African American: 15-24 years,1987,,...
"Deaths per 100,000 resident population, crude","Sex, age and race and Hispanic origin",Male: Black or African American: 15-24 years,1988,,...
"Deaths per 100,000 resident population, crude","Sex, age and race and Hispanic origin",Male: Black or African American: 15-24 years,1989,,...
"Deaths per 100,000 resident population, crude","Sex, age and race and Hispanic origin",Male: Black or African American: 15-24 years,1990,,...
"Deaths per 100,000 resident population, crude","Sex, age and race and Hispanic origin",Male: Black or African American: 15-24 years,1991,,...
"Deaths per 100,000 resident population, crude","Sex, age and race and Hispanic origin",Male: Black or African American: 15-24 years,1992,,...
"Deaths per 100,000 resident population, crude","Sex, age and race and Hispanic origin",Male: Black or African American: 15-24 years,1993,,...
"Deaths per 100,000 resident population, crude","Sex, age and race and Hispanic origin",Male: Black or African American: 15-24 years,1994,,...
"Deaths per 100,000 resident population, crude","Sex, age and race and Hispanic origin",Male: Black or African American: 15-24 years,1995,,...
"Deaths per 100,000 resident population, crude","Sex, age and race and Hispanic origin",Male: Black or African American: 15-24 years,1996,,...
"Deaths per 100,000 resident population, crude","Sex, age and race and Hispanic origin",Male: Black or African American: 15-24 years,1997,,...
"Deaths per 100,000 resident population, crude","Sex, age and race and Hispanic origin",Male: Black or African American: 15-24 years,1998,,...
"Deaths per 100,000 resident population, crude","Sex, age and race and Hispanic origin",Male: Black or African American: 15-24 years,1999,14.8,
"Deaths per 100,000 resident population, crude","Sex, age and race and Hispanic origin",Male: Black or African American: 15-24 years,2000,14.6,
"Deaths per 100,000 resident population, crude","Sex, age and race and Hispanic origin",Male: Black or African American: 15-24 years,2001,13.4,
"Deaths per 100,000 resident population, crude","Sex, age and race and Hispanic origin",Male: Black or African American: 15-24 years,2002,11.6,
"Deaths per 100,000 resident population, crude","Sex, age and race and Hispanic origin",Male: Black or African American: 15-24 years,2003,12.5,
"Deaths per 100,000 resident population, crude","Sex, age and race and Hispanic origin",Male: Black or African American: 15-24 years,2004,12.4,
"Deaths per 100,000 resident population, crude","Sex, age and race and Hispanic origin",Male: Black or African American: 15-24 years,2005,11.9,
"Deaths per 100,000 resident population, crude","Sex, age and race and Hispanic origin",Male: Black or African American: 15-24 years,2006,10.9,
"Deaths per 100,000 resident population, crude","Sex, age and race and Hispanic origin",Male: Black or African American: 15-24 years,2007,10.5,
"Deaths per 100,000 resident population, crude","Sex, age and race and Hispanic origin",Male: Black or African American: 15-24 years,2008,12.6,
"Deaths per 100,000 resident population, crude","Sex, age and race and Hispanic origin",Male: Black or African American: 15-24 years,2009,10.8,
"Deaths per 100,000 resident population, crude","Sex, age and race and Hispanic origin",Male: Black or African American: 15-24 years,2010,11.5,
"Deaths per 100,000 resident population, crude","Sex, age and race and Hispanic origin",Male: Black or African American: 15-24 years,2011,12.0,
"Deaths per 100,000 resident population, crude","Sex, age and race and Hispanic origin",Male: Black or African American: 15-24 years,2012,12.0,
"Deaths per 100,000 resident population, crude","Sex, age and race and Hispanic origin",Male: Black or African American: 15-24 years,2013,12.2,
"Deaths per 100,000 resident population, crude","Sex, age and race and Hispanic origin",Male: Black or African American: 15-24 years,2014,12.4,
"Deaths per 100,000 resident population, crude","Sex, age and race and Hispanic origin",Male: Black or African American: 15-24 years,2015,13.1,
"Deaths per 100,000 resident population, crude","Sex, age and race and Hispanic origin",Male: Black or African American: 15-24 years,2016,15.4,
"Deaths per 100,000 resident population, crude","Sex, age and race and Hispanic origin",Male: Black or African American: 15-24 years,2017,16.8,
"Deaths per 100,000 resident population, crude","Sex, age and race and Hispanic origin",Male: Black or African American: 15-24 years,2018,16.9,
"Deaths per 100,000 resident population, crude","Sex, age and race and Hispanic origin",Male: Black or African American: 25-44 years,1950,,...
"Deaths per 100,000 resident population, crude","Sex, age and race and Hispanic origin",Male: Black or African American: 25-44 years,1960,,...
"Deaths per 100,000 resident population, crude","Sex, age and race and Hispanic origin",Male: Black or African American: 25-44 years,1970,,...
"Deaths per 100,000 resident population, crude","Sex, age and race and Hispanic origin",Male: Black or African American: 25-44 years,1980,,...
"Deaths per 100,000 resident population, crude","Sex, age and race and Hispanic origin",Male: Black or African American: 25-44 years,1981,,...
"Deaths per 100,000 resident population, crude","Sex, age and race and Hispanic origin",Male: Black or African American: 25-44 years,1982,,...
"Deaths per 100,000 resident population, crude","Sex, age and race and Hispanic origin",Male: Black or African American: 25-44 years,1983,,...
"Deaths per 100,000 resident population, crude","Sex, age and race and Hispanic origin",Male: Black or African American: 25-44 years,1984,,...
"Deaths per 100,000 resident population, crude","Sex, age and race and Hispanic origin",Male: Black or African American: 25-44 years,1985,,...
"Deaths per 100,000 resident population, crude","Sex, age and race and Hispanic origin",Male: Black or African American: 25-44 years,1986,,...
"Deaths per 100,000 resident population, crude","Sex, age and race and Hispanic origin",Male: Black or African American: 25-44 years,1987,,...
"Deaths per 100,000 resident population, crude","Sex, age and race and Hispanic origin",Male: Black or African American: 25-44 years,1988,,...
"Deaths per 100,000 resident population, crude","Sex, age and race and Hispanic origin",Male: Black or African American: 25-44 years,1989,,...
"Deaths per 100,000 resident population, crude","Sex, age and race and Hispanic origin",Male: Black or African American: 25-44 years,1990,,...
"Deaths per 100,000 resident population, crude","Sex, age and race and Hispanic origin",Male: Black or African American: 25-44 years,1991,,...
"Deaths per 100,000 resident population, crude","Sex, age and race and Hispanic origin",Male: Black or African American: 25-44 years,1992,,...
"Deaths per 100,000 resident population, crude","Sex, age and race and Hispanic origin",Male: Black or African American: 25-44 years,1993,,...
"Deaths per 100,000 resident population, crude","Sex, age and race and Hispanic origin",Male: Black or African American: 25-44 years,1994,,...
"Deaths per 100,000 resident population, crude","Sex, age and race and Hispanic origin",Male: Black or African American: 25-44 years,1995,,...
"Deaths per 100,000 resident population, crude","Sex, age and race and Hispanic origin",Male: Black or African American: 25-44 years,1996,,...
"Deaths per 100,000 resident population, crude","Sex, age and race and Hispanic origin",Male: Black or African American: 25-44 years,1997,,...
"Deaths per 100,000 resident population, crude","Sex, age and race and Hispanic origin",Male: Black or African American: 25-44 years,1998,,...
"Deaths per 100,000 resident population, crude","Sex, age and race and Hispanic origin",Male: Black or African American: 25-44 years,1999,15.5,
"Deaths per 100,000 resident population, crude","Sex, age and race and Hispanic origin",Male: Black or African American: 25-44 years,2000,14.7,
"Deaths per 100,000 resident population, crude","Sex, age and race and Hispanic origin",Male: Black or African American: 25-44 years,2001,14.6,
"Deaths per 100,000 resident population, crude","Sex, age and race and Hispanic origin",Male: Black or African American: 25-44 years,2002,15.7,
"Deaths per 100,000 resident population, crude","Sex, age and race and Hispanic origin",Male: Black or African American: 25-44 years,2003,15.0,
"Deaths per 100,000 resident population, crude","Sex, age and race and Hispanic origin",Male: Black or African American: 25-44 years,2004,14.3,
"Deaths per 100,000 resident population, crude","Sex, age and race and Hispanic origin",Male: Black or African American: 25-44 years,2005,14.6,
"Deaths per 100,000 resident population, crude","Sex, age and race and Hispanic origin",Male: Black or African American: 25-44 years,2006,15.1,
"Deaths per 100,000 resident population, crude","Sex, age and race and Hispanic origin",Male: Black or African American: 25-44 years,2007,14.5,
"Deaths per 100,000 resident population, crude","Sex, age and race and Hispanic origin",Male: Black or African American: 25-44 years,2008,14.6,
"Deaths per 100,000 resident population, crude","Sex, age and race and Hispanic origin",Male: Black or African American: 25-44 years,2009,13.9,
"Deaths per 100,000 resident population, crude","Sex, age and race and Hispanic origin",Male: Black or African American: 25-44 years,2010,15.1,
"Deaths per 100,000 resident population, crude","Sex, age and race and Hispanic origin",Male: Black or African American: 25-44 years,2011,15.3,
"Deaths per 100,000 resident population, crude","Sex, age and race and Hispanic origin",Male: Black or African American: 25-44 years,2012,15.9,
"Deaths per 100,000 resident population, crude","Sex, age and race and Hispanic origin",Male: Black or African American: 25-44 years,2013,15.3,
"Deaths per 100,000 resident population, crude","Sex, age and race and Hispanic origin",Male: Black or African American: 25-44 years,2014,15.1,
"Deaths per 100,000 resident population, crude","Sex, age and race and Hispanic origin",Male: Black or African American: 25-44 years,2015,15.5,
"Deaths per 100,000 resident population, crude","Sex, age and race and Hispanic origin",Male: Black or African American: 25-44 years,2016,17.1,
"Deaths per 100,000 resident population, crude","Sex, age and race and Hispanic origin",Male: Black or African American: 25-44 years,2017,18.2,
"Deaths per 100,000 resident population, crude","Sex, age and race and Hispanic origin",Male: Black or African American: 25-44 years,2018,19.4,
"Deaths per 100,000 resident population, crude","Sex, age and race and Hispanic origin",Male: Black or African American: 45-64 years,1950,,...
"Deaths per 100,000 resident population, crude","Sex, age and race and Hispanic origin",Male: Black or African American: 45-64 years,1960,,...
"Deaths per 100,000 resident population, crude","Sex, age and race and Hispanic origin",Male: Black or African American: 45-64 years,1970,,...
"Deaths per 100,000 resident population, crude","Sex, age and race and Hispanic origin",Male: Black or African American: 45-64 years,1980,,...
"Deaths per 100,000 resident population, crude","Sex, age and race and Hispanic origin",Male: Black or African American: 45-64 years,1981,,...
"Deaths per 100,000 resident population, crude","Sex, age and race and Hispanic origin",Male: Black or African American: 45-64 years,1982,,...
"Deaths per 100,000 resident population, crude","Sex, age and race and Hispanic origin",Male: Black or African American: 45-64 years,1983,,...
"Deaths per 100,000 resident population, crude","Sex, age and race and Hispanic origin",Male: Black or African American: 45-64 years,1984,,...
"Deaths per 100,000 resident population, crude","Sex, age and race and Hispanic origin",Male: Black or African American: 45-64 years,1985,,...
"Deaths per 100,000 resident population, crude","Sex, age and race and Hispanic origin",Male: Black or African American: 45-64 years,1986,,...
"Deaths per 100,000 resident population, crude","Sex, age and race and Hispanic origin",Male: Black or African American: 45-64 years,1987,,...
"Deaths per 100,000 resident population, crude","Sex, age and race and Hispanic origin",Male: Black or African American: 45-64 years,1988,,...
"Deaths per 100,000 resident population, crude","Sex, age and race and Hispanic origin",Male: Black or African American: 45-64 years,1989,,...
"Deaths per 100,000 resident population, crude","Sex, age and race and Hispanic origin",Male: Black or African American: 45-64 years,1990,,...
"Deaths per 100,000 resident population, crude","Sex, age and race and Hispanic origin",Male: Black or African American: 45-64 years,1991,,...
"Deaths per 100,000 resident population, crude","Sex, age and race and Hispanic origin",Male: Black or African American: 45-64 years,1992,,...
"Deaths per 100,000 resident population, crude","Sex, age and race and Hispanic origin",Male: Black or African American: 45-64 years,1993,,...
"Deaths per 100,000 resident population, crude","Sex, age and race and Hispanic origin",Male: Black or African American: 45-64 years,1994,,...
"Deaths per 100,000 resident population, crude","Sex, age and race and Hispanic origin",Male: Black or African American: 45-64 years,1995,,...
"Deaths per 100,000 resident population, crude","Sex, age and race and Hispanic origin",Male: Black or African American: 45-64 years,1996,,...
"Deaths per 100,000 resident population, crude","Sex, age and race and Hispanic origin",Male: Black or African American: 45-64 years,1997,,...
"Deaths per 100,000 resident population, crude","Sex, age and race and Hispanic origin",Male: Black or African American: 45-64 years,1998,,...
"Deaths per 100,000 resident population, crude","Sex, age and race and Hispanic origin",Male: Black or African American: 45-64 years,1999,9.8,
"Deaths per 100,000 resident population, crude","Sex, age and race and Hispanic origin",Male: Black or African American: 45-64 years,2000,9.8,
"Deaths per 100,000 resident population, crude","Sex, age and race and Hispanic origin",Male: Black or African American: 45-64 years,2001,9.6,
"Deaths per 100,000 resident population, crude","Sex, age and race and Hispanic origin",Male: Black or African American: 45-64 years,2002,9.5,
"Deaths per 100,000 resident population, crude","Sex, age and race and Hispanic origin",Male: Black or African American: 45-64 years,2003,8.9,
"Deaths per 100,000 resident population, crude","Sex, age and race and Hispanic origin",Male: Black or African American: 45-64 years,2004,10.0,
"Deaths per 100,000 resident population, crude","Sex, age and race and Hispanic origin",Male: Black or African American: 45-64 years,2005,9.3,
"Deaths per 100,000 resident population, crude","Sex, age and race and Hispanic origin",Male: Black or African American: 45-64 years,2006,9.6,
"Deaths per 100,000 resident population, crude","Sex, age and race and Hispanic origin",Male: Black or African American: 45-64 years,2007,9.1,
"Deaths per 100,000 resident population, crude","Sex, age and race and Hispanic origin",Male: Black or African American: 45-64 years,2008,9.9,
"Deaths per 100,000 resident population, crude","Sex, age and race and Hispanic origin",Male: Black or African American: 45-64 years,2009,9.8,
"Deaths per 100,000 resident population, crude","Sex, age and race and Hispanic origin",Male: Black or African American: 45-64 years,2010,9.8,
"Deaths per 100,000 resident population, crude","Sex, age and race and Hispanic origin",Male: Black or African American: 45-64 years,2011,9.8,
"Deaths per 100,000 resident population, crude","Sex, age and race and Hispanic origin",Male: Black or African American: 45-64 years,2012,9.9,
"Deaths per 100,000 resident population, crude","Sex, age and race and Hispanic origin",Male: Black or African American: 45-64 years,2013,10.1,
"Deaths per 100,000 resident population, crude","Sex, age and race and Hispanic origin",Male: Black or African American: 45-64 years,2014,9.8,
"Deaths per 100,000 resident population, crude","Sex, age and race and Hispanic origin",Male: Black or African American: 45-64 years,2015,10.0,
"Deaths per 100,000 resident population, crude","Sex, age and race and Hispanic origin",Male: Black or African American: 45-64 years,2016,10.0,
"Deaths per 100,000 resident population, crude","Sex, age and race and Hispanic origin",Male: Black or African American: 45-64 years,2017,10.6,
"Deaths per 100,000 resident population, crude","Sex, age and race and Hispanic origin",Male: Black or African American: 45-64 years,2018,11.5,
"Deaths per 100,000 resident population, crude","Sex, age and race and Hispanic origin",Male: Black or African American: 65 years and over,1950,,...
"Deaths per 100,000 resident population, crude","Sex, age and race and Hispanic origin",Male: Black or African American: 65 years and over,1960,,...
"Deaths per 100,000 resident population, crude","Sex, age and race and Hispanic origin",Male: Black or African American: 65 years and over,1970,,...
"Deaths per 100,000 resident population, crude","Sex, age and race and Hispanic origin",Male: Black or African American: 65 years and over,1980,,...
"Deaths per 100,000 resident population, crude","Sex, age and race and Hispanic origin",Male: Black or African American: 65 years and over,1981,,...
"Deaths per 100,000 resident population, crude","Sex, age and race and Hispanic origin",Male: Black or African American: 65 years and over,1982,,...
"Deaths per 100,000 resident population, crude","Sex, age and race and Hispanic origin",Male: Black or African American: 65 years and over,1983,,...
"Deaths per 100,000 resident population, crude","Sex, age and race and Hispanic origin",Male: Black or African American: 65 years and over,1984,,...
"Deaths per 100,000 resident population, crude","Sex, age and race and Hispanic origin",Male: Black or African American: 65 years and over,1985,,...
"Deaths per 100,000 resident population, crude","Sex, age and race and Hispanic origin",Male: Black or African American: 65 years and over,1986,,...
"Deaths per 100,000 resident population, crude","Sex, age and race and Hispanic origin",Male: Black or African American: 65 years and over,1987,,...
"Deaths per 100,000 resident population, crude","Sex, age and race and Hispanic origin",Male: Black or African American: 65 years and over,1988,,...
"Deaths per 100,000 resident population, crude","Sex, age and race and Hispanic origin",Male: Black or African American: 65 years and over,1989,,...
"Deaths per 100,000 resident population, crude","Sex, age and race and Hispanic origin",Male: Black or African American: 65 years and over,1990,,...
"Deaths per 100,000 resident population, crude","Sex, age and race and Hispanic origin",Male: Black or African American: 65 years and over,1991,,...
"Deaths per 100,000 resident population, crude","Sex, age and race and Hispanic origin",Male: Black or African American: 65 years and over,1992,,...
"Deaths per 100,000 resident population, crude","Sex, age and race and Hispanic origin",Male: Black or African American: 65 years and over,1993,,...
"Deaths per 100,000 resident population, crude","Sex, age and race and Hispanic origin",Male: Black or African American: 65 years and over,1994,,...
"Deaths per 100,000 resident population, crude","Sex, age and race and Hispanic origin",Male: Black or African American: 65 years and over,1995,,...
"Deaths per 100,000 resident population, crude","Sex, age and race and Hispanic origin",Male: Black or African American: 65 years and over,1996,,...
"Deaths per 100,000 resident population, crude","Sex, age and race and Hispanic origin",Male: Black or African American: 65 years and over,1997,,...
"Deaths per 100,000 resident population, crude","Sex, age and race and Hispanic origin",Male: Black or African American: 65 years and over,1998,,...
"Deaths per 100,000 resident population, crude","Sex, age and race and Hispanic origin",Male: Black or African American: 65 years and over,1999,12.6,
"Deaths per 100,000 resident population, crude","Sex, age and race and Hispanic origin",Male: Black or African American: 65 years and over,2000,11.8,
"Deaths per 100,000 resident population, crude","Sex, age and race and Hispanic origin",Male: Black or African American: 65 years and over,2001,11.4,
"Deaths per 100,000 resident population, crude","Sex, age and race and Hispanic origin",Male: Black or African American: 65 years and over,2002,11.5,
"Deaths per 100,000 resident population, crude","Sex, age and race and Hispanic origin",Male: Black or African American: 65 years and over,2003,9.3,
"Deaths per 100,000 resident population, crude","Sex, age and race and Hispanic origin",Male: Black or African American: 65 years and over,2004,11.6,
"Deaths per 100,000 resident population, crude","Sex, age and race and Hispanic origin",Male: Black or African American: 65 years and over,2005,10.0,
"Deaths per 100,000 resident population, crude","Sex, age and race and Hispanic origin",Male: Black or African American: 65 years and over,2006,10.3,
"Deaths per 100,000 resident population, crude","Sex, age and race and Hispanic origin",Male: Black or African American: 65 years and over,2007,8.6,
"Deaths per 100,000 resident population, crude","Sex, age and race and Hispanic origin",Male: Black or African American: 65 years and over,2008,10.9,
"Deaths per 100,000 resident population, crude","Sex, age and race and Hispanic origin",Male: Black or African American: 65 years and over,2009,9.8,
"Deaths per 100,000 resident population, crude","Sex, age and race and Hispanic origin",Male: Black or African American: 65 years and over,2010,8.4,
"Deaths per 100,000 resident population, crude","Sex, age and race and Hispanic origin",Male: Black or African American: 65 years and over,2011,9.3,
"Deaths per 100,000 resident population, crude","Sex, age and race and Hispanic origin",Male: Black or African American: 65 years and over,2012,10.0,
"Deaths per 100,000 resident population, crude","Sex, age and race and Hispanic origin",Male: Black or African American: 65 years and over,2013,8.6,
"Deaths per 100,000 resident population, crude","Sex, age and race and Hispanic origin",Male: Black or African American: 65 years and over,2014,8.9,
"Deaths per 100,000 resident population, crude","Sex, age and race and Hispanic origin",Male: Black or African American: 65 years and over,2015,8.8,
"Deaths per 100,000 resident population, crude","Sex, age and race and Hispanic origin",Male: Black or African American: 65 years and over,2016,8.9,
"Deaths per 100,000 resident population, crude","Sex, age and race and Hispanic origin",Male: Black or African American: 65 years and over,2017,8.8,
"Deaths per 100,000 resident population, crude","Sex, age and race and Hispanic origin",Male: Black or African American: 65 years and over,2018,8.8,
"Deaths per 100,000 resident population, crude","Sex, age and race and Hispanic origin",Male: Hispanic or Latino: 15-24 years,1950,,...
"Deaths per 100,000 resident population, crude","Sex, age and race and Hispanic origin",Male: Hispanic or Latino: 15-24 years,1960,,...
"Deaths per 100,000 resident population, crude","Sex, age and race and Hispanic origin",Male: Hispanic or Latino: 15-24 years,1970,,...
"Deaths per 100,000 resident population, crude","Sex, age and race and Hispanic origin",Male: Hispanic or Latino: 15-24 years,1980,,...
"Deaths per 100,000 resident population, crude","Sex, age and race and Hispanic origin",Male: Hispanic or Latino: 15-24 years,1981,,...
"Deaths per 100,000 resident population, crude","Sex, age and race and Hispanic origin",Male: Hispanic or Latino: 15-24 years,1982,,...
"Deaths per 100,000 resident population, crude","Sex, age and race and Hispanic origin",Male: Hispanic or Latino: 15-24 years,1983,,...
"Deaths per 100,000 resident population, crude","Sex, age and race and Hispanic origin",Male: Hispanic or Latino: 15-24 years,1984,,...
"Deaths per 100,000 resident population, crude","Sex, age and race and Hispanic origin",Male: Hispanic or Latino: 15-24 years,1985,13.8,
"Deaths per 100,000 resident population, crude","Sex, age and race and Hispanic origin",Male: Hispanic or Latino: 15-24 years,1986,14.3,
"Deaths per 100,000 resident population, crude","Sex, age and race and Hispanic origin",Male: Hispanic or Latino: 15-24 years,1987,14.2,
"Deaths per 100,000 resident population, crude","Sex, age and race and Hispanic origin",Male: Hispanic or Latino: 15-24 years,1988,14.1,
"Deaths per 100,000 resident population, crude","Sex, age and race and Hispanic origin",Male: Hispanic or Latino: 15-24 years,1989,15.6,
"Deaths per 100,000 resident population, crude","Sex, age and race and Hispanic origin",Male: Hispanic or Latino: 15-24 years,1990,14.7,
"Deaths per 100,000 resident population, crude","Sex, age and race and Hispanic origin",Male: Hispanic or Latino: 15-24 years,1991,14.9,
"Deaths per 100,000 resident population, crude","Sex, age and race and Hispanic origin",Male: Hispanic or Latino: 15-24 years,1992,15.4,
"Deaths per 100,000 resident population, crude","Sex, age and race and Hispanic origin",Male: Hispanic or Latino: 15-24 years,1993,16.9,
"Deaths per 100,000 resident population, crude","Sex, age and race and Hispanic origin",Male: Hispanic or Latino: 15-24 years,1994,16.8,
"Deaths per 100,000 resident population, crude","Sex, age and race and Hispanic origin",Male: Hispanic or Latino: 15-24 years,1995,16.0,
"Deaths per 100,000 resident population, crude","Sex, age and race and Hispanic origin",Male: Hispanic or Latino: 15-24 years,1996,14.5,
"Deaths per 100,000 resident population, crude","Sex, age and race and Hispanic origin",Male: Hispanic or Latino: 15-24 years,1997,13.1,
"Deaths per 100,000 resident population, crude","Sex, age and race and Hispanic origin",Male: Hispanic or Latino: 15-24 years,1998,11.4,
"Deaths per 100,000 resident population, crude","Sex, age and race and Hispanic origin",Male: Hispanic or Latino: 15-24 years,1999,9.9,
"Deaths per 100,000 resident population, crude","Sex, age and race and Hispanic origin",Male: Hispanic or Latino: 15-24 years,2000,10.9,
"Deaths per 100,000 resident population, crude","Sex, age and race and Hispanic origin",Male: Hispanic or Latino: 15-24 years,2001,9.3,
"Deaths per 100,000 resident population, crude","Sex, age and race and Hispanic origin",Male: Hispanic or Latino: 15-24 years,2002,10.2,
"Deaths per 100,000 resident population, crude","Sex, age and race and Hispanic origin",Male: Hispanic or Latino: 15-24 years,2003,10.8,
"Deaths per 100,000 resident population, crude","Sex, age and race and Hispanic origin",Male: Hispanic or Latino: 15-24 years,2004,12.2,
"Deaths per 100,000 resident population, crude","Sex, age and race and Hispanic origin",Male: Hispanic or Latino: 15-24 years,2005,11.3,
"Deaths per 100,000 resident population, crude","Sex, age and race and Hispanic origin",Male: Hispanic or Latino: 15-24 years,2006,10.7,
"Deaths per 100,000 resident population, crude","Sex, age and race and Hispanic origin",Male: Hispanic or Latino: 15-24 years,2007,10.4,
"Deaths per 100,000 resident population, crude","Sex, age and race and Hispanic origin",Male: Hispanic or Latino: 15-24 years,2008,9.5,
"Deaths per 100,000 resident population, crude","Sex, age and race and Hispanic origin",Male: Hispanic or Latino: 15-24 years,2009,10.7,
"Deaths per 100,000 resident population, crude","Sex, age and race and Hispanic origin",Male: Hispanic or Latino: 15-24 years,2010,10.7,
"Deaths per 100,000 resident population, crude","Sex, age and race and Hispanic origin",Male: Hispanic or Latino: 15-24 years,2011,10.7,
"Deaths per 100,000 resident population, crude","Sex, age and race and Hispanic origin",Male: Hispanic or Latino: 15-24 years,2012,11.5,
"Deaths per 100,000 resident population, crude","Sex, age and race and Hispanic origin",Male: Hispanic or Latino: 15-24 years,2013,10.1,
"Deaths per 100,000 resident population, crude","Sex, age and race and Hispanic origin",Male: Hispanic or Latino: 15-24 years,2014,11.6,
"Deaths per 100,000 resident population, crude","Sex, age and race and Hispanic origin",Male: Hispanic or Latino: 15-24 years,2015,12.8,
"Deaths per 100,000 resident population, crude","Sex, age and race and Hispanic origin",Male: Hispanic or Latino: 15-24 years,2016,13.5,
"Deaths per 100,000 resident population, crude","Sex, age and race and Hispanic origin",Male: Hispanic or Latino: 15-24 years,2017,15.6,
"Deaths per 100,000 resident population, crude","Sex, age and race and Hispanic origin",Male: Hispanic or Latino: 15-24 years,2018,16.2,
"Deaths per 100,000 resident population, crude","Sex, age and race and Hispanic origin",Male: Hispanic or Latino: 25-44 years,1950,,...
"Deaths per 100,000 resident population, crude","Sex, age and race and Hispanic origin",Male: Hispanic or Latino: 25-44 years,1960,,...
"Deaths per 100,000 resident population, crude","Sex, age and race and Hispanic origin",Male: Hispanic or Latino: 25-44 years,1970,,...
"Deaths per 100,000 resident population, crude","Sex, age and race and Hispanic origin",Male: Hispanic or Latino: 25-44 years,1980,,...
"Deaths per 100,000 resident population, crude","Sex, age and race and Hispanic origin",Male: Hispanic or Latino: 25-44 years,1981,,...
"Deaths per 100,000 resident population, crude","Sex, age and race and Hispanic origin",Male: Hispanic or Latino: 25-44 years,1982,,...
"Deaths per 100,000 resident population, crude","Sex, age and race and Hispanic origin",Male: Hispanic or Latino: 25-44 years,1983,,...
"Deaths per 100,000 resident population, crude","Sex, age and race and Hispanic origin",Male: Hispanic or Latino: 25-44 years,1984,,...
"Deaths per 100,000 resident population, crude","Sex, age and race and Hispanic origin",Male: Hispanic or Latino: 25-44 years,1985,14.8,
"Deaths per 100,000 resident population, crude","Sex, age and race and Hispanic origin",Male: Hispanic or Latino: 25-44 years,1986,14.7,
"Deaths per 100,000 resident population, crude","Sex, age and race and Hispanic origin",Male: Hispanic or Latino: 25-44 years,1987,14.6,
"Deaths per 100,000 resident population, crude","Sex, age and race and Hispanic origin",Male: Hispanic or Latino: 25-44 years,1988,14.5,
"Deaths per 100,000 resident population, crude","Sex, age and race and Hispanic origin",Male: Hispanic or Latino: 25-44 years,1989,16.8,
"Deaths per 100,000 resident population, crude","Sex, age and race and Hispanic origin",Male: Hispanic or Latino: 25-44 years,1990,16.2,
"Deaths per 100,000 resident population, crude","Sex, age and race and Hispanic origin",Male: Hispanic or Latino: 25-44 years,1991,15.8,
"Deaths per 100,000 resident population, crude","Sex, age and race and Hispanic origin",Male: Hispanic or Latino: 25-44 years,1992,14.9,
"Deaths per 100,000 resident population, crude","Sex, age and race and Hispanic origin",Male: Hispanic or Latino: 25-44 years,1993,15.9,
"Deaths per 100,000 resident population, crude","Sex, age and race and Hispanic origin",Male: Hispanic or Latino: 25-44 years,1994,16.0,
"Deaths per 100,000 resident population, crude","Sex, age and race and Hispanic origin",Male: Hispanic or Latino: 25-44 years,1995,14.5,
"Deaths per 100,000 resident population, crude","Sex, age and race and Hispanic origin",Male: Hispanic or Latino: 25-44 years,1996,13.9,
"Deaths per 100,000 resident population, crude","Sex, age and race and Hispanic origin",Male: Hispanic or Latino: 25-44 years,1997,13.0,
"Deaths per 100,000 resident population, crude","Sex, age and race and Hispanic origin",Male: Hispanic or Latino: 25-44 years,1998,11.4,
"Deaths per 100,000 resident population, crude","Sex, age and race and Hispanic origin",Male: Hispanic or Latino: 25-44 years,1999,11.3,
"Deaths per 100,000 resident population, crude","Sex, age and race and Hispanic origin",Male: Hispanic or Latino: 25-44 years,2000,11.2,
"Deaths per 100,000 resident population, crude","Sex, age and race and Hispanic origin",Male: Hispanic or Latino: 25-44 years,2001,11.9,
"Deaths per 100,000 resident population, crude","Sex, age and race and Hispanic origin",Male: Hispanic or Latino: 25-44 years,2002,11.5,
"Deaths per 100,000 resident population, crude","Sex, age and race and Hispanic origin",Male: Hispanic or Latino: 25-44 years,2003,11.3,
"Deaths per 100,000 resident population, crude","Sex, age and race and Hispanic origin",Male: Hispanic or Latino: 25-44 years,2004,11.6,
"Deaths per 100,000 resident population, crude","Sex, age and race and Hispanic origin",Male: Hispanic or Latino: 25-44 years,2005,11.8,
"Deaths per 100,000 resident population, crude","Sex, age and race and Hispanic origin",Male: Hispanic or Latino: 25-44 years,2006,11.5,
"Deaths per 100,000 resident population, crude","Sex, age and race and Hispanic origin",Male: Hispanic or Latino: 25-44 years,2007,12.5,
"Deaths per 100,000 resident population, crude","Sex, age and race and Hispanic origin",Male: Hispanic or Latino: 25-44 years,2008,11.2,
"Deaths per 100,000 resident population, crude","Sex, age and race and Hispanic origin",Male: Hispanic or Latino: 25-44 years,2009,11.4,
"Deaths per 100,000 resident population, crude","Sex, age and race and Hispanic origin",Male: Hispanic or Latino: 25-44 years,2010,11.2,
"Deaths per 100,000 resident population, crude","Sex, age and race and Hispanic origin",Male: Hispanic or Latino: 25-44 years,2011,11.7,
"Deaths per 100,000 resident population, crude","Sex, age and race and Hispanic origin",Male: Hispanic or Latino: 25-44 years,2012,11.4,
"Deaths per 100,000 resident population, crude","Sex, age and race and Hispanic origin",Male: Hispanic or Latino: 25-44 years,2013,11.5,
"Deaths per 100,000 resident population, crude","Sex, age and race and Hispanic origin",Male: Hispanic or Latino: 25-44 years,2014,12.6,
"Deaths per 100,000 resident population, crude","Sex, age and race and Hispanic origin",Male: Hispanic or Latino: 25-44 years,2015,12.2,
"Deaths per 100,000 resident population, crude","Sex, age and race and Hispanic origin",Male: Hispanic or Latino: 25-44 years,2016,14.6,
"Deaths per 100,000 resident population, crude","Sex, age and race and Hispanic origin",Male: Hispanic or Latino: 25-44 years,2017,14.8,
"Deaths per 100,000 resident population, crude","Sex, age and race and Hispanic origin",Male: Hispanic or Latino: 25-44 years,2018,15.8,
"Deaths per 100,000 resident population, crude","Sex, age and race and Hispanic origin",Male: Hispanic or Latino: 45-64 years,1950,,...
"Deaths per 100,000 resident population, crude","Sex, age and race and Hispanic origin",Male: Hispanic or Latino: 45-64 years,1960,,...
"Deaths per 100,000 resident population, crude","Sex, age and race and Hispanic origin",Male: Hispanic or Latino: 45-64 years,1970,,...
"Deaths per 100,000 resident population, crude","Sex, age and race and Hispanic origin",Male: Hispanic or Latino: 45-64 years,1980,,...
"Deaths per 100,000 resident population, crude","Sex, age and race and Hispanic origin",Male: Hispanic or Latino: 45-64 years,1981,,...
"Deaths per 100,000 resident population, crude","Sex, age and race and Hispanic origin",Male: Hispanic or Latino: 45-64 years,1982,,...
"Deaths per 100,000 resident population, crude","Sex, age and race and Hispanic origin",Male: Hispanic or Latino: 45-64 years,1983,,...
"Deaths per 100,000 resident population, crude","Sex, age and race and Hispanic origin",Male: Hispanic or Latino: 45-64 years,1984,,...
"Deaths per 100,000 resident population, crude","Sex, age and race and Hispanic origin",Male: Hispanic or Latino: 45-64 years,1985,12.3,
"Deaths per 100,000 resident population, crude","Sex, age and race and Hispanic origin",Male: Hispanic or Latino: 45-64 years,1986,13.3,
"Deaths per 100,000 resident population, crude","Sex, age and race and Hispanic origin",Male: Hispanic or Latino: 45-64 years,1987,12.5,
"Deaths per 100,000 resident population, crude","Sex, age and race and Hispanic origin",Male: Hispanic or Latino: 45-64 years,1988,12.7,
"Deaths per 100,000 resident population, crude","Sex, age and race and Hispanic origin",Male: Hispanic or Latino: 45-64 years,1989,17.5,
"Deaths per 100,000 resident population, crude","Sex, age and race and Hispanic origin",Male: Hispanic or Latino: 45-64 years,1990,16.1,
"Deaths per 100,000 resident population, crude","Sex, age and race and Hispanic origin",Male: Hispanic or Latino: 45-64 years,1991,17.2,
"Deaths per 100,000 resident population, crude","Sex, age and race and Hispanic origin",Male: Hispanic or Latino: 45-64 years,1992,15.9,
"Deaths per 100,000 resident population, crude","Sex, age and race and Hispanic origin",Male: Hispanic or Latino: 45-64 years,1993,13.9,
"Deaths per 100,000 resident population, crude","Sex, age and race and Hispanic origin",Male: Hispanic or Latino: 45-64 years,1994,13.6,
"Deaths per 100,000 resident population, crude","Sex, age and race and Hispanic origin",Male: Hispanic or Latino: 45-64 years,1995,14.2,
"Deaths per 100,000 resident population, crude","Sex, age and race and Hispanic origin",Male: Hispanic or Latino: 45-64 years,1996,13.6,
"Deaths per 100,000 resident population, crude","Sex, age and race and Hispanic origin",Male: Hispanic or Latino: 45-64 years,1997,11.8,
"Deaths per 100,000 resident population, crude","Sex, age and race and Hispanic origin",Male: Hispanic or Latino: 45-64 years,1998,11.5,
"Deaths per 100,000 resident population, crude","Sex, age and race and Hispanic origin",Male: Hispanic or Latino: 45-64 years,1999,11.8,
"Deaths per 100,000 resident population, crude","Sex, age and race and Hispanic origin",Male: Hispanic or Latino: 45-64 years,2000,12.0,
"Deaths per 100,000 resident population, crude","Sex, age and race and Hispanic origin",Male: Hispanic or Latino: 45-64 years,2001,11.5,
"Deaths per 100,000 resident population, crude","Sex, age and race and Hispanic origin",Male: Hispanic or Latino: 45-64 years,2002,12.1,
"Deaths per 100,000 resident population, crude","Sex, age and race and Hispanic origin",Male: Hispanic or Latino: 45-64 years,2003,12.1,
"Deaths per 100,000 resident population, crude","Sex, age and race and Hispanic origin",Male: Hispanic or Latino: 45-64 years,2004,11.8,
"Deaths per 100,000 resident population, crude","Sex, age and race and Hispanic origin",Male: Hispanic or Latino: 45-64 years,2005,10.8,
"Deaths per 100,000 resident population, crude","Sex, age and race and Hispanic origin",Male: Hispanic or Latino: 45-64 years,2006,10.4,
"Deaths per 100,000 resident population, crude","Sex, age and race and Hispanic origin",Male: Hispanic or Latino: 45-64 years,2007,13.1,
"Deaths per 100,000 resident population, crude","Sex, age and race and Hispanic origin",Male: Hispanic or Latino: 45-64 years,2008,11.6,
"Deaths per 100,000 resident population, crude","Sex, age and race and Hispanic origin",Male: Hispanic or Latino: 45-64 years,2009,12.6,
"Deaths per 100,000 resident population, crude","Sex, age and race and Hispanic origin",Male: Hispanic or Latino: 45-64 years,2010,12.9,
"Deaths per 100,000 resident population, crude","Sex, age and race and Hispanic origin",Male: Hispanic or Latino: 45-64 years,2011,11.6,
"Deaths per 100,000 resident population, crude","Sex, age and race and Hispanic origin",Male: Hispanic or Latino: 45-64 years,2012,12.0,
"Deaths per 100,000 resident population, crude","Sex, age and race and Hispanic origin",Male: Hispanic or Latino: 45-64 years,2013,11.4,
"Deaths per 100,000 resident population, crude","Sex, age and race and Hispanic origin",Male: Hispanic or Latino: 45-64 years,2014,12.4,
"Deaths per 100,000 resident population, crude","Sex, age and race and Hispanic origin",Male: Hispanic or Latino: 45-64 years,2015,11.4,
"Deaths per 100,000 resident population, crude","Sex, age and race and Hispanic origin",Male: Hispanic or Latino: 45-64 years,2016,12.7,
"Deaths per 100,000 resident population, crude","Sex, age and race and Hispanic origin",Male: Hispanic or Latino: 45-64 years,2017,12.6,
"Deaths per 100,000 resident population, crude","Sex, age and race and Hispanic origin",Male: Hispanic or Latino: 45-64 years,2018,14.0,
"Deaths per 100,000 resident population, crude","Sex, age and race and Hispanic origin",Male: Hispanic or Latino: 65 years and over,1950,,...
"Deaths per 100,000 resident population, crude","Sex, age and race and Hispanic origin",Male: Hispanic or Latino: 65 years and over,1960,,...
"Deaths per 100,000 resident population, crude","Sex, age and race and Hispanic origin",Male: Hispanic or Latino: 65 years and over,1970,,...
"Deaths per 100,000 resident population, crude","Sex, age and race and Hispanic origin",Male: Hispanic or Latino: 65 years and over,1980,,...
"Deaths per 100,000 resident population, crude","Sex, age and race and Hispanic origin",Male: Hispanic or Latino: 65 years and over,1981,,...
"Deaths per 100,000 resident population, crude","Sex, age and race and Hispanic origin",Male: Hispanic or Latino: 65 years and over,1982,,...
"Deaths per 100,000 resident population, crude","Sex, age and race and Hispanic origin",Male: Hispanic or Latino: 65 years and over,1983,,...
"Deaths per 100,000 resident population, crude","Sex, age and race and Hispanic origin",Male: Hispanic or Latino: 65 years and over,1984,,...
"Deaths per 100,000 resident population, crude","Sex, age and race and Hispanic origin",Male: Hispanic or Latino: 65 years and over,1985,14.7,
"Deaths per 100,000 resident population, crude","Sex, age and race and Hispanic origin",Male: Hispanic or Latino: 65 years and over,1986,20.6,
"Deaths per 100,000 resident population, crude","Sex, age and race and Hispanic origin",Male: Hispanic or Latino: 65 years and over,1987,20.9,
"Deaths per 100,000 resident population, crude","Sex, age and race and Hispanic origin",Male: Hispanic or Latino: 65 years and over,1988,20.9,
"Deaths per 100,000 resident population, crude","Sex, age and race and Hispanic origin",Male: Hispanic or Latino: 65 years and over,1989,28.5,
"Deaths per 100,000 resident population, crude","Sex, age and race and Hispanic origin",Male: Hispanic or Latino: 65 years and over,1990,23.4,
"Deaths per 100,000 resident population, crude","Sex, age and race and Hispanic origin",Male: Hispanic or Latino: 65 years and over,1991,23.6,
"Deaths per 100,000 resident population, crude","Sex, age and race and Hispanic origin",Male: Hispanic or Latino: 65 years and over,1992,22.5,
"Deaths per 100,000 resident population, crude","Sex, age and race and Hispanic origin",Male: Hispanic or Latino: 65 years and over,1993,23.1,
"Deaths per 100,000 resident population, crude","Sex, age and race and Hispanic origin",Male: Hispanic or Latino: 65 years and over,1994,18.6,
"Deaths per 100,000 resident population, crude","Sex, age and race and Hispanic origin",Male: Hispanic or Latino: 65 years and over,1995,21.0,
"Deaths per 100,000 resident population, crude","Sex, age and race and Hispanic origin",Male: Hispanic or Latino: 65 years and over,1996,19.2,
"Deaths per 100,000 resident population, crude","Sex, age and race and Hispanic origin",Male: Hispanic or Latino: 65 years and over,1997,19.4,
"Deaths per 100,000 resident population, crude","Sex, age and race and Hispanic origin",Male: Hispanic or Latino: 65 years and over,1998,22.2,
"Deaths per 100,000 resident population, crude","Sex, age and race and Hispanic origin",Male: Hispanic or Latino: 65 years and over,1999,19.5,
"Deaths per 100,000 resident population, crude","Sex, age and race and Hispanic origin",Male: Hispanic or Latino: 65 years and over,2000,19.5,
"Deaths per 100,000 resident population, crude","Sex, age and race and Hispanic origin",Male: Hispanic or Latino: 65 years and over,2001,18.7,
"Deaths per 100,000 resident population, crude","Sex, age and race and Hispanic origin",Male: Hispanic or Latino: 65 years and over,2002,17.9,
"Deaths per 100,000 resident population, crude","Sex, age and race and Hispanic origin",Male: Hispanic or Latino: 65 years and over,2003,15.9,
"Deaths per 100,000 resident population, crude","Sex, age and race and Hispanic origin",Male: Hispanic or Latino: 65 years and over,2004,16.4,
"Deaths per 100,000 resident population, crude","Sex, age and race and Hispanic origin",Male: Hispanic or Latino: 65 years and over,2005,14.7,
"Deaths per 100,000 resident population, crude","Sex, age and race and Hispanic origin",Male: Hispanic or Latino: 65 years and over,2006,12.7,
"Deaths per 100,000 resident population, crude","Sex, age and race and Hispanic origin",Male: Hispanic or Latino: 65 years and over,2007,16.6,
"Deaths per 100,000 resident population, crude","Sex, age and race and Hispanic origin",Male: Hispanic or Latino: 65 years and over,2008,16.7,
"Deaths per 100,000 resident population, crude","Sex, age and race and Hispanic origin",Male: Hispanic or Latino: 65 years and over,2009,16.0,
"Deaths per 100,000 resident population, crude","Sex, age and race and Hispanic origin",Male: Hispanic or Latino: 65 years and over,2010,15.7,
"Deaths per 100,000 resident population, crude","Sex, age and race and Hispanic origin",Male: Hispanic or Latino: 65 years and over,2011,13.7,
"Deaths per 100,000 resident population, crude","Sex, age and race and Hispanic origin",Male: Hispanic or Latino: 65 years and over,2012,13.5,
"Deaths per 100,000 resident population, crude","Sex, age and race and Hispanic origin",Male: Hispanic or Latino: 65 years and over,2013,14.2,
"Deaths per 100,000 resident population, crude","Sex, age and race and Hispanic origin",Male: Hispanic or Latino: 65 years and over,2014,15.9,
"Deaths per 100,000 resident population, crude","Sex, age and race and Hispanic origin",Male: Hispanic or Latino: 65 years and over,2015,14.5,
"Deaths per 100,000 resident population, crude","Sex, age and race and Hispanic origin",Male: Hispanic or Latino: 65 years and over,2016,13.7,
"Deaths per 100,000 resident population, crude","Sex, age and race and Hispanic origin",Male: Hispanic or Latino: 65 years and over,2017,13.3,
"Deaths per 100,000 resident population, crude","Sex, age and race and Hispanic origin",Male: Hispanic or Latino: 65 years and over,2018,15.0,
"Deaths per 100,000 resident population, crude","Sex, age and race and Hispanic origin",Female: White: 15-24 years,1950,,...
"Deaths per 100,000 resident population, crude","Sex, age and race and Hispanic origin",Female: White: 15-24 years,1960,,...
"Deaths per 100,000 resident population, crude","Sex, age and race and Hispanic origin",Female: White: 15-24 years,1970,,...
"Deaths per 100,000 resident population, crude","Sex, age and race and Hispanic origin",Female: White: 15-24 years,1980,,...
"Deaths per 100,000 resident population, crude","Sex, age and race and Hispanic origin",Female: White: 15-24 years,1981,,...
"Deaths per 100,000 resident population, crude","Sex, age and race and Hispanic origin",Female: White: 15-24 years,1982,,...
"Deaths per 100,000 resident population, crude","Sex, age and race and Hispanic origin",Female: White: 15-24 years,1983,,...
"Deaths per 100,000 resident population, crude","Sex, age and race and Hispanic origin",Female: White: 15-24 years,1984,,...
"Deaths per 100,000 resident population, crude","Sex, age and race and Hispanic origin",Female: White: 15-24 years,1985,4.7,
"Deaths per 100,000 resident population, crude","Sex, age and race and Hispanic origin",Female: White: 15-24 years,1986,4.9,
"Deaths per 100,000 resident population, crude","Sex, age and race and Hispanic origin",Female: White: 15-24 years,1987,4.3,
"Deaths per 100,000 resident population, crude","Sex, age and race and Hispanic origin",Female: White: 15-24 years,1988,4.5,
"Deaths per 100,000 resident population, crude","Sex, age and race and Hispanic origin",Female: White: 15-24 years,1989,4.5,
"Deaths per 100,000 resident population, crude","Sex, age and race and Hispanic origin",Female: White: 15-24 years,1990,4.3,
"Deaths per 100,000 resident population, crude","Sex, age and race and Hispanic origin",Female: White: 15-24 years,1991,4.3,
"Deaths per 100,000 resident population, crude","Sex, age and race and Hispanic origin",Female: White: 15-24 years,1992,4.0,
"Deaths per 100,000 resident population, crude","Sex, age and race and Hispanic origin",Female: White: 15-24 years,1993,4.4,
"Deaths per 100,000 resident population, crude","Sex, age and race and Hispanic origin",Female: White: 15-24 years,1994,3.9,
"Deaths per 100,000 resident population, crude","Sex, age and race and Hispanic origin",Female: White: 15-24 years,1995,4.0,
"Deaths per 100,000 resident population, crude","Sex, age and race and Hispanic origin",Female: White: 15-24 years,1996,3.8,
"Deaths per 100,000 resident population, crude","Sex, age and race and Hispanic origin",Female: White: 15-24 years,1997,3.9,
"Deaths per 100,000 resident population, crude","Sex, age and race and Hispanic origin",Female: White: 15-24 years,1998,3.6,
"Deaths per 100,000 resident population, crude","Sex, age and race and Hispanic origin",Female: White: 15-24 years,1999,3.4,
"Deaths per 100,000 resident population, crude","Sex, age and race and Hispanic origin",Female: White: 15-24 years,2000,3.3,
"Deaths per 100,000 resident population, crude","Sex, age and race and Hispanic origin",Female: White: 15-24 years,2001,3.3,
"Deaths per 100,000 resident population, crude","Sex, age and race and Hispanic origin",Female: White: 15-24 years,2002,3.4,
"Deaths per 100,000 resident population, crude","Sex, age and race and Hispanic origin",Female: White: 15-24 years,2003,3.3,
"Deaths per 100,000 resident population, crude","Sex, age and race and Hispanic origin",Female: White: 15-24 years,2004,4.0,
"Deaths per 100,000 resident population, crude","Sex, age and race and Hispanic origin",Female: White: 15-24 years,2005,4.0,
"Deaths per 100,000 resident population, crude","Sex, age and race and Hispanic origin",Female: White: 15-24 years,2006,3.5,
"Deaths per 100,000 resident population, crude","Sex, age and race and Hispanic origin",Female: White: 15-24 years,2007,3.7,
"Deaths per 100,000 resident population, crude","Sex, age and race and Hispanic origin",Female: White: 15-24 years,2008,3.9,
"Deaths per 100,000 resident population, crude","Sex, age and race and Hispanic origin",Female: White: 15-24 years,2009,4.1,
"Deaths per 100,000 resident population, crude","Sex, age and race and Hispanic origin",Female: White: 15-24 years,2010,4.4,
"Deaths per 100,000 resident population, crude","Sex, age and race and Hispanic origin",Female: White: 15-24 years,2011,4.8,
"Deaths per 100,000 resident population, crude","Sex, age and race and Hispanic origin",Female: White: 15-24 years,2012,5.1,
"Deaths per 100,000 resident population, crude","Sex, age and race and Hispanic origin",Female: White: 15-24 years,2013,5.4,
"Deaths per 100,000 resident population, crude","Sex, age and race and Hispanic origin",Female: White: 15-24 years,2014,5.4,
"Deaths per 100,000 resident population, crude","Sex, age and race and Hispanic origin",Female: White: 15-24 years,2015,6.1,
"Deaths per 100,000 resident population, crude","Sex, age and race and Hispanic origin",Female: White: 15-24 years,2016,6.1,
"Deaths per 100,000 resident population, crude","Sex, age and race and Hispanic origin",Female: White: 15-24 years,2017,6.4,
"Deaths per 100,000 resident population, crude","Sex, age and race and Hispanic origin",Female: White: 15-24 years,2018,6.6,
"Deaths per 100,000 resident population, crude","Sex, age and race and Hispanic origin",Female: White: 25-44 years,1950,,...
"Deaths per 100,000 resident population, crude","Sex, age and race and Hispanic origin",Female: White: 25-44 years,1960,,...
"Deaths per 100,000 resident population, crude","Sex, age and race and Hispanic origin",Female: White: 25-44 years,1970,,...
"Deaths per 100,000 resident population, crude","Sex, age and race and Hispanic origin",Female: White: 25-44 years,1980,,...
"Deaths per 100,000 resident population, crude","Sex, age and race and Hispanic origin",Female: White: 25-44 years,1981,,...
"Deaths per 100,000 resident population, crude","Sex, age and race and Hispanic origin",Female: White: 25-44 years,1982,,...
"Deaths per 100,000 resident population, crude","Sex, age and race and Hispanic origin",Female: White: 25-44 years,1983,,...
"Deaths per 100,000 resident population, crude","Sex, age and race and Hispanic origin",Female: White: 25-44 years,1984,,...
"Deaths per 100,000 resident population, crude","Sex, age and race and Hispanic origin",Female: White: 25-44 years,1985,7.7,
"Deaths per 100,000 resident population, crude","Sex, age and race and Hispanic origin",Female: White: 25-44 years,1986,7.2,
"Deaths per 100,000 resident population, crude","Sex, age and race and Hispanic origin",Female: White: 25-44 years,1987,7.4,
"Deaths per 100,000 resident population, crude","Sex, age and race and Hispanic origin",Female: White: 25-44 years,1988,7.0,
"Deaths per 100,000 resident population, crude","Sex, age and race and Hispanic origin",Female: White: 25-44 years,1989,6.8,
"Deaths per 100,000 resident population, crude","Sex, age and race and Hispanic origin",Female: White: 25-44 years,1990,7.0,
"Deaths per 100,000 resident population, crude","Sex, age and race and Hispanic origin",Female: White: 25-44 years,1991,6.6,
"Deaths per 100,000 resident population, crude","Sex, age and race and Hispanic origin",Female: White: 25-44 years,1992,6.6,
"Deaths per 100,000 resident population, crude","Sex, age and race and Hispanic origin",Female: White: 25-44 years,1993,6.6,
"Deaths per 100,000 resident population, crude","Sex, age and race and Hispanic origin",Female: White: 25-44 years,1994,6.8,
"Deaths per 100,000 resident population, crude","Sex, age and race and Hispanic origin",Female: White: 25-44 years,1995,6.6,
"Deaths per 100,000 resident population, crude","Sex, age and race and Hispanic origin",Female: White: 25-44 years,1996,6.7,
"Deaths per 100,000 resident population, crude","Sex, age and race and Hispanic origin",Female: White: 25-44 years,1997,7.1,
"Deaths per 100,000 resident population, crude","Sex, age and race and Hispanic origin",Female: White: 25-44 years,1998,7.2,
"Deaths per 100,000 resident population, crude","Sex, age and race and Hispanic origin",Female: White: 25-44 years,1999,6.8,
"Deaths per 100,000 resident population, crude","Sex, age and race and Hispanic origin",Female: White: 25-44 years,2000,6.7,
"Deaths per 100,000 resident population, crude","Sex, age and race and Hispanic origin",Female: White: 25-44 years,2001,6.9,
"Deaths per 100,000 resident population, crude","Sex, age and race and Hispanic origin",Female: White: 25-44 years,2002,7.5,
"Deaths per 100,000 resident population, crude","Sex, age and race and Hispanic origin",Female: White: 25-44 years,2003,7.3,
"Deaths per 100,000 resident population, crude","Sex, age and race and Hispanic origin",Female: White: 25-44 years,2004,7.6,
"Deaths per 100,000 resident population, crude","Sex, age and race and Hispanic origin",Female: White: 25-44 years,2005,7.5,
"Deaths per 100,000 resident population, crude","Sex, age and race and Hispanic origin",Female: White: 25-44 years,2006,7.9,
"Deaths per 100,000 resident population, crude","Sex, age and race and Hispanic origin",Female: White: 25-44 years,2007,8.1,
"Deaths per 100,000 resident population, crude","Sex, age and race and Hispanic origin",Female: White: 25-44 years,2008,8.4,
"Deaths per 100,000 resident population, crude","Sex, age and race and Hispanic origin",Female: White: 25-44 years,2009,8.3,
"Deaths per 100,000 resident population, crude","Sex, age and race and Hispanic origin",Female: White: 25-44 years,2010,8.6,
"Deaths per 100,000 resident population, crude","Sex, age and race and Hispanic origin",Female: White: 25-44 years,2011,9.1,
"Deaths per 100,000 resident population, crude","Sex, age and race and Hispanic origin",Female: White: 25-44 years,2012,9.2,
"Deaths per 100,000 resident population, crude","Sex, age and race and Hispanic origin",Female: White: 25-44 years,2013,9.3,
"Deaths per 100,000 resident population, crude","Sex, age and race and Hispanic origin",Female: White: 25-44 years,2014,9.8,
"Deaths per 100,000 resident population, crude","Sex, age and race and Hispanic origin",Female: White: 25-44 years,2015,10.3,
"Deaths per 100,000 resident population, crude","Sex, age and race and Hispanic origin",Female: White: 25-44 years,2016,10.3,
"Deaths per 100,000 resident population, crude","Sex, age and race and Hispanic origin",Female: White: 25-44 years,2017,10.4,
"Deaths per 100,000 resident population, crude","Sex, age and race and Hispanic origin",Female: White: 25-44 years,2018,10.3,
"Deaths per 100,000 resident population, crude","Sex, age and race and Hispanic origin",Female: White: 45-64 years,1950,,...
"Deaths per 100,000 resident population, crude","Sex, age and race and Hispanic origin",Female: White: 45-64 years,1960,,...
"Deaths per 100,000 resident population, crude","Sex, age and race and Hispanic origin",Female: White: 45-64 years,1970,,...
"Deaths per 100,000 resident population, crude","Sex, age and race and Hispanic origin",Female: White: 45-64 years,1980,,...
"Deaths per 100,000 resident population, crude","Sex, age and race and Hispanic origin",Female: White: 45-64 years,1981,,...
"Deaths per 100,000 resident population, crude","Sex, age and race and Hispanic origin",Female: White: 45-64 years,1982,,...
"Deaths per 100,000 resident population, crude","Sex, age and race and Hispanic origin",Female: White: 45-64 years,1983,,...
"Deaths per 100,000 resident population, crude","Sex, age and race and Hispanic origin",Female: White: 45-64 years,1984,,...
"Deaths per 100,000 resident population, crude","Sex, age and race and Hispanic origin",Female: White: 45-64 years,1985,9.2,
"Deaths per 100,000 resident population, crude","Sex, age and race and Hispanic origin",Female: White: 45-64 years,1986,9.9,
"Deaths per 100,000 resident population, crude","Sex, age and race and Hispanic origin",Female: White: 45-64 years,1987,9.1,
"Deaths per 100,000 resident population, crude","Sex, age and race and Hispanic origin",Female: White: 45-64 years,1988,8.5,
"Deaths per 100,000 resident population, crude","Sex, age and race and Hispanic origin",Female: White: 45-64 years,1989,8.2,
"Deaths per 100,000 resident population, crude","Sex, age and race and Hispanic origin",Female: White: 45-64 years,1990,8.0,
"Deaths per 100,000 resident population, crude","Sex, age and race and Hispanic origin",Female: White: 45-64 years,1991,8.0,
"Deaths per 100,000 resident population, crude","Sex, age and race and Hispanic origin",Female: White: 45-64 years,1992,7.8,
"Deaths per 100,000 resident population, crude","Sex, age and race and Hispanic origin",Female: White: 45-64 years,1993,7.6,
"Deaths per 100,000 resident population, crude","Sex, age and race and Hispanic origin",Female: White: 45-64 years,1994,7.3,
"Deaths per 100,000 resident population, crude","Sex, age and race and Hispanic origin",Female: White: 45-64 years,1995,6.9,
"Deaths per 100,000 resident population, crude","Sex, age and race and Hispanic origin",Female: White: 45-64 years,1996,7.2,
"Deaths per 100,000 resident population, crude","Sex, age and race and Hispanic origin",Female: White: 45-64 years,1997,7.5,
"Deaths per 100,000 resident population, crude","Sex, age and race and Hispanic origin",Female: White: 45-64 years,1998,7.3,
"Deaths per 100,000 resident population, crude","Sex, age and race and Hispanic origin",Female: White: 45-64 years,1999,7.0,
"Deaths per 100,000 resident population, crude","Sex, age and race and Hispanic origin",Female: White: 45-64 years,2000,7.3,
"Deaths per 100,000 resident population, crude","Sex, age and race and Hispanic origin",Female: White: 45-64 years,2001,7.8,
"Deaths per 100,000 resident population, crude","Sex, age and race and Hispanic origin",Female: White: 45-64 years,2002,8.0,
"Deaths per 100,000 resident population, crude","Sex, age and race and Hispanic origin",Female: White: 45-64 years,2003,8.3,
"Deaths per 100,000 resident population, crude","Sex, age and race and Hispanic origin",Female: White: 45-64 years,2004,9.1,
"Deaths per 100,000 resident population, crude","Sex, age and race and Hispanic origin",Female: White: 45-64 years,2005,8.7,
"Deaths per 100,000 resident population, crude","Sex, age and race and Hispanic origin",Female: White: 45-64 years,2006,9.5,
"Deaths per 100,000 resident population, crude","Sex, age and race and Hispanic origin",Female: White: 45-64 years,2007,10.0,
"Deaths per 100,000 resident population, crude","Sex, age and race and Hispanic origin",Female: White: 45-64 years,2008,10.1,
"Deaths per 100,000 resident population, crude","Sex, age and race and Hispanic origin",Female: White: 45-64 years,2009,10.5,
"Deaths per 100,000 resident population, crude","Sex, age and race and Hispanic origin",Female: White: 45-64 years,2010,10.7,
"Deaths per 100,000 resident population, crude","Sex, age and race and Hispanic origin",Female: White: 45-64 years,2011,11.1,
"Deaths per 100,000 resident population, crude","Sex, age and race and Hispanic origin",Female: White: 45-64 years,2012,11.6,
"Deaths per 100,000 resident population, crude","Sex, age and race and Hispanic origin",Female: White: 45-64 years,2013,12.0,
"Deaths per 100,000 resident population, crude","Sex, age and race and Hispanic origin",Female: White: 45-64 years,2014,12.6,
"Deaths per 100,000 resident population, crude","Sex, age and race and Hispanic origin",Female: White: 45-64 years,2015,13.1,
"Deaths per 100,000 resident population, crude","Sex, age and race and Hispanic origin",Female: White: 45-64 years,2016,13.0,
"Deaths per 100,000 resident population, crude","Sex, age and race and Hispanic origin",Female: White: 45-64 years,2017,12.8,
"Deaths per 100,000 resident population, crude","Sex, age and race and Hispanic origin",Female: White: 45-64 years,2018,12.9,
"Deaths per 100,000 resident population, crude","Sex, age and race and Hispanic origin",Female: White: 65 years and over,1950,,...
"Deaths per 100,000 resident population, crude","Sex, age and race and Hispanic origin",Female: White: 65 years and over,1960,,...
"Deaths per 100,000 resident population, crude","Sex, age and race and Hispanic origin",Female: White: 65 years and over,1970,,...
"Deaths per 100,000 resident population, crude","Sex, age and race and Hispanic origin",Female: White: 65 years and over,1980,,...
"Deaths per 100,000 resident population, crude","Sex, age and race and Hispanic origin",Female: White: 65 years and over,1981,,...
"Deaths per 100,000 resident population, crude","Sex, age and race and Hispanic origin",Female: White: 65 years and over,1982,,...
"Deaths per 100,000 resident population, crude","Sex, age and race and Hispanic origin",Female: White: 65 years and over,1983,,...
"Deaths per 100,000 resident population, crude","Sex, age and race and Hispanic origin",Female: White: 65 years and over,1984,,...
"Deaths per 100,000 resident population, crude","Sex, age and race and Hispanic origin",Female: White: 65 years and over,1985,7.5,
"Deaths per 100,000 resident population, crude","Sex, age and race and Hispanic origin",Female: White: 65 years and over,1986,8.1,
"Deaths per 100,000 resident population, crude","Sex, age and race and Hispanic origin",Female: White: 65 years and over,1987,7.4,
"Deaths per 100,000 resident population, crude","Sex, age and race and Hispanic origin",Female: White: 65 years and over,1988,7.2,
"Deaths per 100,000 resident population, crude","Sex, age and race and Hispanic origin",Female: White: 65 years and over,1989,6.4,
"Deaths per 100,000 resident population, crude","Sex, age and race and Hispanic origin",Female: White: 65 years and over,1990,7.0,
"Deaths per 100,000 resident population, crude","Sex, age and race and Hispanic origin",Female: White: 65 years and over,1991,6.3,
"Deaths per 100,000 resident population, crude","Sex, age and race and Hispanic origin",Female: White: 65 years and over,1992,6.4,
"Deaths per 100,000 resident population, crude","Sex, age and race and Hispanic origin",Female: White: 65 years and over,1993,6.1,
"Deaths per 100,000 resident population, crude","Sex, age and race and Hispanic origin",Female: White: 65 years and over,1994,5.9,
"Deaths per 100,000 resident population, crude","Sex, age and race and Hispanic origin",Female: White: 65 years and over,1995,5.8,
"Deaths per 100,000 resident population, crude","Sex, age and race and Hispanic origin",Female: White: 65 years and over,1996,5.0,
"Deaths per 100,000 resident population, crude","Sex, age and race and Hispanic origin",Female: White: 65 years and over,1997,5.1,
"Deaths per 100,000 resident population, crude","Sex, age and race and Hispanic origin",Female: White: 65 years and over,1998,5.1,
"Deaths per 100,000 resident population, crude","Sex, age and race and Hispanic origin",Female: White: 65 years and over,1999,4.7,
"Deaths per 100,000 resident population, crude","Sex, age and race and Hispanic origin",Female: White: 65 years and over,2000,4.4,
"Deaths per 100,000 resident population, crude","Sex, age and race and Hispanic origin",Female: White: 65 years and over,2001,4.3,
"Deaths per 100,000 resident population, crude","Sex, age and race and Hispanic origin",Female: White: 65 years and over,2002,4.5,
"Deaths per 100,000 resident population, crude","Sex, age and race and Hispanic origin",Female: White: 65 years and over,2003,4.2,
"Deaths per 100,000 resident population, crude","Sex, age and race and Hispanic origin",Female: White: 65 years and over,2004,4.2,
"Deaths per 100,000 resident population, crude","Sex, age and race and Hispanic origin",Female: White: 65 years and over,2005,4.4,
"Deaths per 100,000 resident population, crude","Sex, age and race and Hispanic origin",Female: White: 65 years and over,2006,4.3,
"Deaths per 100,000 resident population, crude","Sex, age and race and Hispanic origin",Female: White: 65 years and over,2007,4.4,
"Deaths per 100,000 resident population, crude","Sex, age and race and Hispanic origin",Female: White: 65 years and over,2008,4.6,
"Deaths per 100,000 resident population, crude","Sex, age and race and Hispanic origin",Female: White: 65 years and over,2009,4.5,
"Deaths per 100,000 resident population, crude","Sex, age and race and Hispanic origin",Female: White: 65 years and over,2010,4.7,
"Deaths per 100,000 resident population, crude","Sex, age and race and Hispanic origin",Female: White: 65 years and over,2011,5.1,
"Deaths per 100,000 resident population, crude","Sex, age and race and Hispanic origin",Female: White: 65 years and over,2012,5.1,
"Deaths per 100,000 resident population, crude","Sex, age and race and Hispanic origin",Female: White: 65 years and over,2013,5.4,
"Deaths per 100,000 resident population, crude","Sex, age and race and Hispanic origin",Female: White: 65 years and over,2014,5.8,
"Deaths per 100,000 resident population, crude","Sex, age and race and Hispanic origin",Female: White: 65 years and over,2015,6.0,
"Deaths per 100,000 resident population, crude","Sex, age and race and Hispanic origin",Female: White: 65 years and over,2016,6.2,
"Deaths per 100,000 resident population, crude","Sex, age and race and Hispanic origin",Female: White: 65 years and over,2017,6.1,
"Deaths per 100,000 resident population, crude","Sex, age and race and Hispanic origin",Female: White: 65 years and over,2018,6.3,
"Deaths per 100,000 resident population, crude","Sex, age and race and Hispanic origin",Female: Black or African American: 15-24 years,1950,,...
"Deaths per 100,000 resident population, crude","Sex, age and race and Hispanic origin",Female: Black or African American: 15-24 years,1960,,...
"Deaths per 100,000 resident population, crude","Sex, age and race and Hispanic origin",Female: Black or African American: 15-24 years,1970,,...
"Deaths per 100,000 resident population, crude","Sex, age and race and Hispanic origin",Female: Black or African American: 15-24 years,1980,,...
"Deaths per 100,000 resident population, crude","Sex, age and race and Hispanic origin",Female: Black or African American: 15-24 years,1981,,...
"Deaths per 100,000 resident population, crude","Sex, age and race and Hispanic origin",Female: Black or African American: 15-24 years,1982,,...
"Deaths per 100,000 resident population, crude","Sex, age and race and Hispanic origin",Female: Black or African American: 15-24 years,1983,,...
"Deaths per 100,000 resident population, crude","Sex, age and race and Hispanic origin",Female: Black or African American: 15-24 years,1984,,...
"Deaths per 100,000 resident population, crude","Sex, age and race and Hispanic origin",Female: Black or African American: 15-24 years,1985,,...
"Deaths per 100,000 resident population, crude","Sex, age and race and Hispanic origin",Female: Black or African American: 15-24 years,1986,,...
"Deaths per 100,000 resident population, crude","Sex, age and race and Hispanic origin",Female: Black or African American: 15-24 years,1987,,...
"Deaths per 100,000 resident population, crude","Sex, age and race and Hispanic origin",Female: Black or African American: 15-24 years,1988,,...
"Deaths per 100,000 resident population, crude","Sex, age and race and Hispanic origin",Female: Black or African American: 15-24 years,1989,,...
"Deaths per 100,000 resident population, crude","Sex, age and race and Hispanic origin",Female: Black or African American: 15-24 years,1990,,...
"Deaths per 100,000 resident population, crude","Sex, age and race and Hispanic origin",Female: Black or African American: 15-24 years,1991,,...
"Deaths per 100,000 resident population, crude","Sex, age and race and Hispanic origin",Female: Black or African American: 15-24 years,1992,,...
"Deaths per 100,000 resident population, crude","Sex, age and race and Hispanic origin",Female: Black or African American: 15-24 years,1993,,...
"Deaths per 100,000 resident population, crude","Sex, age and race and Hispanic origin",Female: Black or African American: 15-24 years,1994,,...
"Deaths per 100,000 resident population, crude","Sex, age and race and Hispanic origin",Female: Black or African American: 15-24 years,1995,,...
"Deaths per 100,000 resident population, crude","Sex, age and race and Hispanic origin",Female: Black or African American: 15-24 years,1996,,...
"Deaths per 100,000 resident population, crude","Sex, age and race and Hispanic origin",Female: Black or African American: 15-24 years,1997,,...
"Deaths per 100,000 resident population, crude","Sex, age and race and Hispanic origin",Female: Black or African American: 15-24 years,1998,,...
"Deaths per 100,000 resident population, crude","Sex, age and race and Hispanic origin",Female: Black or African American: 15-24 years,1999,2.0,
"Deaths per 100,000 resident population, crude","Sex, age and race and Hispanic origin",Female: Black or African American: 15-24 years,2000,2.3,
"Deaths per 100,000 resident population, crude","Sex, age and race and Hispanic origin",Female: Black or African American: 15-24 years,2001,1.3,
"Deaths per 100,000 resident population, crude","Sex, age and race and Hispanic origin",Female: Black or African American: 15-24 years,2002,1.7,
"Deaths per 100,000 resident population, crude","Sex, age and race and Hispanic origin",Female: Black or African American: 15-24 years,2003,2.0,
"Deaths per 100,000 resident population, crude","Sex, age and race and Hispanic origin",Female: Black or African American: 15-24 years,2004,2.2,
"Deaths per 100,000 resident population, crude","Sex, age and race and Hispanic origin",Female: Black or African American: 15-24 years,2005,1.7,
"Deaths per 100,000 resident population, crude","Sex, age and race and Hispanic origin",Female: Black or African American: 15-24 years,2006,1.8,
"Deaths per 100,000 resident population, crude","Sex, age and race and Hispanic origin",Female: Black or African American: 15-24 years,2007,1.6,
"Deaths per 100,000 resident population, crude","Sex, age and race and Hispanic origin",Female: Black or African American: 15-24 years,2008,2.6,
"Deaths per 100,000 resident population, crude","Sex, age and race and Hispanic origin",Female: Black or African American: 15-24 years,2009,2.2,
"Deaths per 100,000 resident population, crude","Sex, age and race and Hispanic origin",Female: Black or African American: 15-24 years,2010,2.1,
"Deaths per 100,000 resident population, crude","Sex, age and race and Hispanic origin",Female: Black or African American: 15-24 years,2011,2.4,
"Deaths per 100,000 resident population, crude","Sex, age and race and Hispanic origin",Female: Black or African American: 15-24 years,2012,2.9,
"Deaths per 100,000 resident population, crude","Sex, age and race and Hispanic origin",Female: Black or African American: 15-24 years,2013,2.7,
"Deaths per 100,000 resident population, crude","Sex, age and race and Hispanic origin",Female: Black or African American: 15-24 years,2014,2.7,
"Deaths per 100,000 resident population, crude","Sex, age and race and Hispanic origin",Female: Black or African American: 15-24 years,2015,3.7,
"Deaths per 100,000 resident population, crude","Sex, age and race and Hispanic origin",Female: Black or African American: 15-24 years,2016,4.0,
"Deaths per 100,000 resident population, crude","Sex, age and race and Hispanic origin",Female: Black or African American: 15-24 years,2017,4.5,
"Deaths per 100,000 resident population, crude","Sex, age and race and Hispanic origin",Female: Black or African American: 15-24 years,2018,4.2,
"Deaths per 100,000 resident population, crude","Sex, age and race and Hispanic origin",Female: Black or African American: 25-44 years,1950,,...
"Deaths per 100,000 resident population, crude","Sex, age and race and Hispanic origin",Female: Black or African American: 25-44 years,1960,,...
"Deaths per 100,000 resident population, crude","Sex, age and race and Hispanic origin",Female: Black or African American: 25-44 years,1970,,...
"Deaths per 100,000 resident population, crude","Sex, age and race and Hispanic origin",Female: Black or African American: 25-44 years,1980,,...
"Deaths per 100,000 resident population, crude","Sex, age and race and Hispanic origin",Female: Black or African American: 25-44 years,1981,,...
"Deaths per 100,000 resident population, crude","Sex, age and race and Hispanic origin",Female: Black or African American: 25-44 years,1982,,...
"Deaths per 100,000 resident population, crude","Sex, age and race and Hispanic origin",Female: Black or African American: 25-44 years,1983,,...
"Deaths per 100,000 resident population, crude","Sex, age and race and Hispanic origin",Female: Black or African American: 25-44 years,1984,,...
"Deaths per 100,000 resident population, crude","Sex, age and race and Hispanic origin",Female: Black or African American: 25-44 years,1985,,...
"Deaths per 100,000 resident population, crude","Sex, age and race and Hispanic origin",Female: Black or African American: 25-44 years,1986,,...
"Deaths per 100,000 resident population, crude","Sex, age and race and Hispanic origin",Female: Black or African American: 25-44 years,1987,,...
"Deaths per 100,000 resident population, crude","Sex, age and race and Hispanic origin",Female: Black or African American: 25-44 years,1988,,...
"Deaths per 100,000 resident population, crude","Sex, age and race and Hispanic origin",Female: Black or African American: 25-44 years,1989,,...
"Deaths per 100,000 resident population, crude","Sex, age and race and Hispanic origin",Female: Black or African American: 25-44 years,1990,,...
"Deaths per 100,000 resident population, crude","Sex, age and race and Hispanic origin",Female: Black or African American: 25-44 years,1991,,...
"Deaths per 100,000 resident population, crude","Sex, age and race and Hispanic origin",Female: Black or African American: 25-44 years,1992,,...
"Deaths per 100,000 resident population, crude","Sex, age and race and Hispanic origin",Female: Black or African American: 25-44 years,1993,,...
"Deaths per 100,000 resident population, crude","Sex, age and race and Hispanic origin",Female: Black or African American: 25-44 years,1994,,...
"Deaths per 100,000 resident population, crude","Sex, age and race and Hispanic origin",Female: Black or African American: 25-44 years,1995,,...
"Deaths per 100,000 resident population, crude","Sex, age and race and Hispanic origin",Female: Black or African American: 25-44 years,1996,,...
"Deaths per 100,000 resident population, crude","Sex, age and race and Hispanic origin",Female: Black or African American: 25-44 years,1997,,...
"Deaths per 100,000 resident population, crude","Sex, age and race and Hispanic origin",Female: Black or African American: 25-44 years,1998,,...
"Deaths per 100,000 resident population, crude","Sex, age and race and Hispanic origin",Female: Black or African American: 25-44 years,1999,2.5,
"Deaths per 100,000 resident population, crude","Sex, age and race and Hispanic origin",Female: Black or African American: 25-44 years,2000,2.7,
"Deaths per 100,000 resident population, crude","Sex, age and race and Hispanic origin",Female: Black or African American: 25-44 years,2001,2.7,
"Deaths per 100,000 resident population, crude","Sex, age and race and Hispanic origin",Female: Black or African American: 25-44 years,2002,2.5,
"Deaths per 100,000 resident population, crude","Sex, age and race and Hispanic origin",Female: Black or African American: 25-44 years,2003,2.8,
"Deaths per 100,000 resident population, crude","Sex, age and race and Hispanic origin",Female: Black or African American: 25-44 years,2004,3.0,
"Deaths per 100,000 resident population, crude","Sex, age and race and Hispanic origin",Female: Black or African American: 25-44 years,2005,2.9,
"Deaths per 100,000 resident population, crude","Sex, age and race and Hispanic origin",Female: Black or African American: 25-44 years,2006,2.1,
"Deaths per 100,000 resident population, crude","Sex, age and race and Hispanic origin",Female: Black or African American: 25-44 years,2007,2.8,
"Deaths per 100,000 resident population, crude","Sex, age and race and Hispanic origin",Female: Black or African American: 25-44 years,2008,2.6,
"Deaths per 100,000 resident population, crude","Sex, age and race and Hispanic origin",Female: Black or African American: 25-44 years,2009,2.8,
"Deaths per 100,000 resident population, crude","Sex, age and race and Hispanic origin",Female: Black or African American: 25-44 years,2010,2.9,
"Deaths per 100,000 resident population, crude","Sex, age and race and Hispanic origin",Female: Black or African American: 25-44 years,2011,3.2,
"Deaths per 100,000 resident population, crude","Sex, age and race and Hispanic origin",Female: Black or African American: 25-44 years,2012,3.3,
"Deaths per 100,000 resident population, crude","Sex, age and race and Hispanic origin",Female: Black or African American: 25-44 years,2013,3.0,
"Deaths per 100,000 resident population, crude","Sex, age and race and Hispanic origin",Female: Black or African American: 25-44 years,2014,3.0,
"Deaths per 100,000 resident population, crude","Sex, age and race and Hispanic origin",Female: Black or African American: 25-44 years,2015,2.9,
"Deaths per 100,000 resident population, crude","Sex, age and race and Hispanic origin",Female: Black or African American: 25-44 years,2016,3.8,
"Deaths per 100,000 resident population, crude","Sex, age and race and Hispanic origin",Female: Black or African American: 25-44 years,2017,4.3,
"Deaths per 100,000 resident population, crude","Sex, age and race and Hispanic origin",Female: Black or African American: 25-44 years,2018,4.6,
"Deaths per 100,000 resident population, crude","Sex, age and race and Hispanic origin",Female: Black or African American: 45-64 years,1950,,...
"Deaths per 100,000 resident population, crude","Sex, age and race and Hispanic origin",Female: Black or African American: 45-64 years,1960,,...
"Deaths per 100,000 resident population, crude","Sex, age and race and Hispanic origin",Female: Black or African American: 45-64 years,1970,,...
"Deaths per 100,000 resident population, crude","Sex, age and race and Hispanic origin",Female: Black or African American: 45-64 years,1980,,...
"Deaths per 100,000 resident population, crude","Sex, age and race and Hispanic origin",Female: Black or African American: 45-64 years,1981,,...
"Deaths per 100,000 resident population, crude","Sex, age and race and Hispanic origin",Female: Black or African American: 45-64 years,1982,,...
"Deaths per 100,000 resident population, crude","Sex, age and race and Hispanic origin",Female: Black or African American: 45-64 years,1983,,...
"Deaths per 100,000 resident population, crude","Sex, age and race and Hispanic origin",Female: Black or African American: 45-64 years,1984,,...
"Deaths per 100,000 resident population, crude","Sex, age and race and Hispanic origin",Female: Black or African American: 45-64 years,1985,,...
"Deaths per 100,000 resident population, crude","Sex, age and race and Hispanic origin",Female: Black or African American: 45-64 years,1986,,...
"Deaths per 100,000 resident population, crude","Sex, age and race and Hispanic origin",Female: Black or African American: 45-64 years,1987,,...
"Deaths per 100,000 resident population, crude","Sex, age and race and Hispanic origin",Female: Black or African American: 45-64 years,1988,,...
"Deaths per 100,000 resident population, crude","Sex, age and race and Hispanic origin",Female: Black or African American: 45-64 years,1989,,...
"Deaths per 100,000 resident population, crude","Sex, age and race and Hispanic origin",Female: Black or African American: 45-64 years,1990,,...
"Deaths per 100,000 resident population, crude","Sex, age and race and Hispanic origin",Female: Black or African American: 45-64 years,1991,,...
"Deaths per 100,000 resident population, crude","Sex, age and race and Hispanic origin",Female: Black or African American: 45-64 years,1992,,...
"Deaths per 100,000 resident population, crude","Sex, age and race and Hispanic origin",Female: Black or African American: 45-64 years,1993,,...
"Deaths per 100,000 resident population, crude","Sex, age and race and Hispanic origin",Female: Black or African American: 45-64 years,1994,,...
"Deaths per 100,000 resident population, crude","Sex, age and race and Hispanic origin",Female: Black or African American: 45-64 years,1995,,...
"Deaths per 100,000 resident population, crude","Sex, age and race and Hispanic origin",Female: Black or African American: 45-64 years,1996,,...
"Deaths per 100,000 resident population, crude","Sex, age and race and Hispanic origin",Female: Black or African American: 45-64 years,1997,,...
"Deaths per 100,000 resident population, crude","Sex, age and race and Hispanic origin",Female: Black or African American: 45-64 years,1998,,...
"Deaths per 100,000 resident population, crude","Sex, age and race and Hispanic origin",Female: Black or African American: 45-64 years,1999,1.9,
"Deaths per 100,000 resident population, crude","Sex, age and race and Hispanic origin",Female: Black or African American: 45-64 years,2000,2.2,
"Deaths per 100,000 resident population, crude","Sex, age and race and Hispanic origin",Female: Black or African American: 45-64 years,2001,2.6,
"Deaths per 100,000 resident population, crude","Sex, age and race and Hispanic origin",Female: Black or African American: 45-64 years,2002,2.1,
"Deaths per 100,000 resident population, crude","Sex, age and race and Hispanic origin",Female: Black or African American: 45-64 years,2003,2.4,
"Deaths per 100,000 resident population, crude","Sex, age and race and Hispanic origin",Female: Black or African American: 45-64 years,2004,2.1,
"Deaths per 100,000 resident population, crude","Sex, age and race and Hispanic origin",Female: Black or African American: 45-64 years,2005,2.4,
"Deaths per 100,000 resident population, crude","Sex, age and race and Hispanic origin",Female: Black or African American: 45-64 years,2006,1.9,
"Deaths per 100,000 resident population, crude","Sex, age and race and Hispanic origin",Female: Black or African American: 45-64 years,2007,2.3,
"Deaths per 100,000 resident population, crude","Sex, age and race and Hispanic origin",Female: Black or African American: 45-64 years,2008,1.7,
"Deaths per 100,000 resident population, crude","Sex, age and race and Hispanic origin",Female: Black or African American: 45-64 years,2009,2.5,
"Deaths per 100,000 resident population, crude","Sex, age and race and Hispanic origin",Female: Black or African American: 45-64 years,2010,2.2,
"Deaths per 100,000 resident population, crude","Sex, age and race and Hispanic origin",Female: Black or African American: 45-64 years,2011,2.0,
"Deaths per 100,000 resident population, crude","Sex, age and race and Hispanic origin",Female: Black or African American: 45-64 years,2012,2.4,
"Deaths per 100,000 resident population, crude","Sex, age and race and Hispanic origin",Female: Black or African American: 45-64 years,2013,2.7,
"Deaths per 100,000 resident population, crude","Sex, age and race and Hispanic origin",Female: Black or African American: 45-64 years,2014,2.7,
"Deaths per 100,000 resident population, crude","Sex, age and race and Hispanic origin",Female: Black or African American: 45-64 years,2015,2.6,
"Deaths per 100,000 resident population, crude","Sex, age and race and Hispanic origin",Female: Black or African American: 45-64 years,2016,2.3,
"Deaths per 100,000 resident population, crude","Sex, age and race and Hispanic origin",Female: Black or African American: 45-64 years,2017,2.7,
"Deaths per 100,000 resident population, crude","Sex, age and race and Hispanic origin",Female: Black or African American: 45-64 years,2018,3.0,
"Deaths per 100,000 resident population, crude","Sex, age and race and Hispanic origin",Female: Black or African American: 65 years and over,1950,,...
"Deaths per 100,000 resident population, crude","Sex, age and race and Hispanic origin",Female: Black or African American: 65 years and over,1960,,...
"Deaths per 100,000 resident population, crude","Sex, age and race and Hispanic origin",Female: Black or African American: 65 years and over,1970,,...
"Deaths per 100,000 resident population, crude","Sex, age and race and Hispanic origin",Female: Black or African American: 65 years and over,1980,,...
"Deaths per 100,000 resident population, crude","Sex, age and race and Hispanic origin",Female: Black or African American: 65 years and over,1981,,...
"Deaths per 100,000 resident population, crude","Sex, age and race and Hispanic origin",Female: Black or African American: 65 years and over,1982,,...
"Deaths per 100,000 resident population, crude","Sex, age and race and Hispanic origin",Female: Black or African American: 65 years and over,1983,,...
"Deaths per 100,000 resident population, crude","Sex, age and race and Hispanic origin",Female: Black or African American: 65 years and over,1984,,...
"Deaths per 100,000 resident population, crude","Sex, age and race and Hispanic origin",Female: Black or African American: 65 years and over,1985,,...
"Deaths per 100,000 resident population, crude","Sex, age and race and Hispanic origin",Female: Black or African American: 65 years and over,1986,,...
"Deaths per 100,000 resident population, crude","Sex, age and race and Hispanic origin",Female: Black or African American: 65 years and over,1987,,...
"Deaths per 100,000 resident population, crude","Sex, age and race and Hispanic origin",Female: Black or African American: 65 years and over,1988,,...
"Deaths per 100,000 resident population, crude","Sex, age and race and Hispanic origin",Female: Black or African American: 65 years and over,1989,,...
"Deaths per 100,000 resident population, crude","Sex, age and race and Hispanic origin",Female: Black or African American: 65 years and over,1990,,...
"Deaths per 100,000 resident population, crude","Sex, age and race and Hispanic origin",Female: Black or African American: 65 years and over,1991,,...
"Deaths per 100,000 resident population, crude","Sex, age and race and Hispanic origin",Female: Black or African American: 65 years and over,1992,,...
"Deaths per 100,000 resident population, crude","Sex, age and race and Hispanic origin",Female: Black or African American: 65 years and over,1993,,...
"Deaths per 100,000 resident population, crude","Sex, age and race and Hispanic origin",Female: Black or African American: 65 years and over,1994,,...
"Deaths per 100,000 resident population, crude","Sex, age and race and Hispanic origin",Female: Black or African American: 65 years and over,1995,,...
"Deaths per 100,000 resident population, crude","Sex, age and race and Hispanic origin",Female: Black or African American: 65 years and over,1996,,...
"Deaths per 100,000 resident population, crude","Sex, age and race and Hispanic origin",Female: Black or African American: 65 years and over,1997,,...
"Deaths per 100,000 resident population, crude","Sex, age and race and Hispanic origin",Female: Black or African American: 65 years and over,1998,,...
"Deaths per 100,000 resident population, crude","Sex, age and race and Hispanic origin",Female: Black or African American: 65 years and over,1999,1.5,
"Deaths per 100,000 resident population, crude","Sex, age and race and Hispanic origin",Female: Black or African American: 65 years and over,2000,1.3,
"Deaths per 100,000 resident population, crude","Sex, age and race and Hispanic origin",Female: Black or African American: 65 years and over,2001,1.6,
"Deaths per 100,000 resident population, crude","Sex, age and race and Hispanic origin",Female: Black or African American: 65 years and over,2002,1.2,
"Deaths per 100,000 resident population, crude","Sex, age and race and Hispanic origin",Female: Black or African American: 65 years and over,2003,1.4,
"Deaths per 100,000 resident population, crude","Sex, age and race and Hispanic origin",Female: Black or African American: 65 years and over,2004,,*
"Deaths per 100,000 resident population, crude","Sex, age and race and Hispanic origin",Female: Black or African American: 65 years and over,2005,1.4,
"Deaths per 100,000 resident population, crude","Sex, age and race and Hispanic origin",Female: Black or African American: 65 years and over,2006,,*
"Deaths per 100,000 resident population, crude","Sex, age and race and Hispanic origin",Female: Black or African American: 65 years and over,2007,,*
"Deaths per 100,000 resident population, crude","Sex, age and race and Hispanic origin",Female: Black or African American: 65 years and over,2008,1.2,
"Deaths per 100,000 resident population, crude","Sex, age and race and Hispanic origin",Female: Black or African American: 65 years and over,2009,1.0,
"Deaths per 100,000 resident population, crude","Sex, age and race and Hispanic origin",Female: Black or African American: 65 years and over,2010,,*
"Deaths per 100,000 resident population, crude","Sex, age and race and Hispanic origin",Female: Black or African American: 65 years and over,2011,1.2,
"Deaths per 100,000 resident population, crude","Sex, age and race and Hispanic origin",Female: Black or African American: 65 years and over,2012,,*
"Deaths per 100,000 resident population, crude","Sex, age and race and Hispanic origin",Female: Black or African American: 65 years and over,2013,,*
"Deaths per 100,000 resident population, crude","Sex, age and race and Hispanic origin",Female: Black or African American: 65 years and over,2014,1.3,
"Deaths per 100,000 resident population, crude","Sex, age and race and Hispanic origin",Female: Black or African American: 65 years and over,2015,0.9,
"Deaths per 100,000 resident population, crude","Sex, age and race and Hispanic origin",Female: Black or African American: 65 years and over,2016,1.4,
"Deaths per 100,000 resident population, crude","Sex, age and race and Hispanic origin",Female: Black or African American: 65 years and over,2017,1.3,
"Deaths per 100,000 resident population, crude","Sex, age and race and Hispanic origin",Female: Black or African American: 65 years and over,2018,1.3,
"Deaths per 100,000 resident population, crude","Sex, age and race and Hispanic origin",Female: Hispanic or Latino: 15-24 years,1950,,...
"Deaths per 100,000 resident population, crude","Sex, age and race and Hispanic origin",Female: Hispanic or Latino: 15-24 years,1960,,...
"Deaths per 100,000 resident population, crude","Sex, age and race and Hispanic origin",Female: Hispanic or Latino: 15-24 years,1970,,...
"Deaths per 100,000 resident population, crude","Sex, age and race and Hispanic origin",Female: Hispanic or Latino: 15-24 years,1980,,...
"Deaths per 100,000 resident population, crude","Sex, age and race and Hispanic origin",Female: Hispanic or Latino: 15-24 years,1981,,...
"Deaths per 100,000 resident population, crude","Sex, age and race and Hispanic origin",Female: Hispanic or Latino: 15-24 years,1982,,...
"Deaths per 100,000 resident population, crude","Sex, age and race and Hispanic origin",Female: Hispanic or Latino: 15-24 years,1983,,...
"Deaths per 100,000 resident population, crude","Sex, age and race and Hispanic origin",Female: Hispanic or Latino: 15-24 years,1984,,...
"Deaths per 100,000 resident population, crude","Sex, age and race and Hispanic origin",Female: Hispanic or Latino: 15-24 years,1985,2.1,
"Deaths per 100,000 resident population, crude","Sex, age and race and Hispanic origin",Female: Hispanic or Latino: 15-24 years,1986,3.1,
"Deaths per 100,000 resident population, crude","Sex, age and race and Hispanic origin",Female: Hispanic or Latino: 15-24 years,1987,2.4,
"Deaths per 100,000 resident population, crude","Sex, age and race and Hispanic origin",Female: Hispanic or Latino: 15-24 years,1988,2.5,
"Deaths per 100,000 resident population, crude","Sex, age and race and Hispanic origin",Female: Hispanic or Latino: 15-24 years,1989,3.0,
"Deaths per 100,000 resident population, crude","Sex, age and race and Hispanic origin",Female: Hispanic or Latino: 15-24 years,1990,3.1,
"Deaths per 100,000 resident population, crude","Sex, age and race and Hispanic origin",Female: Hispanic or Latino: 15-24 years,1991,3.2,
"Deaths per 100,000 resident population, crude","Sex, age and race and Hispanic origin",Female: Hispanic or Latino: 15-24 years,1992,2.1,
"Deaths per 100,000 resident population, crude","Sex, age and race and Hispanic origin",Female: Hispanic or Latino: 15-24 years,1993,2.8,
"Deaths per 100,000 resident population, crude","Sex, age and race and Hispanic origin",Female: Hispanic or Latino: 15-24 years,1994,2.6,
"Deaths per 100,000 resident population, crude","Sex, age and race and Hispanic origin",Female: Hispanic or Latino: 15-24 years,1995,2.4,
"Deaths per 100,000 resident population, crude","Sex, age and race and Hispanic origin",Female: Hispanic or Latino: 15-24 years,1996,3.0,
"Deaths per 100,000 resident population, crude","Sex, age and race and Hispanic origin",Female: Hispanic or Latino: 15-24 years,1997,2.2,
"Deaths per 100,000 resident population, crude","Sex, age and race and Hispanic origin",Female: Hispanic or Latino: 15-24 years,1998,2.6,
"Deaths per 100,000 resident population, crude","Sex, age and race and Hispanic origin",Female: Hispanic or Latino: 15-24 years,1999,1.8,
"Deaths per 100,000 resident population, crude","Sex, age and race and Hispanic origin",Female: Hispanic or Latino: 15-24 years,2000,2.0,
"Deaths per 100,000 resident population, crude","Sex, age and race and Hispanic origin",Female: Hispanic or Latino: 15-24 years,2001,2.3,
"Deaths per 100,000 resident population, crude","Sex, age and race and Hispanic origin",Female: Hispanic or Latino: 15-24 years,2002,2.1,
"Deaths per 100,000 resident population, crude","Sex, age and race and Hispanic origin",Female: Hispanic or Latino: 15-24 years,2003,2.1,
"Deaths per 100,000 resident population, crude","Sex, age and race and Hispanic origin",Female: Hispanic or Latino: 15-24 years,2004,2.4,
"Deaths per 100,000 resident population, crude","Sex, age and race and Hispanic origin",Female: Hispanic or Latino: 15-24 years,2005,2.5,
"Deaths per 100,000 resident population, crude","Sex, age and race and Hispanic origin",Female: Hispanic or Latino: 15-24 years,2006,2.5,
"Deaths per 100,000 resident population, crude","Sex, age and race and Hispanic origin",Female: Hispanic or Latino: 15-24 years,2007,2.0,
"Deaths per 100,000 resident population, crude","Sex, age and race and Hispanic origin",Female: Hispanic or Latino: 15-24 years,2008,2.2,
"Deaths per 100,000 resident population, crude","Sex, age and race and Hispanic origin",Female: Hispanic or Latino: 15-24 years,2009,2.3,
"Deaths per 100,000 resident population, crude","Sex, age and race and Hispanic origin",Female: Hispanic or Latino: 15-24 years,2010,3.1,
"Deaths per 100,000 resident population, crude","Sex, age and race and Hispanic origin",Female: Hispanic or Latino: 15-24 years,2011,2.9,
"Deaths per 100,000 resident population, crude","Sex, age and race and Hispanic origin",Female: Hispanic or Latino: 15-24 years,2012,2.9,
"Deaths per 100,000 resident population, crude","Sex, age and race and Hispanic origin",Female: Hispanic or Latino: 15-24 years,2013,3.3,
"Deaths per 100,000 resident population, crude","Sex, age and race and Hispanic origin",Female: Hispanic or Latino: 15-24 years,2014,3.4,
"Deaths per 100,000 resident population, crude","Sex, age and race and Hispanic origin",Female: Hispanic or Latino: 15-24 years,2015,3.9,
"Deaths per 100,000 resident population, crude","Sex, age and race and Hispanic origin",Female: Hispanic or Latino: 15-24 years,2016,3.8,
"Deaths per 100,000 resident population, crude","Sex, age and race and Hispanic origin",Female: Hispanic or Latino: 15-24 years,2017,4.2,
"Deaths per 100,000 resident population, crude","Sex, age and race and Hispanic origin",Female: Hispanic or Latino: 15-24 years,2018,4.1,
"Deaths per 100,000 resident population, crude","Sex, age and race and Hispanic origin",Female: Hispanic or Latino: 25-44 years,1950,,...
"Deaths per 100,000 resident population, crude","Sex, age and race and Hispanic origin",Female: Hispanic or Latino: 25-44 years,1960,,...
"Deaths per 100,000 resident population, crude","Sex, age and race and Hispanic origin",Female: Hispanic or Latino: 25-44 years,1970,,...
"Deaths per 100,000 resident population, crude","Sex, age and race and Hispanic origin",Female: Hispanic or Latino: 25-44 years,1980,,...
"Deaths per 100,000 resident population, crude","Sex, age and race and Hispanic origin",Female: Hispanic or Latino: 25-44 years,1981,,...
"Deaths per 100,000 resident population, crude","Sex, age and race and Hispanic origin",Female: Hispanic or Latino: 25-44 years,1982,,...
"Deaths per 100,000 resident population, crude","Sex, age and race and Hispanic origin",Female: Hispanic or Latino: 25-44 years,1983,,...
"Deaths per 100,000 resident population, crude","Sex, age and race and Hispanic origin",Female: Hispanic or Latino: 25-44 years,1984,,...
"Deaths per 100,000 resident population, crude","Sex, age and race and Hispanic origin",Female: Hispanic or Latino: 25-44 years,1985,2.1,
"Deaths per 100,000 resident population, crude","Sex, age and race and Hispanic origin",Female: Hispanic or Latino: 25-44 years,1986,2.7,
"Deaths per 100,000 resident population, crude","Sex, age and race and Hispanic origin",Female: Hispanic or Latino: 25-44 years,1987,1.9,
"Deaths per 100,000 resident population, crude","Sex, age and race and Hispanic origin",Female: Hispanic or Latino: 25-44 years,1988,2.9,
"Deaths per 100,000 resident population, crude","Sex, age and race and Hispanic origin",Female: Hispanic or Latino: 25-44 years,1989,3.4,
"Deaths per 100,000 resident population, crude","Sex, age and race and Hispanic origin",Female: Hispanic or Latino: 25-44 years,1990,3.1,
"Deaths per 100,000 resident population, crude","Sex, age and race and Hispanic origin",Female: Hispanic or Latino: 25-44 years,1991,3.3,
"Deaths per 100,000 resident population, crude","Sex, age and race and Hispanic origin",Female: Hispanic or Latino: 25-44 years,1992,2.8,
"Deaths per 100,000 resident population, crude","Sex, age and race and Hispanic origin",Female: Hispanic or Latino: 25-44 years,1993,2.5,
"Deaths per 100,000 resident population, crude","Sex, age and race and Hispanic origin",Female: Hispanic or Latino: 25-44 years,1994,2.5,
"Deaths per 100,000 resident population, crude","Sex, age and race and Hispanic origin",Female: Hispanic or Latino: 25-44 years,1995,2.5,
"Deaths per 100,000 resident population, crude","Sex, age and race and Hispanic origin",Female: Hispanic or Latino: 25-44 years,1996,2.6,
"Deaths per 100,000 resident population, crude","Sex, age and race and Hispanic origin",Female: Hispanic or Latino: 25-44 years,1997,2.0,
"Deaths per 100,000 resident population, crude","Sex, age and race and Hispanic origin",Female: Hispanic or Latino: 25-44 years,1998,2.0,
"Deaths per 100,000 resident population, crude","Sex, age and race and Hispanic origin",Female: Hispanic or Latino: 25-44 years,1999,2.3,
"Deaths per 100,000 resident population, crude","Sex, age and race and Hispanic origin",Female: Hispanic or Latino: 25-44 years,2000,2.1,
"Deaths per 100,000 resident population, crude","Sex, age and race and Hispanic origin",Female: Hispanic or Latino: 25-44 years,2001,2.0,
"Deaths per 100,000 resident population, crude","Sex, age and race and Hispanic origin",Female: Hispanic or Latino: 25-44 years,2002,2.1,
"Deaths per 100,000 resident population, crude","Sex, age and race and Hispanic origin",Female: Hispanic or Latino: 25-44 years,2003,2.0,
"Deaths per 100,000 resident population, crude","Sex, age and race and Hispanic origin",Female: Hispanic or Latino: 25-44 years,2004,2.3,
"Deaths per 100,000 resident population, crude","Sex, age and race and Hispanic origin",Female: Hispanic or Latino: 25-44 years,2005,2.2,
"Deaths per 100,000 resident population, crude","Sex, age and race and Hispanic origin",Female: Hispanic or Latino: 25-44 years,2006,2.3,
"Deaths per 100,000 resident population, crude","Sex, age and race and Hispanic origin",Female: Hispanic or Latino: 25-44 years,2007,2.6,
"Deaths per 100,000 resident population, crude","Sex, age and race and Hispanic origin",Female: Hispanic or Latino: 25-44 years,2008,2.2,
"Deaths per 100,000 resident population, crude","Sex, age and race and Hispanic origin",Female: Hispanic or Latino: 25-44 years,2009,2.5,
"Deaths per 100,000 resident population, crude","Sex, age and race and Hispanic origin",Female: Hispanic or Latino: 25-44 years,2010,2.4,
"Deaths per 100,000 resident population, crude","Sex, age and race and Hispanic origin",Female: Hispanic or Latino: 25-44 years,2011,2.6,
"Deaths per 100,000 resident population, crude","Sex, age and race and Hispanic origin",Female: Hispanic or Latino: 25-44 years,2012,2.7,
"Deaths per 100,000 resident population, crude","Sex, age and race and Hispanic origin",Female: Hispanic or Latino: 25-44 years,2013,2.8,
"Deaths per 100,000 resident population, crude","Sex, age and race and Hispanic origin",Female: Hispanic or Latino: 25-44 years,2014,3.0,
"Deaths per 100,000 resident population, crude","Sex, age and race and Hispanic origin",Female: Hispanic or Latino: 25-44 years,2015,3.2,
"Deaths per 100,000 resident population, crude","Sex, age and race and Hispanic origin",Female: Hispanic or Latino: 25-44 years,2016,3.5,
"Deaths per 100,000 resident population, crude","Sex, age and race and Hispanic origin",Female: Hispanic or Latino: 25-44 years,2017,3.5,
"Deaths per 100,000 resident population, crude","Sex, age and race and Hispanic origin",Female: Hispanic or Latino: 25-44 years,2018,4.4,
"Deaths per 100,000 resident population, crude","Sex, age and race and Hispanic origin",Female: Hispanic or Latino: 45-64 years,1950,,...
"Deaths per 100,000 resident population, crude","Sex, age and race and Hispanic origin",Female: Hispanic or Latino: 45-64 years,1960,,...
"Deaths per 100,000 resident population, crude","Sex, age and race and Hispanic origin",Female: Hispanic or Latino: 45-64 years,1970,,...
"Deaths per 100,000 resident population, crude","Sex, age and race and Hispanic origin",Female: Hispanic or Latino: 45-64 years,1980,,...
"Deaths per 100,000 resident population, crude","Sex, age and race and Hispanic origin",Female: Hispanic or Latino: 45-64 years,1981,,...
"Deaths per 100,000 resident population, crude","Sex, age and race and Hispanic origin",Female: Hispanic or Latino: 45-64 years,1982,,...
"Deaths per 100,000 resident population, crude","Sex, age and race and Hispanic origin",Female: Hispanic or Latino: 45-64 years,1983,,...
"Deaths per 100,000 resident population, crude","Sex, age and race and Hispanic origin",Female: Hispanic or Latino: 45-64 years,1984,,...
"Deaths per 100,000 resident population, crude","Sex, age and race and Hispanic origin",Female: Hispanic or Latino: 45-64 years,1985,3.2,
"Deaths per 100,000 resident population, crude","Sex, age and race and Hispanic origin",Female: Hispanic or Latino: 45-64 years,1986,2.2,
"Deaths per 100,000 resident population, crude","Sex, age and race and Hispanic origin",Female: Hispanic or Latino: 45-64 years,1987,3.1,
"Deaths per 100,000 resident population, crude","Sex, age and race and Hispanic origin",Female: Hispanic or Latino: 45-64 years,1988,1.8,
"Deaths per 100,000 resident population, crude","Sex, age and race and Hispanic origin",Female: Hispanic or Latino: 45-64 years,1989,3.9,
"Deaths per 100,000 resident population, crude","Sex, age and race and Hispanic origin",Female: Hispanic or Latino: 45-64 years,1990,2.5,
"Deaths per 100,000 resident population, crude","Sex, age and race and Hispanic origin",Female: Hispanic or Latino: 45-64 years,1991,3.3,
"Deaths per 100,000 resident population, crude","Sex, age and race and Hispanic origin",Female: Hispanic or Latino: 45-64 years,1992,2.9,
"Deaths per 100,000 resident population, crude","Sex, age and race and Hispanic origin",Female: Hispanic or Latino: 45-64 years,1993,2.3,
"Deaths per 100,000 resident population, crude","Sex, age and race and Hispanic origin",Female: Hispanic or Latino: 45-64 years,1994,2.2,
"Deaths per 100,000 resident population, crude","Sex, age and race and Hispanic origin",Female: Hispanic or Latino: 45-64 years,1995,2.8,
"Deaths per 100,000 resident population, crude","Sex, age and race and Hispanic origin",Female: Hispanic or Latino: 45-64 years,1996,2.6,
"Deaths per 100,000 resident population, crude","Sex, age and race and Hispanic origin",Female: Hispanic or Latino: 45-64 years,1997,2.3,
"Deaths per 100,000 resident population, crude","Sex, age and race and Hispanic origin",Female: Hispanic or Latino: 45-64 years,1998,2.7,
"Deaths per 100,000 resident population, crude","Sex, age and race and Hispanic origin",Female: Hispanic or Latino: 45-64 years,1999,2.5,
"Deaths per 100,000 resident population, crude","Sex, age and race and Hispanic origin",Female: Hispanic or Latino: 45-64 years,2000,2.5,
"Deaths per 100,000 resident population, crude","Sex, age and race and Hispanic origin",Female: Hispanic or Latino: 45-64 years,2001,2.3,
"Deaths per 100,000 resident population, crude","Sex, age and race and Hispanic origin",Female: Hispanic or Latino: 45-64 years,2002,2.6,
"Deaths per 100,000 resident population, crude","Sex, age and race and Hispanic origin",Female: Hispanic or Latino: 45-64 years,2003,2.4,
"Deaths per 100,000 resident population, crude","Sex, age and race and Hispanic origin",Female: Hispanic or Latino: 45-64 years,2004,3.1,
"Deaths per 100,000 resident population, crude","Sex, age and race and Hispanic origin",Female: Hispanic or Latino: 45-64 years,2005,2.1,
"Deaths per 100,000 resident population, crude","Sex, age and race and Hispanic origin",Female: Hispanic or Latino: 45-64 years,2006,2.4,
"Deaths per 100,000 resident population, crude","Sex, age and race and Hispanic origin",Female: Hispanic or Latino: 45-64 years,2007,2.7,
"Deaths per 100,000 resident population, crude","Sex, age and race and Hispanic origin",Female: Hispanic or Latino: 45-64 years,2008,2.7,
"Deaths per 100,000 resident population, crude","Sex, age and race and Hispanic origin",Female: Hispanic or Latino: 45-64 years,2009,2.5,
"Deaths per 100,000 resident population, crude","Sex, age and race and Hispanic origin",Female: Hispanic or Latino: 45-64 years,2010,2.8,
"Deaths per 100,000 resident population, crude","Sex, age and race and Hispanic origin",Female: Hispanic or Latino: 45-64 years,2011,2.7,
"Deaths per 100,000 resident population, crude","Sex, age and race and Hispanic origin",Female: Hispanic or Latino: 45-64 years,2012,3.2,
"Deaths per 100,000 resident population, crude","Sex, age and race and Hispanic origin",Female: Hispanic or Latino: 45-64 years,2013,3.2,
"Deaths per 100,000 resident population, crude","Sex, age and race and Hispanic origin",Female: Hispanic or Latino: 45-64 years,2014,3.5,
"Deaths per 100,000 resident population, crude","Sex, age and race and Hispanic origin",Female: Hispanic or Latino: 45-64 years,2015,3.8,
"Deaths per 100,000 resident population, crude","Sex, age and race and Hispanic origin",Female: Hispanic or Latino: 45-64 years,2016,3.3,
"Deaths per 100,000 resident population, crude","Sex, age and race and Hispanic origin",Female: Hispanic or Latino: 45-64 years,2017,3.2,
"Deaths per 100,000 resident population, crude","Sex, age and race and Hispanic origin",Female: Hispanic or Latino: 45-64 years,2018,3.2,
"Deaths per 100,000 resident population, crude","Sex, age and race and Hispanic origin",Female: Hispanic or Latino: 65 years and over,1950,,...
"Deaths per 100,000 resident population, crude","Sex, age and race and Hispanic origin",Female: Hispanic or Latino: 65 years and over,1960,,...
"Deaths per 100,000 resident population, crude","Sex, age and race and Hispanic origin",Female: Hispanic or Latino: 65 years and over,1970,,...
"Deaths per 100,000 resident population, crude","Sex, age and race and Hispanic origin",Female: Hispanic or Latino: 65 years and over,1980,,...
"Deaths per 100,000 resident population, crude","Sex, age and race and Hispanic origin",Female: Hispanic or Latino: 65 years and over,1981,,...
"Deaths per 100,000 resident population, crude","Sex, age and race and Hispanic origin",Female: Hispanic or Latino: 65 years and over,1982,,...
"Deaths per 100,000 resident population, crude","Sex, age and race and Hispanic origin",Female: Hispanic or Latino: 65 years and over,1983,,...
"Deaths per 100,000 resident population, crude","Sex, age and race and Hispanic origin",Female: Hispanic or Latino: 65 years and over,1984,,...
"Deaths per 100,000 resident population, crude","Sex, age and race and Hispanic origin",Female: Hispanic or Latino: 65 years and over,1985,,*
"Deaths per 100,000 resident population, crude","Sex, age and race and Hispanic origin",Female: Hispanic or Latino: 65 years and over,1986,,*
"Deaths per 100,000 resident population, crude","Sex, age and race and Hispanic origin",Female: Hispanic or Latino: 65 years and over,1987,,*
"Deaths per 100,000 resident population, crude","Sex, age and race and Hispanic origin",Female: Hispanic or Latino: 65 years and over,1988,,*
"Deaths per 100,000 resident population, crude","Sex, age and race and Hispanic origin",Female: Hispanic or Latino: 65 years and over,1989,,*
"Deaths per 100,000 resident population, crude","Sex, age and race and Hispanic origin",Female: Hispanic or Latino: 65 years and over,1990,,*
"Deaths per 100,000 resident population, crude","Sex, age and race and Hispanic origin",Female: Hispanic or Latino: 65 years and over,1991,,*
"Deaths per 100,000 resident population, crude","Sex, age and race and Hispanic origin",Female: Hispanic or Latino: 65 years and over,1992,3.7,
"Deaths per 100,000 resident population, crude","Sex, age and race and Hispanic origin",Female: Hispanic or Latino: 65 years and over,1993,,*
"Deaths per 100,000 resident population, crude","Sex, age and race and Hispanic origin",Female: Hispanic or Latino: 65 years and over,1994,2.5,
"Deaths per 100,000 resident population, crude","Sex, age and race and Hispanic origin",Female: Hispanic or Latino: 65 years and over,1995,,*
"Deaths per 100,000 resident population, crude","Sex, age and race and Hispanic origin",Female: Hispanic or Latino: 65 years and over,1996,2.7,
"Deaths per 100,000 resident population, crude","Sex, age and race and Hispanic origin",Female: Hispanic or Latino: 65 years and over,1997,,*
"Deaths per 100,000 resident population, crude","Sex, age and race and Hispanic origin",Female: Hispanic or Latino: 65 years and over,1998,2.8,
"Deaths per 100,000 resident population, crude","Sex, age and race and Hispanic origin",Female: Hispanic or Latino: 65 years and over,1999,2.4,
"Deaths per 100,000 resident population, crude","Sex, age and race and Hispanic origin",Female: Hispanic or Latino: 65 years and over,2000,,*
"Deaths per 100,000 resident population, crude","Sex, age and race and Hispanic origin",Female: Hispanic or Latino: 65 years and over,2001,,*
"Deaths per 100,000 resident population, crude","Sex, age and race and Hispanic origin",Female: Hispanic or Latino: 65 years and over,2002,2.0,
"Deaths per 100,000 resident population, crude","Sex, age and race and Hispanic origin",Female: Hispanic or Latino: 65 years and over,2003,,*
"Deaths per 100,000 resident population, crude","Sex, age and race and Hispanic origin",Female: Hispanic or Latino: 65 years and over,2004,1.8,
"Deaths per 100,000 resident population, crude","Sex, age and race and Hispanic origin",Female: Hispanic or Latino: 65 years and over,2005,2.0,
"Deaths per 100,000 resident population, crude","Sex, age and race and Hispanic origin",Female: Hispanic or Latino: 65 years and over,2006,1.7,
"Deaths per 100,000 resident population, crude","Sex, age and race and Hispanic origin",Female: Hispanic or Latino: 65 years and over,2007,,*
"Deaths per 100,000 resident population, crude","Sex, age and race and Hispanic origin",Female: Hispanic or Latino: 65 years and over,2008,1.6,
"Deaths per 100,000 resident population, crude","Sex, age and race and Hispanic origin",Female: Hispanic or Latino: 65 years and over,2009,2.3,
"Deaths per 100,000 resident population, crude","Sex, age and race and Hispanic origin",Female: Hispanic or Latino: 65 years and over,2010,2.2,
"Deaths per 100,000 resident population, crude","Sex, age and race and Hispanic origin",Female: Hispanic or Latino: 65 years and over,2011,1.6,
"Deaths per 100,000 resident population, crude","Sex, age and race and Hispanic origin",Female: Hispanic or Latino: 65 years and over,2012,2.1,
"Deaths per 100,000 resident population, crude","Sex, age and race and Hispanic origin",Female: Hispanic or Latino: 65 years and over,2013,1.2,
"Deaths per 100,000 resident population, crude","Sex, age and race and Hispanic origin",Female: Hispanic or Latino: 65 years and over,2014,2.1,
"Deaths per 100,000 resident population, crude","Sex, age and race and Hispanic origin",Female: Hispanic or Latino: 65 years and over,2015,1.9,
"Deaths per 100,000 resident population, crude","Sex, age and race and Hispanic origin",Female: Hispanic or Latino: 65 years and over,2016,1.8,
"Deaths per 100,000 resident population, crude","Sex, age and race and Hispanic origin",Female: Hispanic or Latino: 65 years and over,2017,1.7,
"Deaths per 100,000 resident population, crude","Sex, age and race and Hispanic origin",Female: Hispanic or Latino: 65 years and over,2018,1.6,
