Tourismusjahr,Unterkunft,Herkunft,Ankünfte,Übernachtungen
2008,Bewirtschaftete Schutzhütten,Australien,2,2
2008,Bewirtschaftete Schutzhütten,Baden Württemberg,440,632
2008,Bewirtschaftete Schutzhütten,Bayern,836,1608
2008,Bewirtschaftete Schutzhütten,Belgien,78,110
2008,Bewirtschaftete Schutzhütten,Berlin,570,657
2008,Bewirtschaftete Schutzhütten,Burgenland,308,435
2008,Bewirtschaftete Schutzhütten,Dänemark,12,20
2008,Bewirtschaftete Schutzhütten,Estland,18,18
2008,Bewirtschaftete Schutzhütten,Finnland,4,6
2008,Bewirtschaftete Schutzhütten,Frankreich,24,24
2008,Bewirtschaftete Schutzhütten,Griechenland,1,1
2008,Bewirtschaftete Schutzhütten,Israel,10,10
2008,Bewirtschaftete Schutzhütten,Italien,596,647
2008,Bewirtschaftete Schutzhütten,Kroatien,91,103
2008,Bewirtschaftete Schutzhütten,Kärnten,2262,5137
2008,Bewirtschaftete Schutzhütten,Lettland,55,55
2008,Bewirtschaftete Schutzhütten,Litauen,18,18
2008,Bewirtschaftete Schutzhütten,Mitteldeutschland,586,1135
2008,Bewirtschaftete Schutzhütten,Neuseeland,2,2
2008,Bewirtschaftete Schutzhütten,Niederlande,531,757
2008,Bewirtschaftete Schutzhütten,Niederösterreich,682,1050
2008,Bewirtschaftete Schutzhütten,Norddeutschland,523,708
2008,Bewirtschaftete Schutzhütten,Nordrhein-Westfalen,568,1254
2008,Bewirtschaftete Schutzhütten,Norwegen,2,2
2008,Bewirtschaftete Schutzhütten,Oberösterreich,644,1065
2008,Bewirtschaftete Schutzhütten,Ostdeutschland,627,916
2008,Bewirtschaftete Schutzhütten,Polen,97,97
2008,Bewirtschaftete Schutzhütten,Salzburg,695,1212
2008,Bewirtschaftete Schutzhütten,Schweden,2,2
2008,Bewirtschaftete Schutzhütten,Schweiz und Liechtenstein,42,46
2008,Bewirtschaftete Schutzhütten,Slowakei,197,211
2008,Bewirtschaftete Schutzhütten,Slowenien,571,611
2008,Bewirtschaftete Schutzhütten,Spanien,16,16
2008,Bewirtschaftete Schutzhütten,Steiermark,838,1206
2008,Bewirtschaftete Schutzhütten,Südostasien,1,1
2008,Bewirtschaftete Schutzhütten,Tirol,455,632
2008,Bewirtschaftete Schutzhütten,Tschechische Republik,537,669
2008,Bewirtschaftete Schutzhütten,USA,21,33
2008,Bewirtschaftete Schutzhütten,Ungarn,135,178
2008,Bewirtschaftete Schutzhütten,Vereinigtes Königreich,32,38
2008,Bewirtschaftete Schutzhütten,Vorarlberg,309,353
2008,Bewirtschaftete Schutzhütten,Wien,4682,5957
2008,Bewirtschaftete Schutzhütten,Übriges Ausland,1,1
2008,Campingplatz,Arabische Länder Asiens,9,41
2008,Campingplatz,Australien,110,218
2008,Campingplatz,Baden Württemberg,16263,103021
2008,Campingplatz,Bayern,41377,214340
2008,Campingplatz,Belgien,2808,19480
2008,Campingplatz,Berlin,1631,10227
2008,Campingplatz,Bulgarien,67,413
2008,Campingplatz,Burgenland,1304,6375
2008,Campingplatz,China,0,0
2008,Campingplatz,Dänemark,7327,35602
2008,Campingplatz,Estland,34,62
2008,Campingplatz,Finnland,243,644
2008,Campingplatz,Frankreich,1845,4694
2008,Campingplatz,Griechenland,92,238
2008,Campingplatz,Indien,2,6
2008,Campingplatz,Irland  (Republik),40,129
2008,Campingplatz,Island,1,1
2008,Campingplatz,Israel,110,127
2008,Campingplatz,Italien,18285,58445
2008,Campingplatz,Japan,2,6
2008,Campingplatz,Kanada,48,182
2008,Campingplatz,Kroatien,115,228
2008,Campingplatz,Kärnten,4778,27804
2008,Campingplatz,Lettland,44,67
2008,Campingplatz,Litauen,65,122
2008,Campingplatz,Luxemburg,167,928
2008,Campingplatz,Malta,34,87
2008,Campingplatz,Mitteldeutschland,11848,84152
2008,Campingplatz,Neuseeland,39,132
2008,Campingplatz,Niederlande,60860,532702
2008,Campingplatz,Niederösterreich,13989,81940
2008,Campingplatz,Norddeutschland,12112,86826
2008,Campingplatz,Nordrhein-Westfalen,19978,163346
2008,Campingplatz,Norwegen,302,562
2008,Campingplatz,Oberösterreich,10273,56433
2008,Campingplatz,Ostdeutschland,7083,42212
2008,Campingplatz,Polen,1227,3212
2008,Campingplatz,Portugal,42,62
2008,Campingplatz,Rumänien,116,329
2008,Campingplatz,Russland,28,64
2008,Campingplatz,Salzburg,6940,32321
2008,Campingplatz,Schweden,1103,2259
2008,Campingplatz,Schweiz und Liechtenstein,4893,26750
2008,Campingplatz,Slowakei,308,723
2008,Campingplatz,Slowenien,1166,2559
2008,Campingplatz,Spanien,241,439
2008,Campingplatz,Steiermark,20128,112091
2008,Campingplatz,Südafrika,7,11
2008,Campingplatz,Südkorea,4,4
2008,Campingplatz,Südostasien,3,18
2008,Campingplatz,Taiwan,0,0
2008,Campingplatz,Tirol,4274,22169
2008,Campingplatz,Tschechische Republik,3392,9005
2008,Campingplatz,Türkei,2,6
2008,Campingplatz,USA,68,212
2008,Campingplatz,Ukraine,25,78
2008,Campingplatz,Ungarn,1672,4917
2008,Campingplatz,Vereinigtes Königreich,1097,3990
2008,Campingplatz,Vorarlberg,1044,6617
2008,Campingplatz,Wien,9735,58031
2008,Campingplatz,Zentral- und Südamerika,51,97
2008,Campingplatz,Zypern,0,0
2008,Campingplatz,ehem. Jugoslawien,20,72
2008,Campingplatz,Übriges Afrika,29,43
2008,Campingplatz,Übriges Asien,7,7
2008,Campingplatz,Übriges Ausland,1963,8942
2008,Campingplatz,übrige GUS,15,24
2008,Ferienwohnung,Arabische Länder Asiens,60,532
2008,Ferienwohnung,Australien,79,540
2008,Ferienwohnung,Baden Württemberg,13103,113780
2008,Ferienwohnung,Bayern,27177,195149
2008,Ferienwohnung,Belgien,2054,17898
2008,Ferienwohnung,Berlin,3472,37741
2008,Ferienwohnung,Bulgarien,160,1018
2008,Ferienwohnung,Burgenland,3116,16807
2008,Ferienwohnung,China,132,249
2008,Ferienwohnung,Dänemark,958,5682
2008,Ferienwohnung,Estland,15,43
2008,Ferienwohnung,Finnland,100,383
2008,Ferienwohnung,Frankreich,631,4579
2008,Ferienwohnung,Griechenland,102,629
2008,Ferienwohnung,Indien,10,26
2008,Ferienwohnung,Irland  (Republik),62,463
2008,Ferienwohnung,Island,8,104
2008,Ferienwohnung,Israel,162,609
2008,Ferienwohnung,Italien,9675,55575
2008,Ferienwohnung,Japan,18,177
2008,Ferienwohnung,Kanada,55,348
2008,Ferienwohnung,Kroatien,7801,49038
2008,Ferienwohnung,Kärnten,7526,36535
2008,Ferienwohnung,Lettland,29,212
2008,Ferienwohnung,Litauen,66,371
2008,Ferienwohnung,Luxemburg,97,870
2008,Ferienwohnung,Malta,5,51
2008,Ferienwohnung,Mitteldeutschland,14594,137611
2008,Ferienwohnung,Neuseeland,20,114
2008,Ferienwohnung,Niederlande,26185,214659
2008,Ferienwohnung,Niederösterreich,26106,159282
2008,Ferienwohnung,Norddeutschland,12523,128649
2008,Ferienwohnung,Nordrhein-Westfalen,20633,226620
2008,Ferienwohnung,Norwegen,81,462
2008,Ferienwohnung,Oberösterreich,14186,80666
2008,Ferienwohnung,Ostdeutschland,13133,115786
2008,Ferienwohnung,Polen,6253,42498
2008,Ferienwohnung,Portugal,31,233
2008,Ferienwohnung,Rumänien,1123,7817
2008,Ferienwohnung,Russland,369,2848
2008,Ferienwohnung,Salzburg,5255,27050
2008,Ferienwohnung,Schweden,436,2502
2008,Ferienwohnung,Schweiz und Liechtenstein,1937,15035
2008,Ferienwohnung,Slowakei,2752,16073
2008,Ferienwohnung,Slowenien,7261,43799
2008,Ferienwohnung,Spanien,138,860
2008,Ferienwohnung,Steiermark,14394,74502
2008,Ferienwohnung,Südafrika,18,81
2008,Ferienwohnung,Südkorea,12,63
2008,Ferienwohnung,Südostasien,4,16
2008,Ferienwohnung,Taiwan,1,6
2008,Ferienwohnung,Tirol,5258,26108
2008,Ferienwohnung,Tschechische Republik,15363,82908
2008,Ferienwohnung,Türkei,22,43
2008,Ferienwohnung,USA,239,1177
2008,Ferienwohnung,Ukraine,163,1705
2008,Ferienwohnung,Ungarn,18112,98189
2008,Ferienwohnung,Vereinigtes Königreich,1285,10635
2008,Ferienwohnung,Vorarlberg,1431,9576
2008,Ferienwohnung,Wien,23985,173544
2008,Ferienwohnung,Zentral- und Südamerika,36,281
2008,Ferienwohnung,Zypern,0,0
2008,Ferienwohnung,ehem. Jugoslawien,877,6260
2008,Ferienwohnung,Übriges Afrika,13,125
2008,Ferienwohnung,Übriges Asien,14,81
2008,Ferienwohnung,Übriges Ausland,1105,6810
2008,Ferienwohnung,übrige GUS,23,95
2008,Hotel 1 oder 2*,Arabische Länder Asiens,37,184
2008,Hotel 1 oder 2*,Australien,89,192
2008,Hotel 1 oder 2*,Baden Württemberg,5593,28837
2008,Hotel 1 oder 2*,Bayern,13786,59656
2008,Hotel 1 oder 2*,Belgien,1324,7270
2008,Hotel 1 oder 2*,Berlin,1650,9759
2008,Hotel 1 oder 2*,Bulgarien,188,365
2008,Hotel 1 oder 2*,Burgenland,2533,8974
2008,Hotel 1 oder 2*,China,11,30
2008,Hotel 1 oder 2*,Dänemark,724,1765
2008,Hotel 1 oder 2*,Estland,10,20
2008,Hotel 1 oder 2*,Finnland,136,293
2008,Hotel 1 oder 2*,Frankreich,706,1688
2008,Hotel 1 oder 2*,Griechenland,72,149
2008,Hotel 1 oder 2*,Indien,13,27
2008,Hotel 1 oder 2*,Irland  (Republik),26,86
2008,Hotel 1 oder 2*,Island,9,19
2008,Hotel 1 oder 2*,Israel,136,277
2008,Hotel 1 oder 2*,Italien,11513,29746
2008,Hotel 1 oder 2*,Japan,30,46
2008,Hotel 1 oder 2*,Kanada,103,247
2008,Hotel 1 oder 2*,Kroatien,1283,4642
2008,Hotel 1 oder 2*,Kärnten,13141,42698
2008,Hotel 1 oder 2*,Lettland,19,19
2008,Hotel 1 oder 2*,Litauen,41,88
2008,Hotel 1 oder 2*,Luxemburg,47,222
2008,Hotel 1 oder 2*,Malta,14,85
2008,Hotel 1 oder 2*,Mitteldeutschland,6812,38701
2008,Hotel 1 oder 2*,Neuseeland,28,49
2008,Hotel 1 oder 2*,Niederlande,6139,26658
2008,Hotel 1 oder 2*,Niederösterreich,20862,79232
2008,Hotel 1 oder 2*,Norddeutschland,5875,34470
2008,Hotel 1 oder 2*,Nordrhein-Westfalen,8577,60704
2008,Hotel 1 oder 2*,Norwegen,143,344
2008,Hotel 1 oder 2*,Oberösterreich,14380,50574
2008,Hotel 1 oder 2*,Ostdeutschland,6602,35773
2008,Hotel 1 oder 2*,Polen,1404,5515
2008,Hotel 1 oder 2*,Portugal,30,74
2008,Hotel 1 oder 2*,Rumänien,822,3276
2008,Hotel 1 oder 2*,Russland,395,1106
2008,Hotel 1 oder 2*,Salzburg,7321,24789
2008,Hotel 1 oder 2*,Schweden,474,1060
2008,Hotel 1 oder 2*,Schweiz und Liechtenstein,2200,8924
2008,Hotel 1 oder 2*,Slowakei,843,2756
2008,Hotel 1 oder 2*,Slowenien,1876,5761
2008,Hotel 1 oder 2*,Spanien,161,459
2008,Hotel 1 oder 2*,Steiermark,18374,57848
2008,Hotel 1 oder 2*,Südafrika,28,81
2008,Hotel 1 oder 2*,Südkorea,4,4
2008,Hotel 1 oder 2*,Südostasien,15,18
2008,Hotel 1 oder 2*,Taiwan,0,0
2008,Hotel 1 oder 2*,Tirol,5518,19929
2008,Hotel 1 oder 2*,Tschechische Republik,3533,12046
2008,Hotel 1 oder 2*,Türkei,25,65
2008,Hotel 1 oder 2*,USA,341,1283
2008,Hotel 1 oder 2*,Ukraine,147,816
2008,Hotel 1 oder 2*,Ungarn,6709,26862
2008,Hotel 1 oder 2*,Vereinigtes Königreich,835,3983
2008,Hotel 1 oder 2*,Vorarlberg,1764,6958
2008,Hotel 1 oder 2*,Wien,18959,84041
2008,Hotel 1 oder 2*,Zentral- und Südamerika,44,117
2008,Hotel 1 oder 2*,Zypern,0,0
2008,Hotel 1 oder 2*,ehem. Jugoslawien,201,659
2008,Hotel 1 oder 2*,Übriges Afrika,41,162
2008,Hotel 1 oder 2*,Übriges Asien,6,27
2008,Hotel 1 oder 2*,Übriges Ausland,508,1592
2008,Hotel 1 oder 2*,übrige GUS,9,68
2008,Hotel 3*,Arabische Länder Asiens,80,218
2008,Hotel 3*,Australien,365,1168
2008,Hotel 3*,Baden Württemberg,20138,101030
2008,Hotel 3*,Bayern,51600,215461
2008,Hotel 3*,Belgien,6550,37074
2008,Hotel 3*,Berlin,5007,29534
2008,Hotel 3*,Bulgarien,399,1281
2008,Hotel 3*,Burgenland,10270,32680
2008,Hotel 3*,China,3822,4544
2008,Hotel 3*,Dänemark,3764,14652
2008,Hotel 3*,Estland,91,133
2008,Hotel 3*,Finnland,448,992
2008,Hotel 3*,Frankreich,3489,10534
2008,Hotel 3*,Griechenland,400,937
2008,Hotel 3*,Indien,33,244
2008,Hotel 3*,Irland  (Republik),344,1164
2008,Hotel 3*,Island,16,32
2008,Hotel 3*,Israel,294,737
2008,Hotel 3*,Italien,41354,103811
2008,Hotel 3*,Japan,319,544
2008,Hotel 3*,Kanada,408,1156
2008,Hotel 3*,Kroatien,4879,18039
2008,Hotel 3*,Kärnten,35663,95015
2008,Hotel 3*,Lettland,468,861
2008,Hotel 3*,Litauen,307,400
2008,Hotel 3*,Luxemburg,316,1601
2008,Hotel 3*,Malta,7,12
2008,Hotel 3*,Mitteldeutschland,25945,136511
2008,Hotel 3*,Neuseeland,342,431
2008,Hotel 3*,Niederlande,23367,108888
2008,Hotel 3*,Niederösterreich,60314,221446
2008,Hotel 3*,Norddeutschland,19225,113866
2008,Hotel 3*,Nordrhein-Westfalen,27847,177359
2008,Hotel 3*,Norwegen,549,1413
2008,Hotel 3*,Oberösterreich,43771,142304
2008,Hotel 3*,Ostdeutschland,29947,152052
2008,Hotel 3*,Polen,10357,42982
2008,Hotel 3*,Portugal,135,322
2008,Hotel 3*,Rumänien,4683,11071
2008,Hotel 3*,Russland,2380,5884
2008,Hotel 3*,Salzburg,19072,53450
2008,Hotel 3*,Schweden,2096,6742
2008,Hotel 3*,Schweiz und Liechtenstein,8805,30859
2008,Hotel 3*,Slowakei,4212,16017
2008,Hotel 3*,Slowenien,4620,13031
2008,Hotel 3*,Spanien,802,1593
2008,Hotel 3*,Steiermark,53001,143692
2008,Hotel 3*,Südafrika,100,398
2008,Hotel 3*,Südkorea,56,160
2008,Hotel 3*,Südostasien,103,273
2008,Hotel 3*,Taiwan,71,90
2008,Hotel 3*,Tirol,18648,61635
2008,Hotel 3*,Tschechische Republik,12656,45134
2008,Hotel 3*,Türkei,152,479
2008,Hotel 3*,USA,1537,4414
2008,Hotel 3*,Ukraine,1883,3253
2008,Hotel 3*,Ungarn,19174,77062
2008,Hotel 3*,Vereinigtes Königreich,5101,24389
2008,Hotel 3*,Vorarlberg,4941,18583
2008,Hotel 3*,Wien,58335,215706
2008,Hotel 3*,Zentral- und Südamerika,274,757
2008,Hotel 3*,Zypern,34,86
2008,Hotel 3*,ehem. Jugoslawien,658,2549
2008,Hotel 3*,Übriges Afrika,28,64
2008,Hotel 3*,Übriges Asien,74,332
2008,Hotel 3*,Übriges Ausland,4793,9215
2008,Hotel 3*,übrige GUS,277,534
2008,Hotel 4*,Arabische Länder Asiens,477,1249
2008,Hotel 4*,Australien,377,1038
2008,Hotel 4*,Baden Württemberg,22328,120461
2008,Hotel 4*,Bayern,62686,279860
2008,Hotel 4*,Belgien,8784,52776
2008,Hotel 4*,Berlin,6087,34143
2008,Hotel 4*,Bulgarien,598,3343
2008,Hotel 4*,Burgenland,9859,37912
2008,Hotel 4*,China,5415,6307
2008,Hotel 4*,Dänemark,1380,4869
2008,Hotel 4*,Estland,97,340
2008,Hotel 4*,Finnland,4309,13188
2008,Hotel 4*,Frankreich,4750,11646
2008,Hotel 4*,Griechenland,721,1492
2008,Hotel 4*,Indien,125,331
2008,Hotel 4*,Irland  (Republik),263,1240
2008,Hotel 4*,Island,23,103
2008,Hotel 4*,Israel,371,1264
2008,Hotel 4*,Italien,60427,202882
2008,Hotel 4*,Japan,1239,1948
2008,Hotel 4*,Kanada,471,906
2008,Hotel 4*,Kroatien,6366,28394
2008,Hotel 4*,Kärnten,40308,136491
2008,Hotel 4*,Lettland,109,245
2008,Hotel 4*,Litauen,79,239
2008,Hotel 4*,Luxemburg,618,3709
2008,Hotel 4*,Malta,65,376
2008,Hotel 4*,Mitteldeutschland,29032,168283
2008,Hotel 4*,Neuseeland,41,93
2008,Hotel 4*,Niederlande,13875,74523
2008,Hotel 4*,Niederösterreich,55010,243526
2008,Hotel 4*,Norddeutschland,20207,124389
2008,Hotel 4*,Nordrhein-Westfalen,27225,178386
2008,Hotel 4*,Norwegen,475,1459
2008,Hotel 4*,Oberösterreich,35129,136499
2008,Hotel 4*,Ostdeutschland,18594,106731
2008,Hotel 4*,Polen,5958,28477
2008,Hotel 4*,Portugal,177,741
2008,Hotel 4*,Rumänien,2204,6047
2008,Hotel 4*,Russland,4560,14241
2008,Hotel 4*,Salzburg,22830,82438
2008,Hotel 4*,Schweden,1237,3127
2008,Hotel 4*,Schweiz und Liechtenstein,9743,39735
2008,Hotel 4*,Slowakei,3109,12825
2008,Hotel 4*,Slowenien,3239,10940
2008,Hotel 4*,Spanien,2174,5765
2008,Hotel 4*,Steiermark,52227,193810
2008,Hotel 4*,Südafrika,99,383
2008,Hotel 4*,Südkorea,210,308
2008,Hotel 4*,Südostasien,1414,3133
2008,Hotel 4*,Taiwan,538,674
2008,Hotel 4*,Tirol,20607,73951
2008,Hotel 4*,Tschechische Republik,9758,31580
2008,Hotel 4*,Türkei,223,889
2008,Hotel 4*,USA,3516,8661
2008,Hotel 4*,Ukraine,2655,4787
2008,Hotel 4*,Ungarn,11295,50634
2008,Hotel 4*,Vereinigtes Königreich,4840,23336
2008,Hotel 4*,Vorarlberg,4802,18147
2008,Hotel 4*,Wien,72353,299990
2008,Hotel 4*,Zentral- und Südamerika,284,685
2008,Hotel 4*,Zypern,7,29
2008,Hotel 4*,ehem. Jugoslawien,1074,5262
2008,Hotel 4*,Übriges Afrika,369,896
2008,Hotel 4*,Übriges Asien,206,643
2008,Hotel 4*,Übriges Ausland,4698,11843
2008,Hotel 4*,übrige GUS,187,465
2008,Hotel 4* Superior,Arabische Länder Asiens,21,53
2008,Hotel 4* Superior,Australien,5,45
2008,Hotel 4* Superior,Baden Württemberg,1365,8984
2008,Hotel 4* Superior,Bayern,4487,21535
2008,Hotel 4* Superior,Belgien,61,324
2008,Hotel 4* Superior,Berlin,275,1401
2008,Hotel 4* Superior,Bulgarien,39,204
2008,Hotel 4* Superior,Burgenland,257,836
2008,Hotel 4* Superior,China,16,42
2008,Hotel 4* Superior,Dänemark,54,266
2008,Hotel 4* Superior,Estland,4,8
2008,Hotel 4* Superior,Finnland,4,7
2008,Hotel 4* Superior,Frankreich,226,763
2008,Hotel 4* Superior,Griechenland,13,40
2008,Hotel 4* Superior,Indien,3,5
2008,Hotel 4* Superior,Irland  (Republik),24,92
2008,Hotel 4* Superior,Island,3,6
2008,Hotel 4* Superior,Israel,9,30
2008,Hotel 4* Superior,Italien,1422,3884
2008,Hotel 4* Superior,Japan,43,204
2008,Hotel 4* Superior,Kanada,13,80
2008,Hotel 4* Superior,Kroatien,160,334
2008,Hotel 4* Superior,Kärnten,4099,10403
2008,Hotel 4* Superior,Lettland,2,6
2008,Hotel 4* Superior,Litauen,0,0
2008,Hotel 4* Superior,Luxemburg,15,89
2008,Hotel 4* Superior,Malta,0,0
2008,Hotel 4* Superior,Mitteldeutschland,1736,9756
2008,Hotel 4* Superior,Neuseeland,3,9
2008,Hotel 4* Superior,Niederlande,316,1610
2008,Hotel 4* Superior,Niederösterreich,2512,9443
2008,Hotel 4* Superior,Norddeutschland,1079,6610
2008,Hotel 4* Superior,Nordrhein-Westfalen,1762,13800
2008,Hotel 4* Superior,Norwegen,83,211
2008,Hotel 4* Superior,Oberösterreich,1716,6223
2008,Hotel 4* Superior,Ostdeutschland,542,3094
2008,Hotel 4* Superior,Polen,95,336
2008,Hotel 4* Superior,Portugal,6,14
2008,Hotel 4* Superior,Rumänien,636,1661
2008,Hotel 4* Superior,Russland,106,573
2008,Hotel 4* Superior,Salzburg,1174,3868
2008,Hotel 4* Superior,Schweden,58,160
2008,Hotel 4* Superior,Schweiz und Liechtenstein,729,3541
2008,Hotel 4* Superior,Slowakei,53,126
2008,Hotel 4* Superior,Slowenien,110,309
2008,Hotel 4* Superior,Spanien,83,203
2008,Hotel 4* Superior,Steiermark,2701,7879
2008,Hotel 4* Superior,Südafrika,0,0
2008,Hotel 4* Superior,Südkorea,0,0
2008,Hotel 4* Superior,Südostasien,11,16
2008,Hotel 4* Superior,Taiwan,4,7
2008,Hotel 4* Superior,Tirol,1697,4359
2008,Hotel 4* Superior,Tschechische Republik,85,244
2008,Hotel 4* Superior,Türkei,7,12
2008,Hotel 4* Superior,USA,136,348
2008,Hotel 4* Superior,Ukraine,11,70
2008,Hotel 4* Superior,Ungarn,163,788
2008,Hotel 4* Superior,Vereinigtes Königreich,161,724
2008,Hotel 4* Superior,Vorarlberg,642,1373
2008,Hotel 4* Superior,Wien,5051,17452
2008,Hotel 4* Superior,Zentral- und Südamerika,30,63
2008,Hotel 4* Superior,Zypern,0,0
2008,Hotel 4* Superior,ehem. Jugoslawien,78,147
2008,Hotel 4* Superior,Übriges Afrika,32,78
2008,Hotel 4* Superior,Übriges Asien,8,15
2008,Hotel 4* Superior,Übriges Ausland,102,233
2008,Hotel 4* Superior,übrige GUS,4,12
2008,Hotel 5*,Arabische Länder Asiens,87,303
2008,Hotel 5*,Australien,11,28
2008,Hotel 5*,Baden Württemberg,447,2599
2008,Hotel 5*,Bayern,1890,9132
2008,Hotel 5*,Belgien,60,452
2008,Hotel 5*,Berlin,103,621
2008,Hotel 5*,Bulgarien,37,201
2008,Hotel 5*,Burgenland,234,907
2008,Hotel 5*,China,9,18
2008,Hotel 5*,Dänemark,45,240
2008,Hotel 5*,Estland,3,21
2008,Hotel 5*,Finnland,20,105
2008,Hotel 5*,Frankreich,150,664
2008,Hotel 5*,Griechenland,24,83
2008,Hotel 5*,Indien,5,12
2008,Hotel 5*,Irland  (Republik),7,15
2008,Hotel 5*,Island,0,0
2008,Hotel 5*,Israel,17,69
2008,Hotel 5*,Italien,5997,20525
2008,Hotel 5*,Japan,12,43
2008,Hotel 5*,Kanada,31,98
2008,Hotel 5*,Kroatien,269,941
2008,Hotel 5*,Kärnten,1949,4813
2008,Hotel 5*,Lettland,4,16
2008,Hotel 5*,Litauen,2,6
2008,Hotel 5*,Luxemburg,16,85
2008,Hotel 5*,Malta,1,1
2008,Hotel 5*,Mitteldeutschland,1326,7292
2008,Hotel 5*,Neuseeland,0,0
2008,Hotel 5*,Niederlande,163,839
2008,Hotel 5*,Niederösterreich,2068,8868
2008,Hotel 5*,Norddeutschland,582,4086
2008,Hotel 5*,Nordrhein-Westfalen,659,4333
2008,Hotel 5*,Norwegen,5,7
2008,Hotel 5*,Oberösterreich,1021,4103
2008,Hotel 5*,Ostdeutschland,182,862
2008,Hotel 5*,Polen,163,824
2008,Hotel 5*,Portugal,9,17
2008,Hotel 5*,Rumänien,136,814
2008,Hotel 5*,Russland,511,3526
2008,Hotel 5*,Salzburg,1310,4347
2008,Hotel 5*,Schweden,14,75
2008,Hotel 5*,Schweiz und Liechtenstein,321,1536
2008,Hotel 5*,Slowakei,90,323
2008,Hotel 5*,Slowenien,317,1282
2008,Hotel 5*,Spanien,30,105
2008,Hotel 5*,Steiermark,2076,6737
2008,Hotel 5*,Südafrika,18,67
2008,Hotel 5*,Südkorea,0,0
2008,Hotel 5*,Südostasien,9,14
2008,Hotel 5*,Taiwan,0,0
2008,Hotel 5*,Tirol,777,2722
2008,Hotel 5*,Tschechische Republik,292,1094
2008,Hotel 5*,Türkei,9,33
2008,Hotel 5*,USA,547,1313
2008,Hotel 5*,Ukraine,108,726
2008,Hotel 5*,Ungarn,279,1005
2008,Hotel 5*,Vereinigtes Königreich,251,1254
2008,Hotel 5*,Vorarlberg,125,451
2008,Hotel 5*,Wien,5467,27128
2008,Hotel 5*,Zentral- und Südamerika,19,55
2008,Hotel 5*,Zypern,4,24
2008,Hotel 5*,ehem. Jugoslawien,123,702
2008,Hotel 5*,Übriges Afrika,23,131
2008,Hotel 5*,Übriges Asien,8,17
2008,Hotel 5*,Übriges Ausland,54,416
2008,Hotel 5*,übrige GUS,14,75
2008,Jugendherbergen u. -gästehäuser,Arabische Länder Asiens,3,3
2008,Jugendherbergen u. -gästehäuser,Australien,54,76
2008,Jugendherbergen u. -gästehäuser,Baden Württemberg,706,1145
2008,Jugendherbergen u. -gästehäuser,Bayern,1204,3097
2008,Jugendherbergen u. -gästehäuser,Belgien,129,179
2008,Jugendherbergen u. -gästehäuser,Berlin,198,470
2008,Jugendherbergen u. -gästehäuser,Bulgarien,5,5
2008,Jugendherbergen u. -gästehäuser,Burgenland,516,1030
2008,Jugendherbergen u. -gästehäuser,China,6,19
2008,Jugendherbergen u. -gästehäuser,Dänemark,67,198
2008,Jugendherbergen u. -gästehäuser,Estland,0,0
2008,Jugendherbergen u. -gästehäuser,Finnland,22,45
2008,Jugendherbergen u. -gästehäuser,Frankreich,184,470
2008,Jugendherbergen u. -gästehäuser,Griechenland,5,8
2008,Jugendherbergen u. -gästehäuser,Indien,7,31
2008,Jugendherbergen u. -gästehäuser,Irland  (Republik),19,63
2008,Jugendherbergen u. -gästehäuser,Island,3,47
2008,Jugendherbergen u. -gästehäuser,Israel,18,22
2008,Jugendherbergen u. -gästehäuser,Italien,1833,4189
2008,Jugendherbergen u. -gästehäuser,Japan,54,74
2008,Jugendherbergen u. -gästehäuser,Kanada,103,285
2008,Jugendherbergen u. -gästehäuser,Kroatien,381,748
2008,Jugendherbergen u. -gästehäuser,Kärnten,6756,19682
2008,Jugendherbergen u. -gästehäuser,Lettland,2,2
2008,Jugendherbergen u. -gästehäuser,Litauen,6,6
2008,Jugendherbergen u. -gästehäuser,Luxemburg,15,40
2008,Jugendherbergen u. -gästehäuser,Malta,0,0
2008,Jugendherbergen u. -gästehäuser,Mitteldeutschland,817,1790
2008,Jugendherbergen u. -gästehäuser,Neuseeland,23,44
2008,Jugendherbergen u. -gästehäuser,Niederlande,1721,5817
2008,Jugendherbergen u. -gästehäuser,Niederösterreich,2951,10092
2008,Jugendherbergen u. -gästehäuser,Norddeutschland,495,1043
2008,Jugendherbergen u. -gästehäuser,Nordrhein-Westfalen,704,3037
2008,Jugendherbergen u. -gästehäuser,Norwegen,26,36
2008,Jugendherbergen u. -gästehäuser,Oberösterreich,2319,5934
2008,Jugendherbergen u. -gästehäuser,Ostdeutschland,382,734
2008,Jugendherbergen u. -gästehäuser,Polen,989,1505
2008,Jugendherbergen u. -gästehäuser,Portugal,23,25
2008,Jugendherbergen u. -gästehäuser,Rumänien,140,256
2008,Jugendherbergen u. -gästehäuser,Russland,154,182
2008,Jugendherbergen u. -gästehäuser,Salzburg,1629,4402
2008,Jugendherbergen u. -gästehäuser,Schweden,39,103
2008,Jugendherbergen u. -gästehäuser,Schweiz und Liechtenstein,395,894
2008,Jugendherbergen u. -gästehäuser,Slowakei,302,574
2008,Jugendherbergen u. -gästehäuser,Slowenien,140,395
2008,Jugendherbergen u. -gästehäuser,Spanien,99,179
2008,Jugendherbergen u. -gästehäuser,Steiermark,3552,7776
2008,Jugendherbergen u. -gästehäuser,Südafrika,8,40
2008,Jugendherbergen u. -gästehäuser,Südkorea,2,2
2008,Jugendherbergen u. -gästehäuser,Südostasien,7,27
2008,Jugendherbergen u. -gästehäuser,Taiwan,6,10
2008,Jugendherbergen u. -gästehäuser,Tirol,760,1784
2008,Jugendherbergen u. -gästehäuser,Tschechische Republik,709,1332
2008,Jugendherbergen u. -gästehäuser,Türkei,6,7
2008,Jugendherbergen u. -gästehäuser,USA,71,137
2008,Jugendherbergen u. -gästehäuser,Ukraine,10,10
2008,Jugendherbergen u. -gästehäuser,Ungarn,715,1754
2008,Jugendherbergen u. -gästehäuser,Vereinigtes Königreich,240,797
2008,Jugendherbergen u. -gästehäuser,Vorarlberg,297,858
2008,Jugendherbergen u. -gästehäuser,Wien,4564,11961
2008,Jugendherbergen u. -gästehäuser,Zentral- und Südamerika,7,28
2008,Jugendherbergen u. -gästehäuser,Zypern,0,0
2008,Jugendherbergen u. -gästehäuser,ehem. Jugoslawien,52,104
2008,Jugendherbergen u. -gästehäuser,Übriges Afrika,0,0
2008,Jugendherbergen u. -gästehäuser,Übriges Asien,1,1
2008,Jugendherbergen u. -gästehäuser,Übriges Ausland,1371,2184
2008,Jugendherbergen u. -gästehäuser,übrige GUS,28,29
2008,Kinder- u. Jugenderholungsheime,Bayern,119,1266
2008,Kinder- u. Jugenderholungsheime,Belgien,1005,6048
2008,Kinder- u. Jugenderholungsheime,Burgenland,146,786
2008,Kinder- u. Jugenderholungsheime,Irland  (Republik),0,165
2008,Kinder- u. Jugenderholungsheime,Italien,13,26
2008,Kinder- u. Jugenderholungsheime,Kroatien,80,400
2008,Kinder- u. Jugenderholungsheime,Kärnten,1428,6343
2008,Kinder- u. Jugenderholungsheime,Mitteldeutschland,54,148
2008,Kinder- u. Jugenderholungsheime,Niederösterreich,1678,12272
2008,Kinder- u. Jugenderholungsheime,Norddeutschland,0,55
2008,Kinder- u. Jugenderholungsheime,Nordrhein-Westfalen,4,307
2008,Kinder- u. Jugenderholungsheime,Oberösterreich,48,243
2008,Kinder- u. Jugenderholungsheime,Polen,121,762
2008,Kinder- u. Jugenderholungsheime,Salzburg,225,2439
2008,Kinder- u. Jugenderholungsheime,Slowakei,73,189
2008,Kinder- u. Jugenderholungsheime,Slowenien,47,132
2008,Kinder- u. Jugenderholungsheime,Steiermark,1485,11985
2008,Kinder- u. Jugenderholungsheime,Tirol,130,1110
2008,Kinder- u. Jugenderholungsheime,Tschechische Republik,69,303
2008,Kinder- u. Jugenderholungsheime,Ungarn,12,24
2008,Kinder- u. Jugenderholungsheime,Vereinigtes Königreich,440,2686
2008,Kinder- u. Jugenderholungsheime,Wien,2641,16919
2008,Kinder- u. Jugenderholungsheime,ehem. Jugoslawien,63,148
2008,Kinder- u. Jugenderholungsheime,Übriges Ausland,8,16
2008,Kurheim der Sozialversich.träger,Baden Württemberg,1,4
2008,Kurheim der Sozialversich.träger,Burgenland,92,1879
2008,Kurheim der Sozialversich.träger,Italien,0,10
2008,Kurheim der Sozialversich.träger,Kärnten,1624,33452
2008,Kurheim der Sozialversich.träger,Mitteldeutschland,3,4
2008,Kurheim der Sozialversich.träger,Niederösterreich,354,6721
2008,Kurheim der Sozialversich.träger,Oberösterreich,103,1846
2008,Kurheim der Sozialversich.träger,Salzburg,102,1995
2008,Kurheim der Sozialversich.träger,Steiermark,1299,26495
2008,Kurheim der Sozialversich.träger,Tirol,126,2510
2008,Kurheim der Sozialversich.träger,Wien,460,8651
2008,Kurheim der Sozialversich.träger,übrige GUS,12,210
2008,Private u. öffentl. Kurheime,Arabische Länder Asiens,38,444
2008,Private u. öffentl. Kurheime,Australien,6,39
2008,Private u. öffentl. Kurheime,Baden Württemberg,91,1037
2008,Private u. öffentl. Kurheime,Bayern,325,3404
2008,Private u. öffentl. Kurheime,Belgien,13,129
2008,Private u. öffentl. Kurheime,Berlin,32,380
2008,Private u. öffentl. Kurheime,Burgenland,101,1111
2008,Private u. öffentl. Kurheime,China,4,60
2008,Private u. öffentl. Kurheime,Dänemark,6,65
2008,Private u. öffentl. Kurheime,Estland,1,4
2008,Private u. öffentl. Kurheime,Finnland,15,129
2008,Private u. öffentl. Kurheime,Frankreich,51,499
2008,Private u. öffentl. Kurheime,Griechenland,40,431
2008,Private u. öffentl. Kurheime,Indien,2,10
2008,Private u. öffentl. Kurheime,Irland  (Republik),35,307
2008,Private u. öffentl. Kurheime,Israel,7,82
2008,Private u. öffentl. Kurheime,Italien,53,457
2008,Private u. öffentl. Kurheime,Japan,2,9
2008,Private u. öffentl. Kurheime,Kanada,5,60
2008,Private u. öffentl. Kurheime,Kroatien,3,14
2008,Private u. öffentl. Kurheime,Kärnten,309,3436
2008,Private u. öffentl. Kurheime,Lettland,1,11
2008,Private u. öffentl. Kurheime,Litauen,1,2
2008,Private u. öffentl. Kurheime,Luxemburg,4,42
2008,Private u. öffentl. Kurheime,Malta,2,28
2008,Private u. öffentl. Kurheime,Mitteldeutschland,102,1048
2008,Private u. öffentl. Kurheime,Niederlande,21,166
2008,Private u. öffentl. Kurheime,Niederösterreich,1503,14346
2008,Private u. öffentl. Kurheime,Norddeutschland,95,1238
2008,Private u. öffentl. Kurheime,Nordrhein-Westfalen,133,1438
2008,Private u. öffentl. Kurheime,Norwegen,1,7
2008,Private u. öffentl. Kurheime,Oberösterreich,538,6618
2008,Private u. öffentl. Kurheime,Ostdeutschland,24,237
2008,Private u. öffentl. Kurheime,Polen,4,8
2008,Private u. öffentl. Kurheime,Rumänien,3,29
2008,Private u. öffentl. Kurheime,Russland,83,977
2008,Private u. öffentl. Kurheime,Salzburg,246,2845
2008,Private u. öffentl. Kurheime,Schweden,15,141
2008,Private u. öffentl. Kurheime,Schweiz und Liechtenstein,86,911
2008,Private u. öffentl. Kurheime,Slowakei,29,222
2008,Private u. öffentl. Kurheime,Slowenien,3,13
2008,Private u. öffentl. Kurheime,Spanien,8,95
2008,Private u. öffentl. Kurheime,Steiermark,466,4243
2008,Private u. öffentl. Kurheime,Südafrika,2,24
2008,Private u. öffentl. Kurheime,Südostasien,10,64
2008,Private u. öffentl. Kurheime,Tirol,347,3301
2008,Private u. öffentl. Kurheime,Tschechische Republik,37,273
2008,Private u. öffentl. Kurheime,Türkei,9,62
2008,Private u. öffentl. Kurheime,USA,58,686
2008,Private u. öffentl. Kurheime,Ukraine,17,266
2008,Private u. öffentl. Kurheime,Ungarn,6,38
2008,Private u. öffentl. Kurheime,Vereinigtes Königreich,828,7489
2008,Private u. öffentl. Kurheime,Vorarlberg,172,1643
2008,Private u. öffentl. Kurheime,Wien,2468,23901
2008,Private u. öffentl. Kurheime,Zentral- und Südamerika,12,153
2008,Private u. öffentl. Kurheime,Zypern,2,28
2008,Private u. öffentl. Kurheime,ehem. Jugoslawien,1,24
2008,Private u. öffentl. Kurheime,Übriges Afrika,14,147
2008,Private u. öffentl. Kurheime,Übriges Asien,2,12
2008,Sonstige Unterkunft,Arabische Länder Asiens,0,0
2008,Sonstige Unterkunft,Australien,41,130
2008,Sonstige Unterkunft,Baden Württemberg,3820,26527
2008,Sonstige Unterkunft,Bayern,7456,37912
2008,Sonstige Unterkunft,Belgien,628,4525
2008,Sonstige Unterkunft,Berlin,918,8157
2008,Sonstige Unterkunft,Bulgarien,215,592
2008,Sonstige Unterkunft,Burgenland,1328,5207
2008,Sonstige Unterkunft,China,204,282
2008,Sonstige Unterkunft,Dänemark,499,1441
2008,Sonstige Unterkunft,Estland,0,0
2008,Sonstige Unterkunft,Finnland,49,202
2008,Sonstige Unterkunft,Frankreich,397,1987
2008,Sonstige Unterkunft,Griechenland,83,259
2008,Sonstige Unterkunft,Indien,0,0
2008,Sonstige Unterkunft,Irland  (Republik),13,41
2008,Sonstige Unterkunft,Island,0,0
2008,Sonstige Unterkunft,Israel,71,160
2008,Sonstige Unterkunft,Italien,5291,15622
2008,Sonstige Unterkunft,Japan,9,21
2008,Sonstige Unterkunft,Kanada,70,272
2008,Sonstige Unterkunft,Kroatien,747,2733
2008,Sonstige Unterkunft,Kärnten,10198,42937
2008,Sonstige Unterkunft,Lettland,6,6
2008,Sonstige Unterkunft,Litauen,49,229
2008,Sonstige Unterkunft,Luxemburg,27,171
2008,Sonstige Unterkunft,Malta,3,3
2008,Sonstige Unterkunft,Mitteldeutschland,3788,26924
2008,Sonstige Unterkunft,Neuseeland,6,18
2008,Sonstige Unterkunft,Niederlande,3565,21450
2008,Sonstige Unterkunft,Niederösterreich,12050,58093
2008,Sonstige Unterkunft,Norddeutschland,4230,34077
2008,Sonstige Unterkunft,Nordrhein-Westfalen,6141,53733
2008,Sonstige Unterkunft,Norwegen,54,152
2008,Sonstige Unterkunft,Oberösterreich,9432,46328
2008,Sonstige Unterkunft,Ostdeutschland,3422,21781
2008,Sonstige Unterkunft,Polen,1801,9483
2008,Sonstige Unterkunft,Portugal,13,38
2008,Sonstige Unterkunft,Rumänien,378,2367
2008,Sonstige Unterkunft,Russland,58,390
2008,Sonstige Unterkunft,Salzburg,3638,15804
2008,Sonstige Unterkunft,Schweden,181,544
2008,Sonstige Unterkunft,Schweiz und Liechtenstein,789,4059
2008,Sonstige Unterkunft,Slowakei,337,1364
2008,Sonstige Unterkunft,Slowenien,1987,4398
2008,Sonstige Unterkunft,Spanien,129,571
2008,Sonstige Unterkunft,Steiermark,10803,46421
2008,Sonstige Unterkunft,Südafrika,23,247
2008,Sonstige Unterkunft,Südkorea,1,10
2008,Sonstige Unterkunft,Südostasien,19,44
2008,Sonstige Unterkunft,Taiwan,0,0
2008,Sonstige Unterkunft,Tirol,3089,13401
2008,Sonstige Unterkunft,Tschechische Republik,2424,8369
2008,Sonstige Unterkunft,Türkei,59,373
2008,Sonstige Unterkunft,USA,605,3145
2008,Sonstige Unterkunft,Ukraine,109,573
2008,Sonstige Unterkunft,Ungarn,8586,40075
2008,Sonstige Unterkunft,Vereinigtes Königreich,922,5923
2008,Sonstige Unterkunft,Vorarlberg,740,3548
2008,Sonstige Unterkunft,Wien,15680,86935
2008,Sonstige Unterkunft,Zentral- und Südamerika,30,89
2008,Sonstige Unterkunft,Zypern,4,12
2008,Sonstige Unterkunft,ehem. Jugoslawien,127,618
2008,Sonstige Unterkunft,Übriges Afrika,33,176
2008,Sonstige Unterkunft,Übriges Asien,1,20
2008,Sonstige Unterkunft,Übriges Ausland,355,1738
2008,Sonstige Unterkunft,übrige GUS,67,174
2008,Unterkunft auf Bauernhof,Arabische Länder Asiens,3,21
2008,Unterkunft auf Bauernhof,Australien,18,82
2008,Unterkunft auf Bauernhof,Baden Württemberg,3151,28358
2008,Unterkunft auf Bauernhof,Bayern,6118,43386
2008,Unterkunft auf Bauernhof,Belgien,362,3127
2008,Unterkunft auf Bauernhof,Berlin,877,9664
2008,Unterkunft auf Bauernhof,Bulgarien,17,75
2008,Unterkunft auf Bauernhof,Burgenland,471,2295
2008,Unterkunft auf Bauernhof,China,1,1
2008,Unterkunft auf Bauernhof,Dänemark,96,489
2008,Unterkunft auf Bauernhof,Estland,0,0
2008,Unterkunft auf Bauernhof,Finnland,7,34
2008,Unterkunft auf Bauernhof,Frankreich,46,248
2008,Unterkunft auf Bauernhof,Griechenland,9,163
2008,Unterkunft auf Bauernhof,Indien,3,6
2008,Unterkunft auf Bauernhof,Irland  (Republik),5,67
2008,Unterkunft auf Bauernhof,Island,1,5
2008,Unterkunft auf Bauernhof,Israel,46,228
2008,Unterkunft auf Bauernhof,Italien,1915,9220
2008,Unterkunft auf Bauernhof,Japan,8,24
2008,Unterkunft auf Bauernhof,Kanada,16,118
2008,Unterkunft auf Bauernhof,Kroatien,513,2988
2008,Unterkunft auf Bauernhof,Kärnten,2166,8647
2008,Unterkunft auf Bauernhof,Lettland,5,56
2008,Unterkunft auf Bauernhof,Litauen,17,53
2008,Unterkunft auf Bauernhof,Luxemburg,16,147
2008,Unterkunft auf Bauernhof,Malta,0,0
2008,Unterkunft auf Bauernhof,Mitteldeutschland,3270,30437
2008,Unterkunft auf Bauernhof,Neuseeland,0,0
2008,Unterkunft auf Bauernhof,Niederlande,1981,19406
2008,Unterkunft auf Bauernhof,Niederösterreich,5149,29601
2008,Unterkunft auf Bauernhof,Norddeutschland,2505,25944
2008,Unterkunft auf Bauernhof,Nordrhein-Westfalen,4693,53554
2008,Unterkunft auf Bauernhof,Norwegen,26,127
2008,Unterkunft auf Bauernhof,Oberösterreich,2514,13127
2008,Unterkunft auf Bauernhof,Ostdeutschland,3328,29899
2008,Unterkunft auf Bauernhof,Polen,513,3122
2008,Unterkunft auf Bauernhof,Portugal,0,0
2008,Unterkunft auf Bauernhof,Rumänien,80,422
2008,Unterkunft auf Bauernhof,Russland,37,169
2008,Unterkunft auf Bauernhof,Salzburg,710,3383
2008,Unterkunft auf Bauernhof,Schweden,83,351
2008,Unterkunft auf Bauernhof,Schweiz und Liechtenstein,273,1916
2008,Unterkunft auf Bauernhof,Slowakei,435,2263
2008,Unterkunft auf Bauernhof,Slowenien,414,1618
2008,Unterkunft auf Bauernhof,Spanien,22,97
2008,Unterkunft auf Bauernhof,Steiermark,2561,11339
2008,Unterkunft auf Bauernhof,Südafrika,0,0
2008,Unterkunft auf Bauernhof,Südkorea,0,0
2008,Unterkunft auf Bauernhof,Südostasien,0,0
2008,Unterkunft auf Bauernhof,Taiwan,0,0
2008,Unterkunft auf Bauernhof,Tirol,673,3531
2008,Unterkunft auf Bauernhof,Tschechische Republik,1755,9533
2008,Unterkunft auf Bauernhof,Türkei,11,63
2008,Unterkunft auf Bauernhof,USA,97,450
2008,Unterkunft auf Bauernhof,Ukraine,22,144
2008,Unterkunft auf Bauernhof,Ungarn,1159,6009
2008,Unterkunft auf Bauernhof,Vereinigtes Königreich,86,619
2008,Unterkunft auf Bauernhof,Vorarlberg,276,1361
2008,Unterkunft auf Bauernhof,Wien,5113,34669
2008,Unterkunft auf Bauernhof,Zentral- und Südamerika,1,3
2008,Unterkunft auf Bauernhof,Zypern,0,0
2008,Unterkunft auf Bauernhof,ehem. Jugoslawien,22,199
2008,Unterkunft auf Bauernhof,Übriges Afrika,0,0
2008,Unterkunft auf Bauernhof,Übriges Asien,9,48
2008,Unterkunft auf Bauernhof,Übriges Ausland,60,294
2008,Unterkunft auf Bauernhof,übrige GUS,0,0
2009,Bewirtschaftete Schutzhütten,Australien,5,5
2009,Bewirtschaftete Schutzhütten,Baden Württemberg,391,532
2009,Bewirtschaftete Schutzhütten,Bayern,785,1290
2009,Bewirtschaftete Schutzhütten,Belgien,66,85
2009,Bewirtschaftete Schutzhütten,Berlin,393,585
2009,Bewirtschaftete Schutzhütten,Bulgarien,7,7
2009,Bewirtschaftete Schutzhütten,Burgenland,321,405
2009,Bewirtschaftete Schutzhütten,Dänemark,8,18
2009,Bewirtschaftete Schutzhütten,Finnland,2,4
2009,Bewirtschaftete Schutzhütten,Frankreich,20,32
2009,Bewirtschaftete Schutzhütten,Irland  (Republik),5,5
2009,Bewirtschaftete Schutzhütten,Italien,462,548
2009,Bewirtschaftete Schutzhütten,Kanada,1,1
2009,Bewirtschaftete Schutzhütten,Kroatien,194,194
2009,Bewirtschaftete Schutzhütten,Kärnten,2353,5640
2009,Bewirtschaftete Schutzhütten,Malta,1,1
2009,Bewirtschaftete Schutzhütten,Mitteldeutschland,643,996
2009,Bewirtschaftete Schutzhütten,Niederlande,734,956
2009,Bewirtschaftete Schutzhütten,Niederösterreich,780,1298
2009,Bewirtschaftete Schutzhütten,Norddeutschland,610,752
2009,Bewirtschaftete Schutzhütten,Nordrhein-Westfalen,698,1605
2009,Bewirtschaftete Schutzhütten,Oberösterreich,641,1126
2009,Bewirtschaftete Schutzhütten,Ostdeutschland,494,681
2009,Bewirtschaftete Schutzhütten,Polen,188,193
2009,Bewirtschaftete Schutzhütten,Portugal,18,18
2009,Bewirtschaftete Schutzhütten,Rumänien,32,56
2009,Bewirtschaftete Schutzhütten,Russland,4,4
2009,Bewirtschaftete Schutzhütten,Salzburg,608,768
2009,Bewirtschaftete Schutzhütten,Schweden,8,8
2009,Bewirtschaftete Schutzhütten,Schweiz und Liechtenstein,170,181
2009,Bewirtschaftete Schutzhütten,Slowakei,314,376
2009,Bewirtschaftete Schutzhütten,Slowenien,211,223
2009,Bewirtschaftete Schutzhütten,Steiermark,1051,1583
2009,Bewirtschaftete Schutzhütten,Tirol,390,507
2009,Bewirtschaftete Schutzhütten,Tschechische Republik,639,897
2009,Bewirtschaftete Schutzhütten,USA,11,11
2009,Bewirtschaftete Schutzhütten,Ungarn,218,416
2009,Bewirtschaftete Schutzhütten,Vereinigtes Königreich,34,36
2009,Bewirtschaftete Schutzhütten,Vorarlberg,203,219
2009,Bewirtschaftete Schutzhütten,Wien,4528,5315
2009,Bewirtschaftete Schutzhütten,Zentral- und Südamerika,3,3
2009,Bewirtschaftete Schutzhütten,Übriges Ausland,163,163
2009,Campingplatz,Arabische Länder Asiens,14,48
2009,Campingplatz,Australien,151,223
2009,Campingplatz,Baden Württemberg,16376,102209
2009,Campingplatz,Bayern,36621,176537
2009,Campingplatz,Belgien,3011,21156
2009,Campingplatz,Berlin,1772,10213
2009,Campingplatz,Bulgarien,59,115
2009,Campingplatz,Burgenland,1125,5086
2009,Campingplatz,China,5,5
2009,Campingplatz,Dänemark,8472,42645
2009,Campingplatz,Estland,92,116
2009,Campingplatz,Finnland,366,1021
2009,Campingplatz,Frankreich,2065,5073
2009,Campingplatz,Griechenland,88,338
2009,Campingplatz,Indien,5,25
2009,Campingplatz,Irland  (Republik),57,147
2009,Campingplatz,Island,5,5
2009,Campingplatz,Israel,228,270
2009,Campingplatz,Italien,18686,57085
2009,Campingplatz,Japan,10,28
2009,Campingplatz,Kanada,47,79
2009,Campingplatz,Kroatien,170,461
2009,Campingplatz,Kärnten,4908,25578
2009,Campingplatz,Lettland,60,83
2009,Campingplatz,Litauen,165,548
2009,Campingplatz,Luxemburg,160,924
2009,Campingplatz,Malta,48,246
2009,Campingplatz,Mitteldeutschland,12479,81485
2009,Campingplatz,Neuseeland,20,29
2009,Campingplatz,Niederlande,57415,505829
2009,Campingplatz,Niederösterreich,12800,74943
2009,Campingplatz,Norddeutschland,13038,87786
2009,Campingplatz,Nordrhein-Westfalen,21600,162042
2009,Campingplatz,Norwegen,481,1060
2009,Campingplatz,Oberösterreich,9375,52282
2009,Campingplatz,Ostdeutschland,7906,48224
2009,Campingplatz,Polen,1302,3906
2009,Campingplatz,Portugal,94,344
2009,Campingplatz,Rumänien,195,677
2009,Campingplatz,Russland,113,317
2009,Campingplatz,Salzburg,6527,31164
2009,Campingplatz,Schweden,1287,2538
2009,Campingplatz,Schweiz und Liechtenstein,4843,26547
2009,Campingplatz,Slowakei,344,966
2009,Campingplatz,Slowenien,1056,2450
2009,Campingplatz,Spanien,400,1017
2009,Campingplatz,Steiermark,19932,108368
2009,Campingplatz,Südafrika,12,30
2009,Campingplatz,Südkorea,0,0
2009,Campingplatz,Südostasien,7,13
2009,Campingplatz,Taiwan,0,0
2009,Campingplatz,Tirol,3881,21724
2009,Campingplatz,Tschechische Republik,3639,9734
2009,Campingplatz,Türkei,2,4
2009,Campingplatz,USA,146,292
2009,Campingplatz,Ukraine,38,123
2009,Campingplatz,Ungarn,1788,5364
2009,Campingplatz,Vereinigtes Königreich,1565,6349
2009,Campingplatz,Vorarlberg,857,5427
2009,Campingplatz,Wien,8574,54128
2009,Campingplatz,Zentral- und Südamerika,57,85
2009,Campingplatz,Zypern,4,32
2009,Campingplatz,ehem. Jugoslawien,40,136
2009,Campingplatz,Übriges Afrika,15,23
2009,Campingplatz,Übriges Asien,10,141
2009,Campingplatz,Übriges Ausland,877,2513
2009,Campingplatz,übrige GUS,13,126
2009,Ferienwohnung,Arabische Länder Asiens,35,312
2009,Ferienwohnung,Australien,94,461
2009,Ferienwohnung,Baden Württemberg,12752,108450
2009,Ferienwohnung,Bayern,25876,183493
2009,Ferienwohnung,Belgien,2176,17860
2009,Ferienwohnung,Berlin,3658,37837
2009,Ferienwohnung,Bulgarien,194,1228
2009,Ferienwohnung,Burgenland,3202,16225
2009,Ferienwohnung,China,407,480
2009,Ferienwohnung,Dänemark,1079,6436
2009,Ferienwohnung,Estland,12,12
2009,Ferienwohnung,Finnland,166,1150
2009,Ferienwohnung,Frankreich,675,4681
2009,Ferienwohnung,Griechenland,132,744
2009,Ferienwohnung,Indien,9,30
2009,Ferienwohnung,Irland  (Republik),76,537
2009,Ferienwohnung,Island,3,15
2009,Ferienwohnung,Israel,278,1856
2009,Ferienwohnung,Italien,12548,64717
2009,Ferienwohnung,Japan,38,201
2009,Ferienwohnung,Kanada,56,374
2009,Ferienwohnung,Kroatien,8807,50375
2009,Ferienwohnung,Kärnten,8625,41486
2009,Ferienwohnung,Lettland,59,221
2009,Ferienwohnung,Litauen,106,678
2009,Ferienwohnung,Luxemburg,122,948
2009,Ferienwohnung,Malta,9,69
2009,Ferienwohnung,Mitteldeutschland,14850,135560
2009,Ferienwohnung,Neuseeland,7,49
2009,Ferienwohnung,Niederlande,27072,218515
2009,Ferienwohnung,Niederösterreich,25589,154323
2009,Ferienwohnung,Norddeutschland,12987,126798
2009,Ferienwohnung,Nordrhein-Westfalen,22062,231400
2009,Ferienwohnung,Norwegen,93,646
2009,Ferienwohnung,Oberösterreich,14741,81641
2009,Ferienwohnung,Ostdeutschland,13630,119054
2009,Ferienwohnung,Polen,8223,53436
2009,Ferienwohnung,Portugal,13,81
2009,Ferienwohnung,Rumänien,1949,11948
2009,Ferienwohnung,Russland,586,4241
2009,Ferienwohnung,Salzburg,5443,26101
2009,Ferienwohnung,Schweden,353,1898
2009,Ferienwohnung,Schweiz und Liechtenstein,1945,15233
2009,Ferienwohnung,Slowakei,3957,23821
2009,Ferienwohnung,Slowenien,8834,48399
2009,Ferienwohnung,Spanien,157,887
2009,Ferienwohnung,Steiermark,15988,79803
2009,Ferienwohnung,Südafrika,12,70
2009,Ferienwohnung,Südkorea,2,24
2009,Ferienwohnung,Südostasien,48,111
2009,Ferienwohnung,Taiwan,12,32
2009,Ferienwohnung,Tirol,4490,25017
2009,Ferienwohnung,Tschechische Republik,17980,93391
2009,Ferienwohnung,Türkei,9,31
2009,Ferienwohnung,USA,263,1508
2009,Ferienwohnung,Ukraine,277,2118
2009,Ferienwohnung,Ungarn,18317,95930
2009,Ferienwohnung,Vereinigtes Königreich,1643,9093
2009,Ferienwohnung,Vorarlberg,1405,8634
2009,Ferienwohnung,Wien,23976,166849
2009,Ferienwohnung,Zentral- und Südamerika,72,520
2009,Ferienwohnung,Zypern,0,0
2009,Ferienwohnung,ehem. Jugoslawien,1749,12416
2009,Ferienwohnung,Übriges Afrika,47,399
2009,Ferienwohnung,Übriges Asien,47,239
2009,Ferienwohnung,Übriges Ausland,559,3789
2009,Ferienwohnung,übrige GUS,35,241
2009,Hotel 1 oder 2*,Arabische Länder Asiens,43,137
2009,Hotel 1 oder 2*,Australien,108,246
2009,Hotel 1 oder 2*,Baden Württemberg,5086,25466
2009,Hotel 1 oder 2*,Bayern,12392,52239
2009,Hotel 1 oder 2*,Belgien,1059,4696
2009,Hotel 1 oder 2*,Berlin,1482,8805
2009,Hotel 1 oder 2*,Bulgarien,139,486
2009,Hotel 1 oder 2*,Burgenland,2890,9417
2009,Hotel 1 oder 2*,China,18,81
2009,Hotel 1 oder 2*,Dänemark,909,2262
2009,Hotel 1 oder 2*,Estland,8,10
2009,Hotel 1 oder 2*,Finnland,160,353
2009,Hotel 1 oder 2*,Frankreich,704,1957
2009,Hotel 1 oder 2*,Griechenland,93,173
2009,Hotel 1 oder 2*,Indien,15,20
2009,Hotel 1 oder 2*,Irland  (Republik),25,84
2009,Hotel 1 oder 2*,Island,5,7
2009,Hotel 1 oder 2*,Israel,161,408
2009,Hotel 1 oder 2*,Italien,12389,31374
2009,Hotel 1 oder 2*,Japan,8,19
2009,Hotel 1 oder 2*,Kanada,81,206
2009,Hotel 1 oder 2*,Kroatien,1390,5350
2009,Hotel 1 oder 2*,Kärnten,14603,51204
2009,Hotel 1 oder 2*,Lettland,32,62
2009,Hotel 1 oder 2*,Litauen,75,134
2009,Hotel 1 oder 2*,Luxemburg,63,263
2009,Hotel 1 oder 2*,Malta,17,130
2009,Hotel 1 oder 2*,Mitteldeutschland,6272,34678
2009,Hotel 1 oder 2*,Neuseeland,17,45
2009,Hotel 1 oder 2*,Niederlande,5966,24003
2009,Hotel 1 oder 2*,Niederösterreich,20085,78633
2009,Hotel 1 oder 2*,Norddeutschland,5011,31336
2009,Hotel 1 oder 2*,Nordrhein-Westfalen,8559,59941
2009,Hotel 1 oder 2*,Norwegen,149,471
2009,Hotel 1 oder 2*,Oberösterreich,13646,47927
2009,Hotel 1 oder 2*,Ostdeutschland,5715,31049
2009,Hotel 1 oder 2*,Polen,1849,6166
2009,Hotel 1 oder 2*,Portugal,28,44
2009,Hotel 1 oder 2*,Rumänien,944,3555
2009,Hotel 1 oder 2*,Russland,386,1241
2009,Hotel 1 oder 2*,Salzburg,7163,22528
2009,Hotel 1 oder 2*,Schweden,466,1014
2009,Hotel 1 oder 2*,Schweiz und Liechtenstein,2042,7741
2009,Hotel 1 oder 2*,Slowakei,951,3009
2009,Hotel 1 oder 2*,Slowenien,2362,6758
2009,Hotel 1 oder 2*,Spanien,134,358
2009,Hotel 1 oder 2*,Steiermark,17591,52932
2009,Hotel 1 oder 2*,Südafrika,21,52
2009,Hotel 1 oder 2*,Südkorea,2,14
2009,Hotel 1 oder 2*,Südostasien,7,10
2009,Hotel 1 oder 2*,Taiwan,11,11
2009,Hotel 1 oder 2*,Tirol,4599,15835
2009,Hotel 1 oder 2*,Tschechische Republik,3840,12816
2009,Hotel 1 oder 2*,Türkei,70,263
2009,Hotel 1 oder 2*,USA,477,1966
2009,Hotel 1 oder 2*,Ukraine,251,710
2009,Hotel 1 oder 2*,Ungarn,5982,28052
2009,Hotel 1 oder 2*,Vereinigtes Königreich,771,3745
2009,Hotel 1 oder 2*,Vorarlberg,1664,6251
2009,Hotel 1 oder 2*,Wien,18520,79406
2009,Hotel 1 oder 2*,Zentral- und Südamerika,47,117
2009,Hotel 1 oder 2*,Zypern,2,2
2009,Hotel 1 oder 2*,ehem. Jugoslawien,208,912
2009,Hotel 1 oder 2*,Übriges Afrika,29,60
2009,Hotel 1 oder 2*,Übriges Asien,12,32
2009,Hotel 1 oder 2*,Übriges Ausland,303,990
2009,Hotel 1 oder 2*,übrige GUS,41,83
2009,Hotel 3*,Arabische Länder Asiens,101,285
2009,Hotel 3*,Australien,426,995
2009,Hotel 3*,Baden Württemberg,20712,97583
2009,Hotel 3*,Bayern,49285,193610
2009,Hotel 3*,Belgien,5991,32334
2009,Hotel 3*,Berlin,5341,32269
2009,Hotel 3*,Bulgarien,552,1532
2009,Hotel 3*,Burgenland,10713,32539
2009,Hotel 3*,China,3529,3899
2009,Hotel 3*,Dänemark,4334,15212
2009,Hotel 3*,Estland,70,117
2009,Hotel 3*,Finnland,652,1323
2009,Hotel 3*,Frankreich,3609,8810
2009,Hotel 3*,Griechenland,406,924
2009,Hotel 3*,Indien,40,213
2009,Hotel 3*,Irland  (Republik),162,558
2009,Hotel 3*,Island,22,46
2009,Hotel 3*,Israel,510,1303
2009,Hotel 3*,Italien,49286,117784
2009,Hotel 3*,Japan,201,441
2009,Hotel 3*,Kanada,543,1278
2009,Hotel 3*,Kroatien,5195,17319
2009,Hotel 3*,Kärnten,37767,99103
2009,Hotel 3*,Lettland,543,850
2009,Hotel 3*,Litauen,194,370
2009,Hotel 3*,Luxemburg,296,1299
2009,Hotel 3*,Malta,41,66
2009,Hotel 3*,Mitteldeutschland,25814,128053
2009,Hotel 3*,Neuseeland,73,163
2009,Hotel 3*,Niederlande,22993,105776
2009,Hotel 3*,Niederösterreich,59971,209785
2009,Hotel 3*,Norddeutschland,18648,107676
2009,Hotel 3*,Nordrhein-Westfalen,28375,174014
2009,Hotel 3*,Norwegen,523,1149
2009,Hotel 3*,Oberösterreich,44116,139461
2009,Hotel 3*,Ostdeutschland,28284,143369
2009,Hotel 3*,Polen,13022,51276
2009,Hotel 3*,Portugal,121,270
2009,Hotel 3*,Rumänien,4707,13244
2009,Hotel 3*,Russland,4537,8424
2009,Hotel 3*,Salzburg,18914,52110
2009,Hotel 3*,Schweden,2476,6426
2009,Hotel 3*,Schweiz und Liechtenstein,8221,28637
2009,Hotel 3*,Slowakei,4655,17402
2009,Hotel 3*,Slowenien,5905,15998
2009,Hotel 3*,Spanien,927,2187
2009,Hotel 3*,Steiermark,52789,141274
2009,Hotel 3*,Südafrika,82,255
2009,Hotel 3*,Südkorea,47,168
2009,Hotel 3*,Südostasien,75,328
2009,Hotel 3*,Taiwan,257,626
2009,Hotel 3*,Tirol,18034,54668
2009,Hotel 3*,Tschechische Republik,11826,41270
2009,Hotel 3*,Türkei,186,1084
2009,Hotel 3*,USA,1553,3753
2009,Hotel 3*,Ukraine,2486,4002
2009,Hotel 3*,Ungarn,20331,79603
2009,Hotel 3*,Vereinigtes Königreich,5006,21963
2009,Hotel 3*,Vorarlberg,5451,19079
2009,Hotel 3*,Wien,56314,198760
2009,Hotel 3*,Zentral- und Südamerika,271,757
2009,Hotel 3*,Zypern,22,82
2009,Hotel 3*,ehem. Jugoslawien,693,2450
2009,Hotel 3*,Übriges Afrika,73,145
2009,Hotel 3*,Übriges Asien,112,238
2009,Hotel 3*,Übriges Ausland,4764,8851
2009,Hotel 3*,übrige GUS,278,562
2009,Hotel 4*,Arabische Länder Asiens,389,1156
2009,Hotel 4*,Australien,482,1283
2009,Hotel 4*,Baden Württemberg,23437,123947
2009,Hotel 4*,Bayern,67163,293918
2009,Hotel 4*,Belgien,9599,59557
2009,Hotel 4*,Berlin,9025,50209
2009,Hotel 4*,Bulgarien,866,3887
2009,Hotel 4*,Burgenland,11889,44752
2009,Hotel 4*,China,7270,7950
2009,Hotel 4*,Dänemark,1699,5401
2009,Hotel 4*,Estland,91,497
2009,Hotel 4*,Finnland,5005,14924
2009,Hotel 4*,Frankreich,5441,13098
2009,Hotel 4*,Griechenland,778,1825
2009,Hotel 4*,Indien,187,417
2009,Hotel 4*,Irland  (Republik),310,1460
2009,Hotel 4*,Island,12,38
2009,Hotel 4*,Israel,520,1512
2009,Hotel 4*,Italien,80922,238325
2009,Hotel 4*,Japan,930,1752
2009,Hotel 4*,Kanada,505,1470
2009,Hotel 4*,Kroatien,7586,30207
2009,Hotel 4*,Kärnten,59312,204190
2009,Hotel 4*,Lettland,148,214
2009,Hotel 4*,Litauen,194,608
2009,Hotel 4*,Luxemburg,778,4592
2009,Hotel 4*,Malta,66,318
2009,Hotel 4*,Mitteldeutschland,28573,157867
2009,Hotel 4*,Neuseeland,80,100
2009,Hotel 4*,Niederlande,14728,81453
2009,Hotel 4*,Niederösterreich,63858,265195
2009,Hotel 4*,Norddeutschland,21994,136222
2009,Hotel 4*,Nordrhein-Westfalen,30727,198942
2009,Hotel 4*,Norwegen,598,1385
2009,Hotel 4*,Oberösterreich,41016,152601
2009,Hotel 4*,Ostdeutschland,18596,108656
2009,Hotel 4*,Polen,7108,31974
2009,Hotel 4*,Portugal,243,510
2009,Hotel 4*,Rumänien,2549,8431
2009,Hotel 4*,Russland,5917,15881
2009,Hotel 4*,Salzburg,25229,83421
2009,Hotel 4*,Schweden,1623,3984
2009,Hotel 4*,Schweiz und Liechtenstein,10847,43959
2009,Hotel 4*,Slowakei,4038,15219
2009,Hotel 4*,Slowenien,4717,15222
2009,Hotel 4*,Spanien,3257,7671
2009,Hotel 4*,Steiermark,65370,237920
2009,Hotel 4*,Südafrika,117,270
2009,Hotel 4*,Südkorea,313,458
2009,Hotel 4*,Südostasien,815,1374
2009,Hotel 4*,Taiwan,1046,1160
2009,Hotel 4*,Tirol,21470,78078
2009,Hotel 4*,Tschechische Republik,11046,42758
2009,Hotel 4*,Türkei,280,1286
2009,Hotel 4*,USA,3420,9149
2009,Hotel 4*,Ukraine,3126,5056
2009,Hotel 4*,Ungarn,12719,53577
2009,Hotel 4*,Vereinigtes Königreich,6033,28862
2009,Hotel 4*,Vorarlberg,5684,21181
2009,Hotel 4*,Wien,84827,321942
2009,Hotel 4*,Zentral- und Südamerika,408,928
2009,Hotel 4*,Zypern,25,67
2009,Hotel 4*,ehem. Jugoslawien,2208,10184
2009,Hotel 4*,Übriges Afrika,443,1879
2009,Hotel 4*,Übriges Asien,86,277
2009,Hotel 4*,Übriges Ausland,3716,10985
2009,Hotel 4*,übrige GUS,252,823
2009,Hotel 4* Superior,Arabische Länder Asiens,52,106
2009,Hotel 4* Superior,Australien,58,103
2009,Hotel 4* Superior,Baden Württemberg,1814,9168
2009,Hotel 4* Superior,Bayern,6370,23845
2009,Hotel 4* Superior,Belgien,186,486
2009,Hotel 4* Superior,Berlin,587,1790
2009,Hotel 4* Superior,Bulgarien,127,663
2009,Hotel 4* Superior,Burgenland,482,1319
2009,Hotel 4* Superior,China,561,703
2009,Hotel 4* Superior,Dänemark,91,161
2009,Hotel 4* Superior,Estland,13,15
2009,Hotel 4* Superior,Finnland,95,246
2009,Hotel 4* Superior,Frankreich,369,1296
2009,Hotel 4* Superior,Griechenland,69,111
2009,Hotel 4* Superior,Indien,19,62
2009,Hotel 4* Superior,Irland  (Republik),26,92
2009,Hotel 4* Superior,Island,1,3
2009,Hotel 4* Superior,Israel,29,62
2009,Hotel 4* Superior,Italien,3775,7821
2009,Hotel 4* Superior,Japan,130,446
2009,Hotel 4* Superior,Kanada,180,665
2009,Hotel 4* Superior,Kroatien,208,448
2009,Hotel 4* Superior,Kärnten,5507,13254
2009,Hotel 4* Superior,Lettland,3,3
2009,Hotel 4* Superior,Litauen,19,81
2009,Hotel 4* Superior,Luxemburg,244,594
2009,Hotel 4* Superior,Malta,0,0
2009,Hotel 4* Superior,Mitteldeutschland,1855,9754
2009,Hotel 4* Superior,Neuseeland,5,16
2009,Hotel 4* Superior,Niederlande,759,1881
2009,Hotel 4* Superior,Niederösterreich,3523,10596
2009,Hotel 4* Superior,Norddeutschland,1396,8045
2009,Hotel 4* Superior,Nordrhein-Westfalen,2097,13826
2009,Hotel 4* Superior,Norwegen,78,218
2009,Hotel 4* Superior,Oberösterreich,2227,6812
2009,Hotel 4* Superior,Ostdeutschland,727,3390
2009,Hotel 4* Superior,Polen,148,303
2009,Hotel 4* Superior,Portugal,27,116
2009,Hotel 4* Superior,Rumänien,552,1255
2009,Hotel 4* Superior,Russland,136,665
2009,Hotel 4* Superior,Salzburg,1810,4577
2009,Hotel 4* Superior,Schweden,124,235
2009,Hotel 4* Superior,Schweiz und Liechtenstein,1274,5474
2009,Hotel 4* Superior,Slowakei,186,342
2009,Hotel 4* Superior,Slowenien,308,467
2009,Hotel 4* Superior,Spanien,108,326
2009,Hotel 4* Superior,Steiermark,4391,9928
2009,Hotel 4* Superior,Südafrika,8,30
2009,Hotel 4* Superior,Südkorea,41,184
2009,Hotel 4* Superior,Südostasien,142,449
2009,Hotel 4* Superior,Taiwan,59,248
2009,Hotel 4* Superior,Tirol,2013,4771
2009,Hotel 4* Superior,Tschechische Republik,240,598
2009,Hotel 4* Superior,Türkei,21,45
2009,Hotel 4* Superior,USA,1093,2837
2009,Hotel 4* Superior,Ukraine,59,128
2009,Hotel 4* Superior,Ungarn,207,641
2009,Hotel 4* Superior,Vereinigtes Königreich,726,1668
2009,Hotel 4* Superior,Vorarlberg,688,1509
2009,Hotel 4* Superior,Wien,6838,18321
2009,Hotel 4* Superior,Zentral- und Südamerika,51,95
2009,Hotel 4* Superior,Zypern,2,14
2009,Hotel 4* Superior,ehem. Jugoslawien,270,387
2009,Hotel 4* Superior,Übriges Afrika,26,67
2009,Hotel 4* Superior,Übriges Asien,51,59
2009,Hotel 4* Superior,Übriges Ausland,105,391
2009,Hotel 4* Superior,übrige GUS,7,9
2009,Hotel 5*,Arabische Länder Asiens,151,641
2009,Hotel 5*,Australien,10,24
2009,Hotel 5*,Baden Württemberg,627,2969
2009,Hotel 5*,Bayern,2351,10394
2009,Hotel 5*,Belgien,63,394
2009,Hotel 5*,Berlin,123,576
2009,Hotel 5*,Bulgarien,14,36
2009,Hotel 5*,Burgenland,292,1207
2009,Hotel 5*,China,16,42
2009,Hotel 5*,Dänemark,62,367
2009,Hotel 5*,Estland,5,5
2009,Hotel 5*,Finnland,4,9
2009,Hotel 5*,Frankreich,132,458
2009,Hotel 5*,Griechenland,53,228
2009,Hotel 5*,Indien,6,27
2009,Hotel 5*,Irland  (Republik),6,14
2009,Hotel 5*,Island,0,0
2009,Hotel 5*,Israel,38,204
2009,Hotel 5*,Italien,7301,24002
2009,Hotel 5*,Japan,8,19
2009,Hotel 5*,Kanada,35,151
2009,Hotel 5*,Kroatien,299,943
2009,Hotel 5*,Kärnten,2651,6226
2009,Hotel 5*,Lettland,6,30
2009,Hotel 5*,Litauen,2,3
2009,Hotel 5*,Luxemburg,15,76
2009,Hotel 5*,Malta,4,36
2009,Hotel 5*,Mitteldeutschland,1131,6030
2009,Hotel 5*,Neuseeland,0,0
2009,Hotel 5*,Niederlande,185,924
2009,Hotel 5*,Niederösterreich,2068,9211
2009,Hotel 5*,Norddeutschland,678,4193
2009,Hotel 5*,Nordrhein-Westfalen,993,5784
2009,Hotel 5*,Norwegen,13,19
2009,Hotel 5*,Oberösterreich,1149,5575
2009,Hotel 5*,Ostdeutschland,266,1216
2009,Hotel 5*,Polen,283,1141
2009,Hotel 5*,Portugal,3,12
2009,Hotel 5*,Rumänien,118,827
2009,Hotel 5*,Russland,742,4032
2009,Hotel 5*,Salzburg,1165,4196
2009,Hotel 5*,Schweden,39,206
2009,Hotel 5*,Schweiz und Liechtenstein,483,1933
2009,Hotel 5*,Slowakei,140,433
2009,Hotel 5*,Slowenien,329,1070
2009,Hotel 5*,Spanien,28,115
2009,Hotel 5*,Steiermark,2486,6925
2009,Hotel 5*,Südafrika,7,27
2009,Hotel 5*,Südkorea,0,0
2009,Hotel 5*,Südostasien,6,19
2009,Hotel 5*,Taiwan,5,13
2009,Hotel 5*,Tirol,817,2968
2009,Hotel 5*,Tschechische Republik,156,789
2009,Hotel 5*,Türkei,19,78
2009,Hotel 5*,USA,544,1624
2009,Hotel 5*,Ukraine,135,956
2009,Hotel 5*,Ungarn,352,1215
2009,Hotel 5*,Vereinigtes Königreich,229,1219
2009,Hotel 5*,Vorarlberg,118,506
2009,Hotel 5*,Wien,5099,22544
2009,Hotel 5*,Zentral- und Südamerika,31,108
2009,Hotel 5*,Zypern,2,6
2009,Hotel 5*,ehem. Jugoslawien,157,927
2009,Hotel 5*,Übriges Afrika,24,127
2009,Hotel 5*,Übriges Asien,21,114
2009,Hotel 5*,Übriges Ausland,29,161
2009,Hotel 5*,übrige GUS,19,62
2009,Jugendherbergen u. -gästehäuser,Arabische Länder Asiens,0,0
2009,Jugendherbergen u. -gästehäuser,Australien,78,122
2009,Jugendherbergen u. -gästehäuser,Baden Württemberg,814,1630
2009,Jugendherbergen u. -gästehäuser,Bayern,1130,2892
2009,Jugendherbergen u. -gästehäuser,Belgien,168,325
2009,Jugendherbergen u. -gästehäuser,Berlin,206,536
2009,Jugendherbergen u. -gästehäuser,Bulgarien,36,94
2009,Jugendherbergen u. -gästehäuser,Burgenland,791,1933
2009,Jugendherbergen u. -gästehäuser,China,81,87
2009,Jugendherbergen u. -gästehäuser,Dänemark,114,171
2009,Jugendherbergen u. -gästehäuser,Estland,184,285
2009,Jugendherbergen u. -gästehäuser,Finnland,18,29
2009,Jugendherbergen u. -gästehäuser,Frankreich,205,480
2009,Jugendherbergen u. -gästehäuser,Griechenland,46,126
2009,Jugendherbergen u. -gästehäuser,Indien,8,16
2009,Jugendherbergen u. -gästehäuser,Irland  (Republik),17,21
2009,Jugendherbergen u. -gästehäuser,Island,0,0
2009,Jugendherbergen u. -gästehäuser,Israel,27,32
2009,Jugendherbergen u. -gästehäuser,Italien,2093,3953
2009,Jugendherbergen u. -gästehäuser,Japan,30,37
2009,Jugendherbergen u. -gästehäuser,Kanada,40,59
2009,Jugendherbergen u. -gästehäuser,Kroatien,416,749
2009,Jugendherbergen u. -gästehäuser,Kärnten,8207,22377
2009,Jugendherbergen u. -gästehäuser,Lettland,174,174
2009,Jugendherbergen u. -gästehäuser,Litauen,4,4
2009,Jugendherbergen u. -gästehäuser,Luxemburg,5,9
2009,Jugendherbergen u. -gästehäuser,Malta,0,0
2009,Jugendherbergen u. -gästehäuser,Mitteldeutschland,1104,2321
2009,Jugendherbergen u. -gästehäuser,Neuseeland,26,34
2009,Jugendherbergen u. -gästehäuser,Niederlande,1709,4879
2009,Jugendherbergen u. -gästehäuser,Niederösterreich,4027,12441
2009,Jugendherbergen u. -gästehäuser,Norddeutschland,477,917
2009,Jugendherbergen u. -gästehäuser,Nordrhein-Westfalen,751,3418
2009,Jugendherbergen u. -gästehäuser,Norwegen,34,42
2009,Jugendherbergen u. -gästehäuser,Oberösterreich,2828,6868
2009,Jugendherbergen u. -gästehäuser,Ostdeutschland,371,709
2009,Jugendherbergen u. -gästehäuser,Polen,1143,1829
2009,Jugendherbergen u. -gästehäuser,Portugal,26,35
2009,Jugendherbergen u. -gästehäuser,Rumänien,565,1346
2009,Jugendherbergen u. -gästehäuser,Russland,171,225
2009,Jugendherbergen u. -gästehäuser,Salzburg,2027,5479
2009,Jugendherbergen u. -gästehäuser,Schweden,58,101
2009,Jugendherbergen u. -gästehäuser,Schweiz und Liechtenstein,582,991
2009,Jugendherbergen u. -gästehäuser,Slowakei,407,1399
2009,Jugendherbergen u. -gästehäuser,Slowenien,468,1019
2009,Jugendherbergen u. -gästehäuser,Spanien,134,293
2009,Jugendherbergen u. -gästehäuser,Steiermark,5290,11547
2009,Jugendherbergen u. -gästehäuser,Südafrika,11,11
2009,Jugendherbergen u. -gästehäuser,Südkorea,1,1
2009,Jugendherbergen u. -gästehäuser,Südostasien,4,5
2009,Jugendherbergen u. -gästehäuser,Taiwan,3,3
2009,Jugendherbergen u. -gästehäuser,Tirol,818,1798
2009,Jugendherbergen u. -gästehäuser,Tschechische Republik,861,1504
2009,Jugendherbergen u. -gästehäuser,Türkei,3,7
2009,Jugendherbergen u. -gästehäuser,USA,177,656
2009,Jugendherbergen u. -gästehäuser,Ukraine,28,37
2009,Jugendherbergen u. -gästehäuser,Ungarn,855,2261
2009,Jugendherbergen u. -gästehäuser,Vereinigtes Königreich,279,977
2009,Jugendherbergen u. -gästehäuser,Vorarlberg,207,456
2009,Jugendherbergen u. -gästehäuser,Wien,5028,14046
2009,Jugendherbergen u. -gästehäuser,Zentral- und Südamerika,49,140
2009,Jugendherbergen u. -gästehäuser,Zypern,0,0
2009,Jugendherbergen u. -gästehäuser,ehem. Jugoslawien,34,62
2009,Jugendherbergen u. -gästehäuser,Übriges Afrika,4,20
2009,Jugendherbergen u. -gästehäuser,Übriges Asien,0,0
2009,Jugendherbergen u. -gästehäuser,Übriges Ausland,393,735
2009,Jugendherbergen u. -gästehäuser,übrige GUS,30,140
2009,Kinder- u. Jugenderholungsheime,Bayern,162,1278
2009,Kinder- u. Jugenderholungsheime,Belgien,688,4116
2009,Kinder- u. Jugenderholungsheime,Burgenland,168,840
2009,Kinder- u. Jugenderholungsheime,Dänemark,101,404
2009,Kinder- u. Jugenderholungsheime,Frankreich,0,0
2009,Kinder- u. Jugenderholungsheime,Italien,105,711
2009,Kinder- u. Jugenderholungsheime,Kroatien,252,1361
2009,Kinder- u. Jugenderholungsheime,Kärnten,2264,10352
2009,Kinder- u. Jugenderholungsheime,Mitteldeutschland,14,98
2009,Kinder- u. Jugenderholungsheime,Niederösterreich,1223,7800
2009,Kinder- u. Jugenderholungsheime,Norddeutschland,42,258
2009,Kinder- u. Jugenderholungsheime,Nordrhein-Westfalen,70,490
2009,Kinder- u. Jugenderholungsheime,Oberösterreich,64,509
2009,Kinder- u. Jugenderholungsheime,Polen,143,917
2009,Kinder- u. Jugenderholungsheime,Rumänien,47,329
2009,Kinder- u. Jugenderholungsheime,Salzburg,329,1972
2009,Kinder- u. Jugenderholungsheime,Steiermark,963,8043
2009,Kinder- u. Jugenderholungsheime,Tirol,38,362
2009,Kinder- u. Jugenderholungsheime,Tschechische Republik,79,395
2009,Kinder- u. Jugenderholungsheime,Ungarn,37,148
2009,Kinder- u. Jugenderholungsheime,Vereinigtes Königreich,460,2973
2009,Kinder- u. Jugenderholungsheime,Wien,2511,14496
2009,Kurheim der Sozialversich.träger,Burgenland,75,1549
2009,Kurheim der Sozialversich.träger,Italien,3,75
2009,Kurheim der Sozialversich.träger,Kärnten,1888,38064
2009,Kurheim der Sozialversich.träger,Mitteldeutschland,0,18
2009,Kurheim der Sozialversich.träger,Niederösterreich,356,6628
2009,Kurheim der Sozialversich.träger,Nordrhein-Westfalen,2,31
2009,Kurheim der Sozialversich.träger,Oberösterreich,119,2349
2009,Kurheim der Sozialversich.träger,Salzburg,135,2683
2009,Kurheim der Sozialversich.träger,Steiermark,1708,34510
2009,Kurheim der Sozialversich.träger,Tirol,150,3060
2009,Kurheim der Sozialversich.träger,Vorarlberg,16,297
2009,Kurheim der Sozialversich.träger,Wien,472,8824
2009,Kurheim der Sozialversich.träger,übrige GUS,8,154
2009,Private u. öffentl. Kurheime,Arabische Länder Asiens,59,676
2009,Private u. öffentl. Kurheime,Australien,3,18
2009,Private u. öffentl. Kurheime,Baden Württemberg,101,1124
2009,Private u. öffentl. Kurheime,Bayern,409,4341
2009,Private u. öffentl. Kurheime,Belgien,11,73
2009,Private u. öffentl. Kurheime,Berlin,37,481
2009,Private u. öffentl. Kurheime,Bulgarien,3,20
2009,Private u. öffentl. Kurheime,Burgenland,180,2344
2009,Private u. öffentl. Kurheime,China,4,30
2009,Private u. öffentl. Kurheime,Dänemark,3,38
2009,Private u. öffentl. Kurheime,Finnland,6,125
2009,Private u. öffentl. Kurheime,Frankreich,54,579
2009,Private u. öffentl. Kurheime,Griechenland,51,568
2009,Private u. öffentl. Kurheime,Indien,12,132
2009,Private u. öffentl. Kurheime,Irland  (Republik),34,338
2009,Private u. öffentl. Kurheime,Israel,8,67
2009,Private u. öffentl. Kurheime,Italien,90,605
2009,Private u. öffentl. Kurheime,Japan,3,19
2009,Private u. öffentl. Kurheime,Kanada,4,49
2009,Private u. öffentl. Kurheime,Kroatien,6,41
2009,Private u. öffentl. Kurheime,Kärnten,614,7525
2009,Private u. öffentl. Kurheime,Litauen,1,4
2009,Private u. öffentl. Kurheime,Luxemburg,2,40
2009,Private u. öffentl. Kurheime,Malta,1,11
2009,Private u. öffentl. Kurheime,Mitteldeutschland,154,1627
2009,Private u. öffentl. Kurheime,Niederlande,14,121
2009,Private u. öffentl. Kurheime,Niederösterreich,2008,24924
2009,Private u. öffentl. Kurheime,Norddeutschland,110,1237
2009,Private u. öffentl. Kurheime,Nordrhein-Westfalen,157,1810
2009,Private u. öffentl. Kurheime,Norwegen,7,46
2009,Private u. öffentl. Kurheime,Oberösterreich,913,12795
2009,Private u. öffentl. Kurheime,Ostdeutschland,42,431
2009,Private u. öffentl. Kurheime,Polen,3,32
2009,Private u. öffentl. Kurheime,Rumänien,17,295
2009,Private u. öffentl. Kurheime,Russland,97,963
2009,Private u. öffentl. Kurheime,Salzburg,444,6116
2009,Private u. öffentl. Kurheime,Schweden,12,128
2009,Private u. öffentl. Kurheime,Schweiz und Liechtenstein,106,1100
2009,Private u. öffentl. Kurheime,Slowakei,17,105
2009,Private u. öffentl. Kurheime,Slowenien,11,51
2009,Private u. öffentl. Kurheime,Spanien,17,160
2009,Private u. öffentl. Kurheime,Steiermark,966,11779
2009,Private u. öffentl. Kurheime,Südafrika,2,16
2009,Private u. öffentl. Kurheime,Südostasien,3,31
2009,Private u. öffentl. Kurheime,Tirol,549,6792
2009,Private u. öffentl. Kurheime,Tschechische Republik,78,555
2009,Private u. öffentl. Kurheime,Türkei,24,264
2009,Private u. öffentl. Kurheime,USA,68,892
2009,Private u. öffentl. Kurheime,Ukraine,20,227
2009,Private u. öffentl. Kurheime,Ungarn,8,66
2009,Private u. öffentl. Kurheime,Vereinigtes Königreich,985,8979
2009,Private u. öffentl. Kurheime,Vorarlberg,246,2966
2009,Private u. öffentl. Kurheime,Wien,3115,34680
2009,Private u. öffentl. Kurheime,Zentral- und Südamerika,10,103
2009,Private u. öffentl. Kurheime,Zypern,5,56
2009,Private u. öffentl. Kurheime,ehem. Jugoslawien,2,54
2009,Private u. öffentl. Kurheime,Übriges Afrika,14,134
2009,Private u. öffentl. Kurheime,Übriges Ausland,1,14
2009,Private u. öffentl. Kurheime,übrige GUS,19,203
2009,Sonstige Unterkunft,Arabische Länder Asiens,15,55
2009,Sonstige Unterkunft,Australien,39,115
2009,Sonstige Unterkunft,Baden Württemberg,3598,23954
2009,Sonstige Unterkunft,Bayern,7330,36441
2009,Sonstige Unterkunft,Belgien,625,4432
2009,Sonstige Unterkunft,Berlin,1059,9106
2009,Sonstige Unterkunft,Bulgarien,121,505
2009,Sonstige Unterkunft,Burgenland,1474,5832
2009,Sonstige Unterkunft,China,379,534
2009,Sonstige Unterkunft,Dänemark,409,1544
2009,Sonstige Unterkunft,Estland,4,18
2009,Sonstige Unterkunft,Finnland,57,215
2009,Sonstige Unterkunft,Frankreich,358,1973
2009,Sonstige Unterkunft,Griechenland,87,309
2009,Sonstige Unterkunft,Indien,6,30
2009,Sonstige Unterkunft,Irland  (Republik),5,32
2009,Sonstige Unterkunft,Island,6,16
2009,Sonstige Unterkunft,Israel,79,289
2009,Sonstige Unterkunft,Italien,5235,17956
2009,Sonstige Unterkunft,Japan,11,99
2009,Sonstige Unterkunft,Kanada,27,93
2009,Sonstige Unterkunft,Kroatien,632,2380
2009,Sonstige Unterkunft,Kärnten,12213,44750
2009,Sonstige Unterkunft,Lettland,65,344
2009,Sonstige Unterkunft,Litauen,8,8
2009,Sonstige Unterkunft,Luxemburg,51,305
2009,Sonstige Unterkunft,Malta,8,18
2009,Sonstige Unterkunft,Mitteldeutschland,3965,26330
2009,Sonstige Unterkunft,Neuseeland,18,58
2009,Sonstige Unterkunft,Niederlande,3087,19228
2009,Sonstige Unterkunft,Niederösterreich,13676,66067
2009,Sonstige Unterkunft,Norddeutschland,3882,29548
2009,Sonstige Unterkunft,Nordrhein-Westfalen,6821,56388
2009,Sonstige Unterkunft,Norwegen,50,219
2009,Sonstige Unterkunft,Oberösterreich,9504,47643
2009,Sonstige Unterkunft,Ostdeutschland,3072,19288
2009,Sonstige Unterkunft,Polen,2466,13281
2009,Sonstige Unterkunft,Portugal,30,277
2009,Sonstige Unterkunft,Rumänien,821,4749
2009,Sonstige Unterkunft,Russland,117,601
2009,Sonstige Unterkunft,Salzburg,4685,17611
2009,Sonstige Unterkunft,Schweden,196,564
2009,Sonstige Unterkunft,Schweiz und Liechtenstein,739,3982
2009,Sonstige Unterkunft,Slowakei,489,2207
2009,Sonstige Unterkunft,Slowenien,2371,4821
2009,Sonstige Unterkunft,Spanien,58,333
2009,Sonstige Unterkunft,Steiermark,11681,47569
2009,Sonstige Unterkunft,Südafrika,8,42
2009,Sonstige Unterkunft,Südkorea,197,547
2009,Sonstige Unterkunft,Südostasien,6,19
2009,Sonstige Unterkunft,Taiwan,0,0
2009,Sonstige Unterkunft,Tirol,3194,14547
2009,Sonstige Unterkunft,Tschechische Republik,1488,6122
2009,Sonstige Unterkunft,Türkei,6,35
2009,Sonstige Unterkunft,USA,382,2123
2009,Sonstige Unterkunft,Ukraine,44,199
2009,Sonstige Unterkunft,Ungarn,8953,42505
2009,Sonstige Unterkunft,Vereinigtes Königreich,1090,6501
2009,Sonstige Unterkunft,Vorarlberg,878,3788
2009,Sonstige Unterkunft,Wien,16239,86797
2009,Sonstige Unterkunft,Zentral- und Südamerika,76,313
2009,Sonstige Unterkunft,Zypern,2,28
2009,Sonstige Unterkunft,ehem. Jugoslawien,99,543
2009,Sonstige Unterkunft,Übriges Afrika,43,261
2009,Sonstige Unterkunft,Übriges Asien,4,10
2009,Sonstige Unterkunft,Übriges Ausland,289,1279
2009,Sonstige Unterkunft,übrige GUS,74,367
2009,Unterkunft auf Bauernhof,Arabische Länder Asiens,11,62
2009,Unterkunft auf Bauernhof,Australien,6,56
2009,Unterkunft auf Bauernhof,Baden Württemberg,3176,27424
2009,Unterkunft auf Bauernhof,Bayern,6176,42467
2009,Unterkunft auf Bauernhof,Belgien,424,3658
2009,Unterkunft auf Bauernhof,Berlin,1139,11894
2009,Unterkunft auf Bauernhof,Bulgarien,51,217
2009,Unterkunft auf Bauernhof,Burgenland,581,2776
2009,Unterkunft auf Bauernhof,China,0,0
2009,Unterkunft auf Bauernhof,Dänemark,104,620
2009,Unterkunft auf Bauernhof,Estland,4,4
2009,Unterkunft auf Bauernhof,Finnland,9,23
2009,Unterkunft auf Bauernhof,Frankreich,124,744
2009,Unterkunft auf Bauernhof,Griechenland,4,28
2009,Unterkunft auf Bauernhof,Indien,4,28
2009,Unterkunft auf Bauernhof,Irland  (Republik),5,18
2009,Unterkunft auf Bauernhof,Island,6,16
2009,Unterkunft auf Bauernhof,Israel,33,151
2009,Unterkunft auf Bauernhof,Italien,2006,9124
2009,Unterkunft auf Bauernhof,Japan,0,0
2009,Unterkunft auf Bauernhof,Kanada,5,13
2009,Unterkunft auf Bauernhof,Kroatien,523,2570
2009,Unterkunft auf Bauernhof,Kärnten,2233,8223
2009,Unterkunft auf Bauernhof,Lettland,0,0
2009,Unterkunft auf Bauernhof,Litauen,12,90
2009,Unterkunft auf Bauernhof,Luxemburg,18,209
2009,Unterkunft auf Bauernhof,Malta,0,0
2009,Unterkunft auf Bauernhof,Mitteldeutschland,3186,29062
2009,Unterkunft auf Bauernhof,Neuseeland,0,0
2009,Unterkunft auf Bauernhof,Niederlande,2027,17886
2009,Unterkunft auf Bauernhof,Niederösterreich,4734,28260
2009,Unterkunft auf Bauernhof,Norddeutschland,2573,25419
2009,Unterkunft auf Bauernhof,Nordrhein-Westfalen,4829,53122
2009,Unterkunft auf Bauernhof,Norwegen,42,156
2009,Unterkunft auf Bauernhof,Oberösterreich,2468,12832
2009,Unterkunft auf Bauernhof,Ostdeutschland,3285,27634
2009,Unterkunft auf Bauernhof,Polen,702,4578
2009,Unterkunft auf Bauernhof,Portugal,0,0
2009,Unterkunft auf Bauernhof,Rumänien,130,710
2009,Unterkunft auf Bauernhof,Russland,38,234
2009,Unterkunft auf Bauernhof,Salzburg,763,3738
2009,Unterkunft auf Bauernhof,Schweden,63,329
2009,Unterkunft auf Bauernhof,Schweiz und Liechtenstein,343,2369
2009,Unterkunft auf Bauernhof,Slowakei,313,1426
2009,Unterkunft auf Bauernhof,Slowenien,573,2327
2009,Unterkunft auf Bauernhof,Spanien,25,51
2009,Unterkunft auf Bauernhof,Steiermark,2349,11482
2009,Unterkunft auf Bauernhof,Südafrika,0,0
2009,Unterkunft auf Bauernhof,Südkorea,0,0
2009,Unterkunft auf Bauernhof,Südostasien,6,29
2009,Unterkunft auf Bauernhof,Taiwan,0,0
2009,Unterkunft auf Bauernhof,Tirol,632,3276
2009,Unterkunft auf Bauernhof,Tschechische Republik,1882,9321
2009,Unterkunft auf Bauernhof,Türkei,0,0
2009,Unterkunft auf Bauernhof,USA,38,244
2009,Unterkunft auf Bauernhof,Ukraine,13,67
2009,Unterkunft auf Bauernhof,Ungarn,1527,7656
2009,Unterkunft auf Bauernhof,Vereinigtes Königreich,95,763
2009,Unterkunft auf Bauernhof,Vorarlberg,240,1132
2009,Unterkunft auf Bauernhof,Wien,4597,32751
2009,Unterkunft auf Bauernhof,Zentral- und Südamerika,5,60
2009,Unterkunft auf Bauernhof,Zypern,0,0
2009,Unterkunft auf Bauernhof,ehem. Jugoslawien,98,779
2009,Unterkunft auf Bauernhof,Übriges Afrika,0,0
2009,Unterkunft auf Bauernhof,Übriges Asien,5,80
2009,Unterkunft auf Bauernhof,Übriges Ausland,45,265
2009,Unterkunft auf Bauernhof,übrige GUS,3,13
2010,Bewirtschaftete Schutzhütten,Australien,5,5
2010,Bewirtschaftete Schutzhütten,Baden Württemberg,473,593
2010,Bewirtschaftete Schutzhütten,Bayern,827,1209
2010,Bewirtschaftete Schutzhütten,Belgien,35,61
2010,Bewirtschaftete Schutzhütten,Berlin,418,442
2010,Bewirtschaftete Schutzhütten,Brasilien,2,2
2010,Bewirtschaftete Schutzhütten,Bulgarien,44,44
2010,Bewirtschaftete Schutzhütten,Burgenland,247,285
2010,Bewirtschaftete Schutzhütten,Frankreich,25,53
2010,Bewirtschaftete Schutzhütten,Israel,2,5
2010,Bewirtschaftete Schutzhütten,Italien,469,479
2010,Bewirtschaftete Schutzhütten,Japan,25,25
2010,Bewirtschaftete Schutzhütten,Kanada,4,16
2010,Bewirtschaftete Schutzhütten,Kroatien,173,173
2010,Bewirtschaftete Schutzhütten,Kärnten,2166,5431
2010,Bewirtschaftete Schutzhütten,Litauen,24,24
2010,Bewirtschaftete Schutzhütten,Luxemburg,16,16
2010,Bewirtschaftete Schutzhütten,Mitteldeutschland,484,793
2010,Bewirtschaftete Schutzhütten,Niederlande,687,756
2010,Bewirtschaftete Schutzhütten,Niederösterreich,775,971
2010,Bewirtschaftete Schutzhütten,Norddeutschland,599,745
2010,Bewirtschaftete Schutzhütten,Nordrhein-Westfalen,564,1205
2010,Bewirtschaftete Schutzhütten,Norwegen,3,8
2010,Bewirtschaftete Schutzhütten,Oberösterreich,775,1027
2010,Bewirtschaftete Schutzhütten,Ostdeutschland,754,1041
2010,Bewirtschaftete Schutzhütten,Polen,269,278
2010,Bewirtschaftete Schutzhütten,Rumänien,23,23
2010,Bewirtschaftete Schutzhütten,Salzburg,741,1384
2010,Bewirtschaftete Schutzhütten,Schweden,6,6
2010,Bewirtschaftete Schutzhütten,Schweiz und Liechtenstein,88,94
2010,Bewirtschaftete Schutzhütten,Slowakei,146,146
2010,Bewirtschaftete Schutzhütten,Slowenien,453,488
2010,Bewirtschaftete Schutzhütten,Spanien,4,8
2010,Bewirtschaftete Schutzhütten,Steiermark,1178,1456
2010,Bewirtschaftete Schutzhütten,Südkorea,2,4
2010,Bewirtschaftete Schutzhütten,Tirol,531,886
2010,Bewirtschaftete Schutzhütten,Tschechische Republik,822,923
2010,Bewirtschaftete Schutzhütten,USA,6,6
2010,Bewirtschaftete Schutzhütten,Ungarn,258,337
2010,Bewirtschaftete Schutzhütten,Vereinigtes Königreich,50,71
2010,Bewirtschaftete Schutzhütten,Vorarlberg,148,160
2010,Bewirtschaftete Schutzhütten,Wien,5149,5566
2010,Bewirtschaftete Schutzhütten,ehem. Jugoslawien,5,75
2010,Bewirtschaftete Schutzhütten,Übriges Ausland,81,165
2010,Campingplatz,Arabische Länder Asiens,4,13
2010,Campingplatz,Australien,139,183
2010,Campingplatz,Baden Württemberg,18336,110737
2010,Campingplatz,Bayern,43127,204212
2010,Campingplatz,Belgien,3613,21103
2010,Campingplatz,Berlin,2026,10899
2010,Campingplatz,Brasilien,0,0
2010,Campingplatz,Bulgarien,84,190
2010,Campingplatz,Burgenland,1269,5584
2010,Campingplatz,China,0,0
2010,Campingplatz,Dänemark,6984,32852
2010,Campingplatz,Estland,59,109
2010,Campingplatz,Finnland,250,438
2010,Campingplatz,Frankreich,1804,4460
2010,Campingplatz,Griechenland,80,235
2010,Campingplatz,Indien,5,5
2010,Campingplatz,Irland  (Republik),72,257
2010,Campingplatz,Island,31,36
2010,Campingplatz,Israel,121,151
2010,Campingplatz,Italien,19713,60136
2010,Campingplatz,Japan,4,52
2010,Campingplatz,Kanada,32,71
2010,Campingplatz,Kroatien,186,441
2010,Campingplatz,Kärnten,5602,32531
2010,Campingplatz,Lettland,79,135
2010,Campingplatz,Litauen,78,114
2010,Campingplatz,Luxemburg,136,469
2010,Campingplatz,Malta,15,146
2010,Campingplatz,Mitteldeutschland,12991,82077
2010,Campingplatz,Neuseeland,34,116
2010,Campingplatz,Niederlande,58642,503628
2010,Campingplatz,Niederösterreich,13227,76407
2010,Campingplatz,Norddeutschland,14017,88884
2010,Campingplatz,Nordrhein-Westfalen,22184,162888
2010,Campingplatz,Norwegen,428,1035
2010,Campingplatz,Oberösterreich,10328,60256
2010,Campingplatz,Ostdeutschland,8424,46446
2010,Campingplatz,Polen,1788,4508
2010,Campingplatz,Portugal,53,100
2010,Campingplatz,Rumänien,231,614
2010,Campingplatz,Russland,135,357
2010,Campingplatz,Salzburg,7322,35762
2010,Campingplatz,Saudi-Arabien,0,0
2010,Campingplatz,Schweden,1285,2701
2010,Campingplatz,Schweiz und Liechtenstein,4949,26881
2010,Campingplatz,Slowakei,352,824
2010,Campingplatz,Slowenien,1318,3114
2010,Campingplatz,Spanien,331,792
2010,Campingplatz,Steiermark,19673,111187
2010,Campingplatz,Südafrika,16,36
2010,Campingplatz,Südkorea,2,2
2010,Campingplatz,Südostasien,5,5
2010,Campingplatz,Taiwan,0,0
2010,Campingplatz,Tirol,4071,22381
2010,Campingplatz,Tschechische Republik,4364,11662
2010,Campingplatz,Türkei,13,15
2010,Campingplatz,USA,81,171
2010,Campingplatz,Ukraine,81,188
2010,Campingplatz,Ungarn,2160,5756
2010,Campingplatz,Vereinigte Arabische Emirate,12,14
2010,Campingplatz,Vereinigtes Königreich,1348,4579
2010,Campingplatz,Vorarlberg,1059,7284
2010,Campingplatz,Wien,11241,72145
2010,Campingplatz,Zentral- und Südamerika,49,295
2010,Campingplatz,Zypern,0,0
2010,Campingplatz,ehem. Jugoslawien,42,187
2010,Campingplatz,Übriges Afrika,62,143
2010,Campingplatz,Übriges Asien,5,5
2010,Campingplatz,Übriges Ausland,992,3871
2010,Campingplatz,übrige GUS,11,22
2010,Ferienwohnung,Arabische Länder Asiens,61,225
2010,Ferienwohnung,Australien,116,782
2010,Ferienwohnung,Baden Württemberg,13616,115828
2010,Ferienwohnung,Bayern,26720,184108
2010,Ferienwohnung,Belgien,2200,17723
2010,Ferienwohnung,Berlin,4107,39902
2010,Ferienwohnung,Brasilien,11,76
2010,Ferienwohnung,Bulgarien,278,1741
2010,Ferienwohnung,Burgenland,2912,15512
2010,Ferienwohnung,China,1288,1442
2010,Ferienwohnung,Dänemark,1140,6743
2010,Ferienwohnung,Estland,22,103
2010,Ferienwohnung,Finnland,189,1316
2010,Ferienwohnung,Frankreich,766,5350
2010,Ferienwohnung,Griechenland,105,633
2010,Ferienwohnung,Indien,5,35
2010,Ferienwohnung,Irland  (Republik),70,477
2010,Ferienwohnung,Island,15,97
2010,Ferienwohnung,Israel,284,1867
2010,Ferienwohnung,Italien,11903,67009
2010,Ferienwohnung,Japan,8,34
2010,Ferienwohnung,Kanada,150,831
2010,Ferienwohnung,Kroatien,9453,50411
2010,Ferienwohnung,Kärnten,8834,42456
2010,Ferienwohnung,Lettland,112,540
2010,Ferienwohnung,Litauen,75,414
2010,Ferienwohnung,Luxemburg,114,776
2010,Ferienwohnung,Malta,19,105
2010,Ferienwohnung,Mitteldeutschland,13942,120743
2010,Ferienwohnung,Neuseeland,7,76
2010,Ferienwohnung,Niederlande,24972,203241
2010,Ferienwohnung,Niederösterreich,26236,156990
2010,Ferienwohnung,Norddeutschland,12208,120925
2010,Ferienwohnung,Nordrhein-Westfalen,20577,218144
2010,Ferienwohnung,Norwegen,138,695
2010,Ferienwohnung,Oberösterreich,14652,82555
2010,Ferienwohnung,Ostdeutschland,13799,117687
2010,Ferienwohnung,Polen,7736,49431
2010,Ferienwohnung,Portugal,28,159
2010,Ferienwohnung,Rumänien,1749,11522
2010,Ferienwohnung,Russland,845,5631
2010,Ferienwohnung,Salzburg,5615,27365
2010,Ferienwohnung,Saudi-Arabien,5,22
2010,Ferienwohnung,Schweden,349,2045
2010,Ferienwohnung,Schweiz und Liechtenstein,2096,15684
2010,Ferienwohnung,Slowakei,3819,20089
2010,Ferienwohnung,Slowenien,9193,49650
2010,Ferienwohnung,Spanien,150,1142
2010,Ferienwohnung,Steiermark,16295,83236
2010,Ferienwohnung,Südafrika,24,154
2010,Ferienwohnung,Südkorea,3,9
2010,Ferienwohnung,Südostasien,16,146
2010,Ferienwohnung,Taiwan,2,16
2010,Ferienwohnung,Tirol,4674,24892
2010,Ferienwohnung,Tschechische Republik,18089,94401
2010,Ferienwohnung,Türkei,21,147
2010,Ferienwohnung,USA,297,1516
2010,Ferienwohnung,Ukraine,354,2744
2010,Ferienwohnung,Ungarn,16988,83816
2010,Ferienwohnung,Vereinigte Arabische Emirate,62,326
2010,Ferienwohnung,Vereinigtes Königreich,1099,7341
2010,Ferienwohnung,Vorarlberg,1676,10276
2010,Ferienwohnung,Wien,25453,175455
2010,Ferienwohnung,Zentral- und Südamerika,51,372
2010,Ferienwohnung,Zypern,8,26
2010,Ferienwohnung,ehem. Jugoslawien,2102,14169
2010,Ferienwohnung,Übriges Afrika,90,703
2010,Ferienwohnung,Übriges Asien,77,582
2010,Ferienwohnung,Übriges Ausland,572,3815
2010,Ferienwohnung,übrige GUS,27,208
2010,Hotel 1 oder 2*,Arabische Länder Asiens,16,85
2010,Hotel 1 oder 2*,Australien,109,218
2010,Hotel 1 oder 2*,Baden Württemberg,5273,25143
2010,Hotel 1 oder 2*,Bayern,12559,49651
2010,Hotel 1 oder 2*,Belgien,1130,5381
2010,Hotel 1 oder 2*,Berlin,1259,7245
2010,Hotel 1 oder 2*,Brasilien,27,43
2010,Hotel 1 oder 2*,Bulgarien,199,500
2010,Hotel 1 oder 2*,Burgenland,2626,9004
2010,Hotel 1 oder 2*,China,34,63
2010,Hotel 1 oder 2*,Dänemark,779,1851
2010,Hotel 1 oder 2*,Estland,9,38
2010,Hotel 1 oder 2*,Finnland,173,448
2010,Hotel 1 oder 2*,Frankreich,542,1465
2010,Hotel 1 oder 2*,Griechenland,78,272
2010,Hotel 1 oder 2*,Indien,14,45
2010,Hotel 1 oder 2*,Irland  (Republik),50,147
2010,Hotel 1 oder 2*,Island,2,2
2010,Hotel 1 oder 2*,Israel,197,576
2010,Hotel 1 oder 2*,Italien,11691,32682
2010,Hotel 1 oder 2*,Japan,28,72
2010,Hotel 1 oder 2*,Kanada,125,325
2010,Hotel 1 oder 2*,Kroatien,1355,5340
2010,Hotel 1 oder 2*,Kärnten,14909,50070
2010,Hotel 1 oder 2*,Lettland,51,122
2010,Hotel 1 oder 2*,Litauen,63,163
2010,Hotel 1 oder 2*,Luxemburg,51,205
2010,Hotel 1 oder 2*,Malta,10,106
2010,Hotel 1 oder 2*,Mitteldeutschland,5750,32693
2010,Hotel 1 oder 2*,Neuseeland,51,168
2010,Hotel 1 oder 2*,Niederlande,6183,26792
2010,Hotel 1 oder 2*,Niederösterreich,19817,72918
2010,Hotel 1 oder 2*,Norddeutschland,5302,31389
2010,Hotel 1 oder 2*,Nordrhein-Westfalen,8105,53927
2010,Hotel 1 oder 2*,Norwegen,141,226
2010,Hotel 1 oder 2*,Oberösterreich,12983,43555
2010,Hotel 1 oder 2*,Ostdeutschland,6275,31212
2010,Hotel 1 oder 2*,Polen,1974,6013
2010,Hotel 1 oder 2*,Portugal,32,108
2010,Hotel 1 oder 2*,Rumänien,1229,5413
2010,Hotel 1 oder 2*,Russland,444,1301
2010,Hotel 1 oder 2*,Salzburg,7046,21078
2010,Hotel 1 oder 2*,Saudi-Arabien,3,4
2010,Hotel 1 oder 2*,Schweden,423,880
2010,Hotel 1 oder 2*,Schweiz und Liechtenstein,2071,8107
2010,Hotel 1 oder 2*,Slowakei,1017,3478
2010,Hotel 1 oder 2*,Slowenien,2494,8338
2010,Hotel 1 oder 2*,Spanien,138,419
2010,Hotel 1 oder 2*,Steiermark,17258,48894
2010,Hotel 1 oder 2*,Südafrika,21,99
2010,Hotel 1 oder 2*,Südkorea,13,13
2010,Hotel 1 oder 2*,Südostasien,20,134
2010,Hotel 1 oder 2*,Taiwan,11,30
2010,Hotel 1 oder 2*,Tirol,5643,19221
2010,Hotel 1 oder 2*,Tschechische Republik,3478,12808
2010,Hotel 1 oder 2*,Türkei,40,87
2010,Hotel 1 oder 2*,USA,493,1900
2010,Hotel 1 oder 2*,Ukraine,146,544
2010,Hotel 1 oder 2*,Ungarn,8124,35296
2010,Hotel 1 oder 2*,Vereinigte Arabische Emirate,20,36
2010,Hotel 1 oder 2*,Vereinigtes Königreich,986,5080
2010,Hotel 1 oder 2*,Vorarlberg,1485,5460
2010,Hotel 1 oder 2*,Wien,18283,79577
2010,Hotel 1 oder 2*,Zentral- und Südamerika,53,195
2010,Hotel 1 oder 2*,Zypern,2,4
2010,Hotel 1 oder 2*,ehem. Jugoslawien,248,1045
2010,Hotel 1 oder 2*,Übriges Afrika,73,590
2010,Hotel 1 oder 2*,Übriges Asien,20,76
2010,Hotel 1 oder 2*,Übriges Ausland,378,1520
2010,Hotel 1 oder 2*,übrige GUS,56,83
2010,Hotel 3*,Arabische Länder Asiens,150,565
2010,Hotel 3*,Australien,474,1307
2010,Hotel 3*,Baden Württemberg,21540,99673
2010,Hotel 3*,Bayern,50778,199807
2010,Hotel 3*,Belgien,6807,36964
2010,Hotel 3*,Berlin,5034,27317
2010,Hotel 3*,Brasilien,95,242
2010,Hotel 3*,Bulgarien,684,2283
2010,Hotel 3*,Burgenland,10187,31620
2010,Hotel 3*,China,5821,6383
2010,Hotel 3*,Dänemark,3670,14216
2010,Hotel 3*,Estland,91,153
2010,Hotel 3*,Finnland,675,1945
2010,Hotel 3*,Frankreich,3208,9256
2010,Hotel 3*,Griechenland,404,1326
2010,Hotel 3*,Indien,117,456
2010,Hotel 3*,Irland  (Republik),251,1073
2010,Hotel 3*,Island,39,114
2010,Hotel 3*,Israel,538,1272
2010,Hotel 3*,Italien,45294,109879
2010,Hotel 3*,Japan,155,448
2010,Hotel 3*,Kanada,466,1214
2010,Hotel 3*,Kroatien,4997,17884
2010,Hotel 3*,Kärnten,36045,88778
2010,Hotel 3*,Lettland,419,943
2010,Hotel 3*,Litauen,279,502
2010,Hotel 3*,Luxemburg,286,1083
2010,Hotel 3*,Malta,22,34
2010,Hotel 3*,Mitteldeutschland,24864,117557
2010,Hotel 3*,Neuseeland,129,272
2010,Hotel 3*,Niederlande,24146,113581
2010,Hotel 3*,Niederösterreich,60552,208698
2010,Hotel 3*,Norddeutschland,17949,100484
2010,Hotel 3*,Nordrhein-Westfalen,27581,163893
2010,Hotel 3*,Norwegen,718,1394
2010,Hotel 3*,Oberösterreich,44910,139976
2010,Hotel 3*,Ostdeutschland,29712,148475
2010,Hotel 3*,Polen,12496,44476
2010,Hotel 3*,Portugal,126,481
2010,Hotel 3*,Rumänien,4444,15352
2010,Hotel 3*,Russland,3868,9083
2010,Hotel 3*,Salzburg,19248,51324
2010,Hotel 3*,Saudi-Arabien,6,18
2010,Hotel 3*,Schweden,2273,6040
2010,Hotel 3*,Schweiz und Liechtenstein,9410,33199
2010,Hotel 3*,Slowakei,4265,14968
2010,Hotel 3*,Slowenien,6243,16498
2010,Hotel 3*,Spanien,890,1908
2010,Hotel 3*,Steiermark,54419,139683
2010,Hotel 3*,Südafrika,99,250
2010,Hotel 3*,Südkorea,60,119
2010,Hotel 3*,Südostasien,111,379
2010,Hotel 3*,Taiwan,756,878
2010,Hotel 3*,Tirol,19430,57072
2010,Hotel 3*,Tschechische Republik,11575,40198
2010,Hotel 3*,Türkei,182,538
2010,Hotel 3*,USA,1781,5896
2010,Hotel 3*,Ukraine,2974,4862
2010,Hotel 3*,Ungarn,20044,74230
2010,Hotel 3*,Vereinigte Arabische Emirate,88,399
2010,Hotel 3*,Vereinigtes Königreich,4227,17686
2010,Hotel 3*,Vorarlberg,5702,19275
2010,Hotel 3*,Wien,59518,205369
2010,Hotel 3*,Zentral- und Südamerika,238,795
2010,Hotel 3*,Zypern,15,43
2010,Hotel 3*,ehem. Jugoslawien,885,3163
2010,Hotel 3*,Übriges Afrika,156,584
2010,Hotel 3*,Übriges Asien,95,141
2010,Hotel 3*,Übriges Ausland,3034,7656
2010,Hotel 3*,übrige GUS,296,692
2010,Hotel 4*,Arabische Länder Asiens,349,1282
2010,Hotel 4*,Australien,557,1649
2010,Hotel 4*,Baden Württemberg,25051,130259
2010,Hotel 4*,Bayern,72340,313674
2010,Hotel 4*,Belgien,9819,63308
2010,Hotel 4*,Berlin,8466,43357
2010,Hotel 4*,Brasilien,153,347
2010,Hotel 4*,Bulgarien,763,3334
2010,Hotel 4*,Burgenland,13291,50011
2010,Hotel 4*,China,4335,4879
2010,Hotel 4*,Dänemark,1778,5953
2010,Hotel 4*,Estland,104,410
2010,Hotel 4*,Finnland,651,1416
2010,Hotel 4*,Frankreich,6268,14107
2010,Hotel 4*,Griechenland,880,1945
2010,Hotel 4*,Indien,135,339
2010,Hotel 4*,Irland  (Republik),328,1406
2010,Hotel 4*,Island,73,157
2010,Hotel 4*,Israel,688,2208
2010,Hotel 4*,Italien,78291,227291
2010,Hotel 4*,Japan,2151,3653
2010,Hotel 4*,Kanada,670,1853
2010,Hotel 4*,Kroatien,7462,27027
2010,Hotel 4*,Kärnten,61078,198515
2010,Hotel 4*,Lettland,84,151
2010,Hotel 4*,Litauen,232,682
2010,Hotel 4*,Luxemburg,859,5180
2010,Hotel 4*,Malta,92,205
2010,Hotel 4*,Mitteldeutschland,30263,160949
2010,Hotel 4*,Neuseeland,61,145
2010,Hotel 4*,Niederlande,13965,74614
2010,Hotel 4*,Niederösterreich,67810,276327
2010,Hotel 4*,Norddeutschland,20796,125328
2010,Hotel 4*,Nordrhein-Westfalen,30021,192749
2010,Hotel 4*,Norwegen,798,2055
2010,Hotel 4*,Oberösterreich,43890,160135
2010,Hotel 4*,Ostdeutschland,21847,122230
2010,Hotel 4*,Polen,7662,33276
2010,Hotel 4*,Portugal,512,1053
2010,Hotel 4*,Rumänien,2441,8986
2010,Hotel 4*,Russland,8911,19046
2010,Hotel 4*,Salzburg,27051,85068
2010,Hotel 4*,Saudi-Arabien,46,113
2010,Hotel 4*,Schweden,1536,3607
2010,Hotel 4*,Schweiz und Liechtenstein,12327,45009
2010,Hotel 4*,Slowakei,4205,14800
2010,Hotel 4*,Slowenien,5211,15899
2010,Hotel 4*,Spanien,3269,7934
2010,Hotel 4*,Steiermark,71549,252359
2010,Hotel 4*,Südafrika,130,498
2010,Hotel 4*,Südkorea,236,476
2010,Hotel 4*,Südostasien,852,2018
2010,Hotel 4*,Taiwan,999,1121
2010,Hotel 4*,Tirol,23505,84231
2010,Hotel 4*,Tschechische Republik,11544,45129
2010,Hotel 4*,Türkei,580,2481
2010,Hotel 4*,USA,3483,10131
2010,Hotel 4*,Ukraine,6037,8493
2010,Hotel 4*,Ungarn,12308,53769
2010,Hotel 4*,Vereinigte Arabische Emirate,129,452
2010,Hotel 4*,Vereinigtes Königreich,6975,29749
2010,Hotel 4*,Vorarlberg,5741,21526
2010,Hotel 4*,Wien,94490,330103
2010,Hotel 4*,Zentral- und Südamerika,425,1139
2010,Hotel 4*,Zypern,28,74
2010,Hotel 4*,ehem. Jugoslawien,2841,11177
2010,Hotel 4*,Übriges Afrika,605,4418
2010,Hotel 4*,Übriges Asien,519,699
2010,Hotel 4*,Übriges Ausland,7299,21044
2010,Hotel 4*,übrige GUS,202,712
2010,Hotel 4* Superior,Arabische Länder Asiens,132,314
2010,Hotel 4* Superior,Australien,61,121
2010,Hotel 4* Superior,Baden Württemberg,2008,10738
2010,Hotel 4* Superior,Bayern,7537,29491
2010,Hotel 4* Superior,Belgien,270,1085
2010,Hotel 4* Superior,Berlin,578,2202
2010,Hotel 4* Superior,Brasilien,9,70
2010,Hotel 4* Superior,Bulgarien,158,792
2010,Hotel 4* Superior,Burgenland,711,2323
2010,Hotel 4* Superior,China,553,870
2010,Hotel 4* Superior,Dänemark,59,150
2010,Hotel 4* Superior,Estland,3,3
2010,Hotel 4* Superior,Finnland,36,67
2010,Hotel 4* Superior,Frankreich,419,1568
2010,Hotel 4* Superior,Griechenland,18,27
2010,Hotel 4* Superior,Indien,21,88
2010,Hotel 4* Superior,Irland  (Republik),29,131
2010,Hotel 4* Superior,Israel,23,55
2010,Hotel 4* Superior,Italien,4920,9751
2010,Hotel 4* Superior,Japan,148,570
2010,Hotel 4* Superior,Kanada,65,233
2010,Hotel 4* Superior,Kroatien,131,378
2010,Hotel 4* Superior,Kärnten,6039,15087
2010,Hotel 4* Superior,Lettland,7,49
2010,Hotel 4* Superior,Litauen,4,8
2010,Hotel 4* Superior,Luxemburg,42,152
2010,Hotel 4* Superior,Malta,3,15
2010,Hotel 4* Superior,Mitteldeutschland,2412,13280
2010,Hotel 4* Superior,Neuseeland,24,71
2010,Hotel 4* Superior,Niederlande,702,2789
2010,Hotel 4* Superior,Niederösterreich,4304,14040
2010,Hotel 4* Superior,Norddeutschland,1584,8892
2010,Hotel 4* Superior,Nordrhein-Westfalen,2474,15566
2010,Hotel 4* Superior,Norwegen,98,290
2010,Hotel 4* Superior,Oberösterreich,2767,7782
2010,Hotel 4* Superior,Ostdeutschland,1105,4723
2010,Hotel 4* Superior,Polen,179,506
2010,Hotel 4* Superior,Portugal,11,37
2010,Hotel 4* Superior,Rumänien,455,1397
2010,Hotel 4* Superior,Russland,625,1132
2010,Hotel 4* Superior,Salzburg,2091,5514
2010,Hotel 4* Superior,Schweden,107,328
2010,Hotel 4* Superior,Schweiz und Liechtenstein,1162,4896
2010,Hotel 4* Superior,Slowakei,273,401
2010,Hotel 4* Superior,Slowenien,101,281
2010,Hotel 4* Superior,Spanien,251,524
2010,Hotel 4* Superior,Steiermark,5354,12710
2010,Hotel 4* Superior,Südafrika,12,54
2010,Hotel 4* Superior,Südkorea,53,239
2010,Hotel 4* Superior,Südostasien,157,660
2010,Hotel 4* Superior,Taiwan,45,230
2010,Hotel 4* Superior,Tirol,2309,6164
2010,Hotel 4* Superior,Tschechische Republik,321,868
2010,Hotel 4* Superior,Türkei,35,85
2010,Hotel 4* Superior,USA,1169,3986
2010,Hotel 4* Superior,Ukraine,45,203
2010,Hotel 4* Superior,Ungarn,433,1157
2010,Hotel 4* Superior,Vereinigtes Königreich,1197,2371
2010,Hotel 4* Superior,Vorarlberg,759,1872
2010,Hotel 4* Superior,Wien,7661,20674
2010,Hotel 4* Superior,Zentral- und Südamerika,47,94
2010,Hotel 4* Superior,Zypern,4,4
2010,Hotel 4* Superior,ehem. Jugoslawien,134,325
2010,Hotel 4* Superior,Übriges Afrika,25,154
2010,Hotel 4* Superior,Übriges Asien,37,50
2010,Hotel 4* Superior,Übriges Ausland,132,616
2010,Hotel 4* Superior,übrige GUS,20,28
2010,Hotel 5*,Arabische Länder Asiens,191,746
2010,Hotel 5*,Australien,31,138
2010,Hotel 5*,Baden Württemberg,550,3108
2010,Hotel 5*,Bayern,2323,10116
2010,Hotel 5*,Belgien,56,175
2010,Hotel 5*,Berlin,167,742
2010,Hotel 5*,Brasilien,0,0
2010,Hotel 5*,Bulgarien,35,127
2010,Hotel 5*,Burgenland,308,1271
2010,Hotel 5*,China,24,89
2010,Hotel 5*,Dänemark,88,356
2010,Hotel 5*,Estland,0,0
2010,Hotel 5*,Finnland,3,9
2010,Hotel 5*,Frankreich,151,598
2010,Hotel 5*,Griechenland,14,52
2010,Hotel 5*,Indien,19,39
2010,Hotel 5*,Irland  (Republik),7,14
2010,Hotel 5*,Island,3,12
2010,Hotel 5*,Israel,29,125
2010,Hotel 5*,Italien,6961,21182
2010,Hotel 5*,Japan,9,9
2010,Hotel 5*,Kanada,59,146
2010,Hotel 5*,Kroatien,195,716
2010,Hotel 5*,Kärnten,3046,6600
2010,Hotel 5*,Lettland,7,37
2010,Hotel 5*,Litauen,6,6
2010,Hotel 5*,Luxemburg,36,208
2010,Hotel 5*,Malta,0,0
2010,Hotel 5*,Mitteldeutschland,1054,5464
2010,Hotel 5*,Neuseeland,1,2
2010,Hotel 5*,Niederlande,161,829
2010,Hotel 5*,Niederösterreich,2204,9515
2010,Hotel 5*,Norddeutschland,686,3775
2010,Hotel 5*,Nordrhein-Westfalen,951,5346
2010,Hotel 5*,Norwegen,10,23
2010,Hotel 5*,Oberösterreich,1251,5074
2010,Hotel 5*,Ostdeutschland,252,1211
2010,Hotel 5*,Polen,229,997
2010,Hotel 5*,Portugal,2,8
2010,Hotel 5*,Rumänien,138,787
2010,Hotel 5*,Russland,1006,6510
2010,Hotel 5*,Salzburg,1289,4438
2010,Hotel 5*,Saudi-Arabien,0,0
2010,Hotel 5*,Schweden,43,164
2010,Hotel 5*,Schweiz und Liechtenstein,468,2011
2010,Hotel 5*,Slowakei,94,324
2010,Hotel 5*,Slowenien,348,1089
2010,Hotel 5*,Spanien,39,126
2010,Hotel 5*,Steiermark,2396,6714
2010,Hotel 5*,Südafrika,13,44
2010,Hotel 5*,Südkorea,5,7
2010,Hotel 5*,Südostasien,33,76
2010,Hotel 5*,Taiwan,0,0
2010,Hotel 5*,Tirol,936,3032
2010,Hotel 5*,Tschechische Republik,136,652
2010,Hotel 5*,Türkei,15,74
2010,Hotel 5*,USA,543,1448
2010,Hotel 5*,Ukraine,164,923
2010,Hotel 5*,Ungarn,266,997
2010,Hotel 5*,Vereinigte Arabische Emirate,74,178
2010,Hotel 5*,Vereinigtes Königreich,618,1745
2010,Hotel 5*,Vorarlberg,195,727
2010,Hotel 5*,Wien,5042,21094
2010,Hotel 5*,Zentral- und Südamerika,44,64
2010,Hotel 5*,Zypern,0,0
2010,Hotel 5*,ehem. Jugoslawien,239,1278
2010,Hotel 5*,Übriges Afrika,35,150
2010,Hotel 5*,Übriges Asien,22,126
2010,Hotel 5*,Übriges Ausland,10,22
2010,Hotel 5*,übrige GUS,17,58
2010,Jugendherbergen u. -gästehäuser,Arabische Länder Asiens,4,10
2010,Jugendherbergen u. -gästehäuser,Australien,33,65
2010,Jugendherbergen u. -gästehäuser,Baden Württemberg,768,1716
2010,Jugendherbergen u. -gästehäuser,Bayern,1590,3811
2010,Jugendherbergen u. -gästehäuser,Belgien,105,195
2010,Jugendherbergen u. -gästehäuser,Berlin,145,302
2010,Jugendherbergen u. -gästehäuser,Brasilien,0,0
2010,Jugendherbergen u. -gästehäuser,Bulgarien,30,97
2010,Jugendherbergen u. -gästehäuser,Burgenland,455,1062
2010,Jugendherbergen u. -gästehäuser,China,20,31
2010,Jugendherbergen u. -gästehäuser,Dänemark,76,115
2010,Jugendherbergen u. -gästehäuser,Estland,120,304
2010,Jugendherbergen u. -gästehäuser,Finnland,49,133
2010,Jugendherbergen u. -gästehäuser,Frankreich,261,535
2010,Jugendherbergen u. -gästehäuser,Griechenland,28,55
2010,Jugendherbergen u. -gästehäuser,Indien,23,34
2010,Jugendherbergen u. -gästehäuser,Irland  (Republik),74,440
2010,Jugendherbergen u. -gästehäuser,Island,0,0
2010,Jugendherbergen u. -gästehäuser,Israel,31,40
2010,Jugendherbergen u. -gästehäuser,Italien,1784,3178
2010,Jugendherbergen u. -gästehäuser,Japan,42,72
2010,Jugendherbergen u. -gästehäuser,Kanada,74,186
2010,Jugendherbergen u. -gästehäuser,Kroatien,359,845
2010,Jugendherbergen u. -gästehäuser,Kärnten,8649,22995
2010,Jugendherbergen u. -gästehäuser,Lettland,72,72
2010,Jugendherbergen u. -gästehäuser,Litauen,92,92
2010,Jugendherbergen u. -gästehäuser,Luxemburg,25,115
2010,Jugendherbergen u. -gästehäuser,Malta,6,23
2010,Jugendherbergen u. -gästehäuser,Mitteldeutschland,1288,2324
2010,Jugendherbergen u. -gästehäuser,Neuseeland,18,24
2010,Jugendherbergen u. -gästehäuser,Niederlande,832,2741
2010,Jugendherbergen u. -gästehäuser,Niederösterreich,3294,10756
2010,Jugendherbergen u. -gästehäuser,Norddeutschland,550,1374
2010,Jugendherbergen u. -gästehäuser,Nordrhein-Westfalen,802,1884
2010,Jugendherbergen u. -gästehäuser,Norwegen,25,25
2010,Jugendherbergen u. -gästehäuser,Oberösterreich,3304,8185
2010,Jugendherbergen u. -gästehäuser,Ostdeutschland,517,1188
2010,Jugendherbergen u. -gästehäuser,Polen,930,1472
2010,Jugendherbergen u. -gästehäuser,Portugal,18,22
2010,Jugendherbergen u. -gästehäuser,Rumänien,694,1448
2010,Jugendherbergen u. -gästehäuser,Russland,192,260
2010,Jugendherbergen u. -gästehäuser,Salzburg,1830,4751
2010,Jugendherbergen u. -gästehäuser,Saudi-Arabien,0,0
2010,Jugendherbergen u. -gästehäuser,Schweden,55,63
2010,Jugendherbergen u. -gästehäuser,Schweiz und Liechtenstein,368,524
2010,Jugendherbergen u. -gästehäuser,Slowakei,286,795
2010,Jugendherbergen u. -gästehäuser,Slowenien,503,938
2010,Jugendherbergen u. -gästehäuser,Spanien,118,224
2010,Jugendherbergen u. -gästehäuser,Steiermark,4929,11188
2010,Jugendherbergen u. -gästehäuser,Südafrika,0,0
2010,Jugendherbergen u. -gästehäuser,Südkorea,5,5
2010,Jugendherbergen u. -gästehäuser,Südostasien,4,12
2010,Jugendherbergen u. -gästehäuser,Taiwan,3,3
2010,Jugendherbergen u. -gästehäuser,Tirol,1048,2089
2010,Jugendherbergen u. -gästehäuser,Tschechische Republik,687,1226
2010,Jugendherbergen u. -gästehäuser,Türkei,8,14
2010,Jugendherbergen u. -gästehäuser,USA,127,167
2010,Jugendherbergen u. -gästehäuser,Ukraine,118,311
2010,Jugendherbergen u. -gästehäuser,Ungarn,1158,3506
2010,Jugendherbergen u. -gästehäuser,Vereinigte Arabische Emirate,0,0
2010,Jugendherbergen u. -gästehäuser,Vereinigtes Königreich,256,742
2010,Jugendherbergen u. -gästehäuser,Vorarlberg,637,1354
2010,Jugendherbergen u. -gästehäuser,Wien,4725,14057
2010,Jugendherbergen u. -gästehäuser,Zentral- und Südamerika,21,31
2010,Jugendherbergen u. -gästehäuser,Zypern,2,4
2010,Jugendherbergen u. -gästehäuser,ehem. Jugoslawien,60,93
2010,Jugendherbergen u. -gästehäuser,Übriges Afrika,2,2
2010,Jugendherbergen u. -gästehäuser,Übriges Asien,0,0
2010,Jugendherbergen u. -gästehäuser,Übriges Ausland,656,1031
2010,Jugendherbergen u. -gästehäuser,übrige GUS,0,0
2010,Kinder- u. Jugenderholungsheime,Bayern,128,640
2010,Kinder- u. Jugenderholungsheime,Belgien,373,2250
2010,Kinder- u. Jugenderholungsheime,Burgenland,146,1053
2010,Kinder- u. Jugenderholungsheime,Dänemark,309,1196
2010,Kinder- u. Jugenderholungsheime,Frankreich,0,2400
2010,Kinder- u. Jugenderholungsheime,Italien,7,21
2010,Kinder- u. Jugenderholungsheime,Kroatien,212,1273
2010,Kinder- u. Jugenderholungsheime,Kärnten,1444,7313
2010,Kinder- u. Jugenderholungsheime,Niederösterreich,1038,6402
2010,Kinder- u. Jugenderholungsheime,Norddeutschland,72,504
2010,Kinder- u. Jugenderholungsheime,Nordrhein-Westfalen,145,1015
2010,Kinder- u. Jugenderholungsheime,Oberösterreich,313,1885
2010,Kinder- u. Jugenderholungsheime,Polen,255,1971
2010,Kinder- u. Jugenderholungsheime,Salzburg,267,1494
2010,Kinder- u. Jugenderholungsheime,Slowenien,48,134
2010,Kinder- u. Jugenderholungsheime,Steiermark,1507,17790
2010,Kinder- u. Jugenderholungsheime,Tirol,122,1038
2010,Kinder- u. Jugenderholungsheime,Tschechische Republik,131,655
2010,Kinder- u. Jugenderholungsheime,Vereinigtes Königreich,731,4462
2010,Kinder- u. Jugenderholungsheime,Wien,2165,13955
2010,Kurheim der Sozialversich.träger,Baden Württemberg,1,18
2010,Kurheim der Sozialversich.träger,Burgenland,124,2508
2010,Kurheim der Sozialversich.träger,Italien,2,42
2010,Kurheim der Sozialversich.träger,Kärnten,2034,42247
2010,Kurheim der Sozialversich.träger,Niederösterreich,433,8402
2010,Kurheim der Sozialversich.träger,Oberösterreich,131,2648
2010,Kurheim der Sozialversich.träger,Salzburg,136,2700
2010,Kurheim der Sozialversich.träger,Steiermark,1836,37325
2010,Kurheim der Sozialversich.träger,Tirol,111,2256
2010,Kurheim der Sozialversich.träger,Vorarlberg,18,347
2010,Kurheim der Sozialversich.träger,Wien,498,9232
2010,Kurheim der Sozialversich.träger,übrige GUS,13,225
2010,Private u. öffentl. Kurheime,Arabische Länder Asiens,67,1042
2010,Private u. öffentl. Kurheime,Australien,7,108
2010,Private u. öffentl. Kurheime,Baden Württemberg,70,650
2010,Private u. öffentl. Kurheime,Bayern,394,3977
2010,Private u. öffentl. Kurheime,Belgien,4,44
2010,Private u. öffentl. Kurheime,Berlin,29,310
2010,Private u. öffentl. Kurheime,Bulgarien,2,8
2010,Private u. öffentl. Kurheime,Burgenland,235,3401
2010,Private u. öffentl. Kurheime,China,3,45
2010,Private u. öffentl. Kurheime,Dänemark,7,81
2010,Private u. öffentl. Kurheime,Finnland,15,170
2010,Private u. öffentl. Kurheime,Frankreich,31,250
2010,Private u. öffentl. Kurheime,Griechenland,45,470
2010,Private u. öffentl. Kurheime,Indien,7,112
2010,Private u. öffentl. Kurheime,Irland  (Republik),34,310
2010,Private u. öffentl. Kurheime,Island,1,7
2010,Private u. öffentl. Kurheime,Israel,9,81
2010,Private u. öffentl. Kurheime,Italien,154,761
2010,Private u. öffentl. Kurheime,Japan,1,11
2010,Private u. öffentl. Kurheime,Kanada,6,71
2010,Private u. öffentl. Kurheime,Kroatien,1,16
2010,Private u. öffentl. Kurheime,Kärnten,586,8428
2010,Private u. öffentl. Kurheime,Luxemburg,1,7
2010,Private u. öffentl. Kurheime,Mitteldeutschland,135,1477
2010,Private u. öffentl. Kurheime,Neuseeland,1,7
2010,Private u. öffentl. Kurheime,Niederlande,21,162
2010,Private u. öffentl. Kurheime,Niederösterreich,2479,28718
2010,Private u. öffentl. Kurheime,Norddeutschland,101,1260
2010,Private u. öffentl. Kurheime,Nordrhein-Westfalen,107,1264
2010,Private u. öffentl. Kurheime,Norwegen,3,22
2010,Private u. öffentl. Kurheime,Oberösterreich,996,12492
2010,Private u. öffentl. Kurheime,Ostdeutschland,54,509
2010,Private u. öffentl. Kurheime,Polen,3,6
2010,Private u. öffentl. Kurheime,Rumänien,10,48
2010,Private u. öffentl. Kurheime,Russland,37,423
2010,Private u. öffentl. Kurheime,Salzburg,590,7925
2010,Private u. öffentl. Kurheime,Schweden,15,155
2010,Private u. öffentl. Kurheime,Schweiz und Liechtenstein,101,931
2010,Private u. öffentl. Kurheime,Slowakei,28,243
2010,Private u. öffentl. Kurheime,Slowenien,9,55
2010,Private u. öffentl. Kurheime,Spanien,5,57
2010,Private u. öffentl. Kurheime,Steiermark,1093,14699
2010,Private u. öffentl. Kurheime,Südafrika,7,89
2010,Private u. öffentl. Kurheime,Südostasien,2,21
2010,Private u. öffentl. Kurheime,Tirol,676,8844
2010,Private u. öffentl. Kurheime,Tschechische Republik,58,390
2010,Private u. öffentl. Kurheime,Türkei,28,253
2010,Private u. öffentl. Kurheime,USA,66,784
2010,Private u. öffentl. Kurheime,Ukraine,29,272
2010,Private u. öffentl. Kurheime,Ungarn,12,93
2010,Private u. öffentl. Kurheime,Vereinigtes Königreich,789,7566
2010,Private u. öffentl. Kurheime,Vorarlberg,223,2373
2010,Private u. öffentl. Kurheime,Wien,8065,45333
2010,Private u. öffentl. Kurheime,Zentral- und Südamerika,19,199
2010,Private u. öffentl. Kurheime,Zypern,1,11
2010,Private u. öffentl. Kurheime,Übriges Afrika,149,1427
2010,Private u. öffentl. Kurheime,Übriges Asien,4,111
2010,Private u. öffentl. Kurheime,Übriges Ausland,72,494
2010,Private u. öffentl. Kurheime,übrige GUS,26,203
2010,Sonstige Unterkunft,Arabische Länder Asiens,13,173
2010,Sonstige Unterkunft,Australien,60,275
2010,Sonstige Unterkunft,Baden Württemberg,3748,24193
2010,Sonstige Unterkunft,Bayern,7619,35199
2010,Sonstige Unterkunft,Belgien,616,3921
2010,Sonstige Unterkunft,Berlin,1004,7768
2010,Sonstige Unterkunft,Brasilien,0,0
2010,Sonstige Unterkunft,Bulgarien,176,418
2010,Sonstige Unterkunft,Burgenland,2568,6713
2010,Sonstige Unterkunft,China,246,408
2010,Sonstige Unterkunft,Dänemark,282,730
2010,Sonstige Unterkunft,Estland,14,24
2010,Sonstige Unterkunft,Finnland,91,426
2010,Sonstige Unterkunft,Frankreich,338,1575
2010,Sonstige Unterkunft,Griechenland,33,72
2010,Sonstige Unterkunft,Indien,10,76
2010,Sonstige Unterkunft,Irland  (Republik),87,258
2010,Sonstige Unterkunft,Island,0,8
2010,Sonstige Unterkunft,Israel,79,344
2010,Sonstige Unterkunft,Italien,5139,15192
2010,Sonstige Unterkunft,Japan,7,73
2010,Sonstige Unterkunft,Kanada,46,187
2010,Sonstige Unterkunft,Kroatien,590,2725
2010,Sonstige Unterkunft,Kärnten,11943,39527
2010,Sonstige Unterkunft,Lettland,20,44
2010,Sonstige Unterkunft,Litauen,25,43
2010,Sonstige Unterkunft,Luxemburg,58,346
2010,Sonstige Unterkunft,Malta,33,199
2010,Sonstige Unterkunft,Mitteldeutschland,3819,23915
2010,Sonstige Unterkunft,Neuseeland,11,25
2010,Sonstige Unterkunft,Niederlande,3752,21034
2010,Sonstige Unterkunft,Niederösterreich,15171,59092
2010,Sonstige Unterkunft,Norddeutschland,3360,25568
2010,Sonstige Unterkunft,Nordrhein-Westfalen,6126,47700
2010,Sonstige Unterkunft,Norwegen,70,125
2010,Sonstige Unterkunft,Oberösterreich,10740,44097
2010,Sonstige Unterkunft,Ostdeutschland,3601,20347
2010,Sonstige Unterkunft,Polen,2799,15834
2010,Sonstige Unterkunft,Portugal,9,25
2010,Sonstige Unterkunft,Rumänien,673,4476
2010,Sonstige Unterkunft,Russland,200,1554
2010,Sonstige Unterkunft,Salzburg,5926,17859
2010,Sonstige Unterkunft,Saudi-Arabien,5,30
2010,Sonstige Unterkunft,Schweden,177,435
2010,Sonstige Unterkunft,Schweiz und Liechtenstein,829,4035
2010,Sonstige Unterkunft,Slowakei,455,1869
2010,Sonstige Unterkunft,Slowenien,2196,4461
2010,Sonstige Unterkunft,Spanien,43,227
2010,Sonstige Unterkunft,Steiermark,13339,44224
2010,Sonstige Unterkunft,Südafrika,2,7
2010,Sonstige Unterkunft,Südkorea,0,0
2010,Sonstige Unterkunft,Südostasien,80,321
2010,Sonstige Unterkunft,Taiwan,2,6
2010,Sonstige Unterkunft,Tirol,4632,15414
2010,Sonstige Unterkunft,Tschechische Republik,1514,5780
2010,Sonstige Unterkunft,Türkei,12,27
2010,Sonstige Unterkunft,USA,162,910
2010,Sonstige Unterkunft,Ukraine,51,329
2010,Sonstige Unterkunft,Ungarn,8763,40025
2010,Sonstige Unterkunft,Vereinigte Arabische Emirate,1,4
2010,Sonstige Unterkunft,Vereinigtes Königreich,996,5853
2010,Sonstige Unterkunft,Vorarlberg,1905,4996
2010,Sonstige Unterkunft,Wien,17703,81347
2010,Sonstige Unterkunft,Zentral- und Südamerika,48,362
2010,Sonstige Unterkunft,Zypern,2,6
2010,Sonstige Unterkunft,ehem. Jugoslawien,177,1029
2010,Sonstige Unterkunft,Übriges Afrika,1,2
2010,Sonstige Unterkunft,Übriges Asien,12,44
2010,Sonstige Unterkunft,Übriges Ausland,451,856
2010,Sonstige Unterkunft,übrige GUS,56,304
2010,Unterkunft auf Bauernhof,Arabische Länder Asiens,7,17
2010,Unterkunft auf Bauernhof,Australien,8,22
2010,Unterkunft auf Bauernhof,Baden Württemberg,2993,25815
2010,Unterkunft auf Bauernhof,Bayern,6056,42200
2010,Unterkunft auf Bauernhof,Belgien,421,3948
2010,Unterkunft auf Bauernhof,Berlin,1056,10961
2010,Unterkunft auf Bauernhof,Brasilien,1,2
2010,Unterkunft auf Bauernhof,Bulgarien,32,108
2010,Unterkunft auf Bauernhof,Burgenland,531,2517
2010,Unterkunft auf Bauernhof,China,7,50
2010,Unterkunft auf Bauernhof,Dänemark,72,466
2010,Unterkunft auf Bauernhof,Estland,0,0
2010,Unterkunft auf Bauernhof,Finnland,24,196
2010,Unterkunft auf Bauernhof,Frankreich,132,776
2010,Unterkunft auf Bauernhof,Griechenland,2,2
2010,Unterkunft auf Bauernhof,Indien,3,21
2010,Unterkunft auf Bauernhof,Irland  (Republik),6,24
2010,Unterkunft auf Bauernhof,Island,0,0
2010,Unterkunft auf Bauernhof,Israel,32,166
2010,Unterkunft auf Bauernhof,Italien,1802,8866
2010,Unterkunft auf Bauernhof,Japan,1,1
2010,Unterkunft auf Bauernhof,Kanada,19,133
2010,Unterkunft auf Bauernhof,Kroatien,589,2665
2010,Unterkunft auf Bauernhof,Kärnten,2044,7012
2010,Unterkunft auf Bauernhof,Lettland,12,33
2010,Unterkunft auf Bauernhof,Litauen,24,172
2010,Unterkunft auf Bauernhof,Luxemburg,14,121
2010,Unterkunft auf Bauernhof,Malta,0,0
2010,Unterkunft auf Bauernhof,Mitteldeutschland,2907,27499
2010,Unterkunft auf Bauernhof,Neuseeland,7,13
2010,Unterkunft auf Bauernhof,Niederlande,1996,17801
2010,Unterkunft auf Bauernhof,Niederösterreich,4449,26803
2010,Unterkunft auf Bauernhof,Norddeutschland,2364,23234
2010,Unterkunft auf Bauernhof,Nordrhein-Westfalen,4397,45970
2010,Unterkunft auf Bauernhof,Norwegen,27,126
2010,Unterkunft auf Bauernhof,Oberösterreich,2237,11518
2010,Unterkunft auf Bauernhof,Ostdeutschland,3160,26960
2010,Unterkunft auf Bauernhof,Polen,669,4427
2010,Unterkunft auf Bauernhof,Portugal,3,21
2010,Unterkunft auf Bauernhof,Rumänien,123,724
2010,Unterkunft auf Bauernhof,Russland,33,215
2010,Unterkunft auf Bauernhof,Salzburg,761,3624
2010,Unterkunft auf Bauernhof,Saudi-Arabien,0,0
2010,Unterkunft auf Bauernhof,Schweden,70,274
2010,Unterkunft auf Bauernhof,Schweiz und Liechtenstein,372,2371
2010,Unterkunft auf Bauernhof,Slowakei,529,2701
2010,Unterkunft auf Bauernhof,Slowenien,624,2666
2010,Unterkunft auf Bauernhof,Spanien,18,108
2010,Unterkunft auf Bauernhof,Steiermark,2393,11334
2010,Unterkunft auf Bauernhof,Südafrika,2,6
2010,Unterkunft auf Bauernhof,Südkorea,0,0
2010,Unterkunft auf Bauernhof,Südostasien,0,0
2010,Unterkunft auf Bauernhof,Taiwan,0,0
2010,Unterkunft auf Bauernhof,Tirol,552,2763
2010,Unterkunft auf Bauernhof,Tschechische Republik,1777,9108
2010,Unterkunft auf Bauernhof,Türkei,4,14
2010,Unterkunft auf Bauernhof,USA,33,255
2010,Unterkunft auf Bauernhof,Ukraine,25,343
2010,Unterkunft auf Bauernhof,Ungarn,1501,7431
2010,Unterkunft auf Bauernhof,Vereinigte Arabische Emirate,0,0
2010,Unterkunft auf Bauernhof,Vereinigtes Königreich,89,533
2010,Unterkunft auf Bauernhof,Vorarlberg,189,929
2010,Unterkunft auf Bauernhof,Wien,4245,28160
2010,Unterkunft auf Bauernhof,Zentral- und Südamerika,0,0
2010,Unterkunft auf Bauernhof,Zypern,0,0
2010,Unterkunft auf Bauernhof,ehem. Jugoslawien,140,1023
2010,Unterkunft auf Bauernhof,Übriges Afrika,2,6
2010,Unterkunft auf Bauernhof,Übriges Asien,6,78
2010,Unterkunft auf Bauernhof,Übriges Ausland,72,516
2010,Unterkunft auf Bauernhof,übrige GUS,6,72
2011,Bewirtschaftete Schutzhütten,Australien,4,4
2011,Bewirtschaftete Schutzhütten,Baden Württemberg,482,564
2011,Bewirtschaftete Schutzhütten,Bayern,1537,2102
2011,Bewirtschaftete Schutzhütten,Belgien,110,148
2011,Bewirtschaftete Schutzhütten,Berlin,626,754
2011,Bewirtschaftete Schutzhütten,Bulgarien,1,1
2011,Bewirtschaftete Schutzhütten,Burgenland,899,917
2011,Bewirtschaftete Schutzhütten,Dänemark,28,28
2011,Bewirtschaftete Schutzhütten,Finnland,1,1
2011,Bewirtschaftete Schutzhütten,Frankreich,17,18
2011,Bewirtschaftete Schutzhütten,Israel,4,4
2011,Bewirtschaftete Schutzhütten,Italien,893,979
2011,Bewirtschaftete Schutzhütten,Kanada,4,4
2011,Bewirtschaftete Schutzhütten,Kroatien,164,196
2011,Bewirtschaftete Schutzhütten,Kärnten,2229,5106
2011,Bewirtschaftete Schutzhütten,Luxemburg,58,58
2011,Bewirtschaftete Schutzhütten,Mitteldeutschland,403,883
2011,Bewirtschaftete Schutzhütten,Niederlande,832,882
2011,Bewirtschaftete Schutzhütten,Niederösterreich,1132,1542
2011,Bewirtschaftete Schutzhütten,Norddeutschland,654,793
2011,Bewirtschaftete Schutzhütten,Nordrhein-Westfalen,861,1673
2011,Bewirtschaftete Schutzhütten,Oberösterreich,925,1343
2011,Bewirtschaftete Schutzhütten,Ostdeutschland,997,1222
2011,Bewirtschaftete Schutzhütten,Polen,287,287
2011,Bewirtschaftete Schutzhütten,Russland,6,6
2011,Bewirtschaftete Schutzhütten,Salzburg,660,833
2011,Bewirtschaftete Schutzhütten,Schweden,9,9
2011,Bewirtschaftete Schutzhütten,Schweiz und Liechtenstein,80,93
2011,Bewirtschaftete Schutzhütten,Slowakei,265,316
2011,Bewirtschaftete Schutzhütten,Slowenien,306,310
2011,Bewirtschaftete Schutzhütten,Spanien,8,8
2011,Bewirtschaftete Schutzhütten,Steiermark,909,1340
2011,Bewirtschaftete Schutzhütten,Südafrika,5,10
2011,Bewirtschaftete Schutzhütten,Tirol,1137,1196
2011,Bewirtschaftete Schutzhütten,Tschechische Republik,639,772
2011,Bewirtschaftete Schutzhütten,USA,6,8
2011,Bewirtschaftete Schutzhütten,Ungarn,229,369
2011,Bewirtschaftete Schutzhütten,Vereinigtes Königreich,20,20
2011,Bewirtschaftete Schutzhütten,Vorarlberg,272,280
2011,Bewirtschaftete Schutzhütten,Wien,1700,2379
2011,Bewirtschaftete Schutzhütten,Zentral- und Südamerika,3,3
2011,Bewirtschaftete Schutzhütten,Übriges Ausland,223,223
2011,Campingplatz,Arabische Länder Asiens,20,56
2011,Campingplatz,Australien,154,289
2011,Campingplatz,Baden Württemberg,20441,118509
2011,Campingplatz,Bayern,46523,209758
2011,Campingplatz,Belgien,3724,21987
2011,Campingplatz,Berlin,2154,11744
2011,Campingplatz,Brasilien,0,0
2011,Campingplatz,Bulgarien,76,201
2011,Campingplatz,Burgenland,1142,6298
2011,Campingplatz,China,10,10
2011,Campingplatz,Dänemark,6569,27840
2011,Campingplatz,Estland,52,757
2011,Campingplatz,Finnland,248,468
2011,Campingplatz,Frankreich,1846,4604
2011,Campingplatz,Griechenland,26,181
2011,Campingplatz,Indien,4,26
2011,Campingplatz,Irland  (Republik),113,409
2011,Campingplatz,Island,17,23
2011,Campingplatz,Israel,151,163
2011,Campingplatz,Italien,19363,59408
2011,Campingplatz,Japan,10,20
2011,Campingplatz,Kanada,32,94
2011,Campingplatz,Kroatien,183,535
2011,Campingplatz,Kärnten,5210,32742
2011,Campingplatz,Lettland,74,157
2011,Campingplatz,Litauen,150,243
2011,Campingplatz,Luxemburg,162,1142
2011,Campingplatz,Malta,5,5
2011,Campingplatz,Mitteldeutschland,14226,86497
2011,Campingplatz,Neuseeland,42,117
2011,Campingplatz,Niederlande,68882,572154
2011,Campingplatz,Niederösterreich,13256,76676
2011,Campingplatz,Norddeutschland,15410,93869
2011,Campingplatz,Nordrhein-Westfalen,24852,172223
2011,Campingplatz,Norwegen,519,1044
2011,Campingplatz,Oberösterreich,10491,57834
2011,Campingplatz,Ostdeutschland,9820,51711
2011,Campingplatz,Polen,1609,4570
2011,Campingplatz,Portugal,48,118
2011,Campingplatz,Rumänien,276,829
2011,Campingplatz,Russland,265,672
2011,Campingplatz,Salzburg,7858,36211
2011,Campingplatz,Saudi-Arabien,0,0
2011,Campingplatz,Schweden,1253,2642
2011,Campingplatz,Schweiz und Liechtenstein,5558,27796
2011,Campingplatz,Slowakei,412,827
2011,Campingplatz,Slowenien,1654,3558
2011,Campingplatz,Spanien,288,662
2011,Campingplatz,Steiermark,18996,100985
2011,Campingplatz,Südafrika,23,28
2011,Campingplatz,Südkorea,6,10
2011,Campingplatz,Südostasien,0,0
2011,Campingplatz,Taiwan,0,0
2011,Campingplatz,Tirol,4615,25434
2011,Campingplatz,Tschechische Republik,5168,14942
2011,Campingplatz,Türkei,11,37
2011,Campingplatz,USA,145,391
2011,Campingplatz,Ukraine,32,60
2011,Campingplatz,Ungarn,1796,6116
2011,Campingplatz,Vereinigte Arabische Emirate,21,86
2011,Campingplatz,Vereinigtes Königreich,1469,5702
2011,Campingplatz,Vorarlberg,1061,6629
2011,Campingplatz,Wien,9858,118197
2011,Campingplatz,Zentral- und Südamerika,99,119
2011,Campingplatz,Zypern,0,0
2011,Campingplatz,ehem. Jugoslawien,48,198
2011,Campingplatz,Übriges Afrika,62,78
2011,Campingplatz,Übriges Asien,12,16
2011,Campingplatz,Übriges Ausland,1092,6905
2011,Campingplatz,übrige GUS,19,143
2011,Ferienwohnung,Arabische Länder Asiens,51,240
2011,Ferienwohnung,Australien,109,540
2011,Ferienwohnung,Baden Württemberg,14273,121159
2011,Ferienwohnung,Bayern,26770,187224
2011,Ferienwohnung,Belgien,2199,17535
2011,Ferienwohnung,Berlin,3446,35006
2011,Ferienwohnung,Brasilien,4,16
2011,Ferienwohnung,Bulgarien,291,1739
2011,Ferienwohnung,Burgenland,3441,17909
2011,Ferienwohnung,China,293,506
2011,Ferienwohnung,Dänemark,985,6389
2011,Ferienwohnung,Estland,35,129
2011,Ferienwohnung,Finnland,585,5055
2011,Ferienwohnung,Frankreich,750,5254
2011,Ferienwohnung,Griechenland,54,384
2011,Ferienwohnung,Indien,28,200
2011,Ferienwohnung,Irland  (Republik),76,589
2011,Ferienwohnung,Island,9,36
2011,Ferienwohnung,Israel,387,1979
2011,Ferienwohnung,Italien,12999,68101
2011,Ferienwohnung,Japan,17,269
2011,Ferienwohnung,Kanada,72,528
2011,Ferienwohnung,Kroatien,7286,40068
2011,Ferienwohnung,Kärnten,9429,43275
2011,Ferienwohnung,Lettland,130,507
2011,Ferienwohnung,Litauen,64,391
2011,Ferienwohnung,Luxemburg,122,868
2011,Ferienwohnung,Malta,14,45
2011,Ferienwohnung,Mitteldeutschland,13623,122163
2011,Ferienwohnung,Neuseeland,113,933
2011,Ferienwohnung,Niederlande,24285,207913
2011,Ferienwohnung,Niederösterreich,25823,156616
2011,Ferienwohnung,Norddeutschland,11689,113843
2011,Ferienwohnung,Nordrhein-Westfalen,20935,218336
2011,Ferienwohnung,Norwegen,106,779
2011,Ferienwohnung,Oberösterreich,15526,88271
2011,Ferienwohnung,Ostdeutschland,13341,114753
2011,Ferienwohnung,Polen,6475,39738
2011,Ferienwohnung,Portugal,116,773
2011,Ferienwohnung,Rumänien,1805,11633
2011,Ferienwohnung,Russland,1206,9650
2011,Ferienwohnung,Salzburg,5749,28211
2011,Ferienwohnung,Saudi-Arabien,33,185
2011,Ferienwohnung,Schweden,334,2267
2011,Ferienwohnung,Schweiz und Liechtenstein,2176,16535
2011,Ferienwohnung,Slowakei,3611,20000
2011,Ferienwohnung,Slowenien,9357,51859
2011,Ferienwohnung,Spanien,183,959
2011,Ferienwohnung,Steiermark,16960,84673
2011,Ferienwohnung,Südafrika,14,61
2011,Ferienwohnung,Südkorea,5,5
2011,Ferienwohnung,Südostasien,33,220
2011,Ferienwohnung,Taiwan,11,66
2011,Ferienwohnung,Tirol,4430,24665
2011,Ferienwohnung,Tschechische Republik,17787,90897
2011,Ferienwohnung,Türkei,55,313
2011,Ferienwohnung,USA,392,1973
2011,Ferienwohnung,Ukraine,362,3039
2011,Ferienwohnung,Ungarn,15966,77478
2011,Ferienwohnung,Vereinigte Arabische Emirate,17,95
2011,Ferienwohnung,Vereinigtes Königreich,1813,7786
2011,Ferienwohnung,Vorarlberg,1330,9072
2011,Ferienwohnung,Wien,23801,164898
2011,Ferienwohnung,Zentral- und Südamerika,167,1104
2011,Ferienwohnung,Zypern,2,20
2011,Ferienwohnung,ehem. Jugoslawien,1499,9891
2011,Ferienwohnung,Übriges Afrika,116,1140
2011,Ferienwohnung,Übriges Asien,13,69
2011,Ferienwohnung,Übriges Ausland,809,5259
2011,Ferienwohnung,übrige GUS,65,467
2011,Hotel 1 oder 2*,Arabische Länder Asiens,28,120
2011,Hotel 1 oder 2*,Australien,96,230
2011,Hotel 1 oder 2*,Baden Württemberg,5378,25330
2011,Hotel 1 oder 2*,Bayern,12637,50210
2011,Hotel 1 oder 2*,Belgien,1118,5374
2011,Hotel 1 oder 2*,Berlin,1224,6607
2011,Hotel 1 oder 2*,Brasilien,22,31
2011,Hotel 1 oder 2*,Bulgarien,122,282
2011,Hotel 1 oder 2*,Burgenland,2624,8439
2011,Hotel 1 oder 2*,China,72,183
2011,Hotel 1 oder 2*,Dänemark,677,1496
2011,Hotel 1 oder 2*,Estland,19,42
2011,Hotel 1 oder 2*,Finnland,125,347
2011,Hotel 1 oder 2*,Frankreich,529,1416
2011,Hotel 1 oder 2*,Griechenland,38,112
2011,Hotel 1 oder 2*,Indien,14,64
2011,Hotel 1 oder 2*,Irland  (Republik),22,90
2011,Hotel 1 oder 2*,Island,5,5
2011,Hotel 1 oder 2*,Israel,182,347
2011,Hotel 1 oder 2*,Italien,10696,31181
2011,Hotel 1 oder 2*,Japan,18,71
2011,Hotel 1 oder 2*,Kanada,91,218
2011,Hotel 1 oder 2*,Kroatien,1219,3412
2011,Hotel 1 oder 2*,Kärnten,13322,41274
2011,Hotel 1 oder 2*,Lettland,14,63
2011,Hotel 1 oder 2*,Litauen,68,141
2011,Hotel 1 oder 2*,Luxemburg,60,195
2011,Hotel 1 oder 2*,Malta,17,73
2011,Hotel 1 oder 2*,Mitteldeutschland,5603,30063
2011,Hotel 1 oder 2*,Neuseeland,9,19
2011,Hotel 1 oder 2*,Niederlande,6331,25578
2011,Hotel 1 oder 2*,Niederösterreich,18757,69038
2011,Hotel 1 oder 2*,Norddeutschland,4427,25125
2011,Hotel 1 oder 2*,Nordrhein-Westfalen,7304,47227
2011,Hotel 1 oder 2*,Norwegen,161,240
2011,Hotel 1 oder 2*,Oberösterreich,12139,41785
2011,Hotel 1 oder 2*,Ostdeutschland,5765,29017
2011,Hotel 1 oder 2*,Polen,1576,6319
2011,Hotel 1 oder 2*,Portugal,22,211
2011,Hotel 1 oder 2*,Rumänien,875,3721
2011,Hotel 1 oder 2*,Russland,513,1800
2011,Hotel 1 oder 2*,Salzburg,6266,19957
2011,Hotel 1 oder 2*,Saudi-Arabien,3,7
2011,Hotel 1 oder 2*,Schweden,352,660
2011,Hotel 1 oder 2*,Schweiz und Liechtenstein,2283,8288
2011,Hotel 1 oder 2*,Slowakei,1022,3378
2011,Hotel 1 oder 2*,Slowenien,1942,5809
2011,Hotel 1 oder 2*,Spanien,138,478
2011,Hotel 1 oder 2*,Steiermark,17513,48204
2011,Hotel 1 oder 2*,Südafrika,22,49
2011,Hotel 1 oder 2*,Südkorea,4,4
2011,Hotel 1 oder 2*,Südostasien,19,66
2011,Hotel 1 oder 2*,Taiwan,4,4
2011,Hotel 1 oder 2*,Tirol,4902,16357
2011,Hotel 1 oder 2*,Tschechische Republik,2693,8722
2011,Hotel 1 oder 2*,Türkei,52,183
2011,Hotel 1 oder 2*,USA,425,1350
2011,Hotel 1 oder 2*,Ukraine,179,616
2011,Hotel 1 oder 2*,Ungarn,6903,30763
2011,Hotel 1 oder 2*,Vereinigte Arabische Emirate,7,17
2011,Hotel 1 oder 2*,Vereinigtes Königreich,738,3307
2011,Hotel 1 oder 2*,Vorarlberg,1436,4978
2011,Hotel 1 oder 2*,Wien,17018,74108
2011,Hotel 1 oder 2*,Zentral- und Südamerika,47,167
2011,Hotel 1 oder 2*,Zypern,0,0
2011,Hotel 1 oder 2*,ehem. Jugoslawien,254,1354
2011,Hotel 1 oder 2*,Übriges Afrika,55,225
2011,Hotel 1 oder 2*,Übriges Asien,11,60
2011,Hotel 1 oder 2*,Übriges Ausland,436,1575
2011,Hotel 1 oder 2*,übrige GUS,61,137
2011,Hotel 3*,Arabische Länder Asiens,175,415
2011,Hotel 3*,Australien,509,1025
2011,Hotel 3*,Baden Württemberg,22775,104001
2011,Hotel 3*,Bayern,52450,202042
2011,Hotel 3*,Belgien,7510,39496
2011,Hotel 3*,Berlin,5230,29436
2011,Hotel 3*,Brasilien,52,79
2011,Hotel 3*,Bulgarien,661,3131
2011,Hotel 3*,Burgenland,10704,30903
2011,Hotel 3*,China,8120,8389
2011,Hotel 3*,Dänemark,2978,9216
2011,Hotel 3*,Estland,162,241
2011,Hotel 3*,Finnland,677,1726
2011,Hotel 3*,Frankreich,3316,8629
2011,Hotel 3*,Griechenland,313,675
2011,Hotel 3*,Indien,89,398
2011,Hotel 3*,Irland  (Republik),170,558
2011,Hotel 3*,Island,13,31
2011,Hotel 3*,Israel,712,1889
2011,Hotel 3*,Italien,45180,107776
2011,Hotel 3*,Japan,274,828
2011,Hotel 3*,Kanada,503,1229
2011,Hotel 3*,Kroatien,4740,18786
2011,Hotel 3*,Kärnten,35648,88427
2011,Hotel 3*,Lettland,745,1450
2011,Hotel 3*,Litauen,352,645
2011,Hotel 3*,Luxemburg,422,1764
2011,Hotel 3*,Malta,42,95
2011,Hotel 3*,Mitteldeutschland,24992,125007
2011,Hotel 3*,Neuseeland,122,176
2011,Hotel 3*,Niederlande,27237,124295
2011,Hotel 3*,Niederösterreich,63667,215535
2011,Hotel 3*,Norddeutschland,18527,106555
2011,Hotel 3*,Nordrhein-Westfalen,32092,191794
2011,Hotel 3*,Norwegen,568,1222
2011,Hotel 3*,Oberösterreich,45395,139872
2011,Hotel 3*,Ostdeutschland,31153,154125
2011,Hotel 3*,Polen,11614,45060
2011,Hotel 3*,Portugal,177,705
2011,Hotel 3*,Rumänien,4328,17047
2011,Hotel 3*,Russland,4654,13196
2011,Hotel 3*,Salzburg,20578,54718
2011,Hotel 3*,Saudi-Arabien,28,58
2011,Hotel 3*,Schweden,2159,5627
2011,Hotel 3*,Schweiz und Liechtenstein,9729,31144
2011,Hotel 3*,Slowakei,4398,14940
2011,Hotel 3*,Slowenien,7659,21057
2011,Hotel 3*,Spanien,802,2108
2011,Hotel 3*,Steiermark,58985,149954
2011,Hotel 3*,Südafrika,191,500
2011,Hotel 3*,Südkorea,299,381
2011,Hotel 3*,Südostasien,316,803
2011,Hotel 3*,Taiwan,332,673
2011,Hotel 3*,Tirol,19322,55255
2011,Hotel 3*,Tschechische Republik,13417,46780
2011,Hotel 3*,Türkei,205,688
2011,Hotel 3*,USA,1636,4505
2011,Hotel 3*,Ukraine,3258,6466
2011,Hotel 3*,Ungarn,17200,65582
2011,Hotel 3*,Vereinigte Arabische Emirate,12,15
2011,Hotel 3*,Vereinigtes Königreich,4564,20368
2011,Hotel 3*,Vorarlberg,5719,18818
2011,Hotel 3*,Wien,61082,211731
2011,Hotel 3*,Zentral- und Südamerika,310,1109
2011,Hotel 3*,Zypern,23,82
2011,Hotel 3*,ehem. Jugoslawien,1311,4185
2011,Hotel 3*,Übriges Afrika,181,785
2011,Hotel 3*,Übriges Asien,91,206
2011,Hotel 3*,Übriges Ausland,5356,11007
2011,Hotel 3*,übrige GUS,347,529
2011,Hotel 4*,Arabische Länder Asiens,390,1318
2011,Hotel 4*,Australien,600,1316
2011,Hotel 4*,Baden Württemberg,27228,139612
2011,Hotel 4*,Bayern,74543,327602
2011,Hotel 4*,Belgien,11543,69832
2011,Hotel 4*,Berlin,5526,32072
2011,Hotel 4*,Brasilien,109,276
2011,Hotel 4*,Bulgarien,759,2895
2011,Hotel 4*,Burgenland,13163,46803
2011,Hotel 4*,China,4345,5342
2011,Hotel 4*,Dänemark,1662,5809
2011,Hotel 4*,Estland,133,412
2011,Hotel 4*,Finnland,686,1943
2011,Hotel 4*,Frankreich,5183,12785
2011,Hotel 4*,Griechenland,507,1233
2011,Hotel 4*,Indien,154,512
2011,Hotel 4*,Irland  (Republik),334,1592
2011,Hotel 4*,Island,95,324
2011,Hotel 4*,Israel,775,2411
2011,Hotel 4*,Italien,68695,196776
2011,Hotel 4*,Japan,1652,2907
2011,Hotel 4*,Kanada,1088,2220
2011,Hotel 4*,Kroatien,5877,22771
2011,Hotel 4*,Kärnten,57712,173584
2011,Hotel 4*,Lettland,107,212
2011,Hotel 4*,Litauen,206,479
2011,Hotel 4*,Luxemburg,761,4312
2011,Hotel 4*,Malta,35,91
2011,Hotel 4*,Mitteldeutschland,30013,162554
2011,Hotel 4*,Neuseeland,99,182
2011,Hotel 4*,Niederlande,13793,74884
2011,Hotel 4*,Niederösterreich,69499,267655
2011,Hotel 4*,Norddeutschland,21085,130987
2011,Hotel 4*,Nordrhein-Westfalen,31237,202759
2011,Hotel 4*,Norwegen,621,1808
2011,Hotel 4*,Oberösterreich,47845,160932
2011,Hotel 4*,Ostdeutschland,21985,129986
2011,Hotel 4*,Polen,6606,28215
2011,Hotel 4*,Portugal,139,537
2011,Hotel 4*,Rumänien,2219,7990
2011,Hotel 4*,Russland,9241,21315
2011,Hotel 4*,Salzburg,29149,86266
2011,Hotel 4*,Saudi-Arabien,36,139
2011,Hotel 4*,Schweden,1284,3647
2011,Hotel 4*,Schweiz und Liechtenstein,12223,47237
2011,Hotel 4*,Slowakei,4670,15872
2011,Hotel 4*,Slowenien,5533,16803
2011,Hotel 4*,Spanien,2787,6270
2011,Hotel 4*,Steiermark,77772,256159
2011,Hotel 4*,Südafrika,162,528
2011,Hotel 4*,Südkorea,185,315
2011,Hotel 4*,Südostasien,585,1371
2011,Hotel 4*,Taiwan,325,543
2011,Hotel 4*,Tirol,23453,81609
2011,Hotel 4*,Tschechische Republik,13460,50519
2011,Hotel 4*,Türkei,655,2725
2011,Hotel 4*,USA,3368,8559
2011,Hotel 4*,Ukraine,4605,7975
2011,Hotel 4*,Ungarn,12759,53227
2011,Hotel 4*,Vereinigte Arabische Emirate,51,199
2011,Hotel 4*,Vereinigtes Königreich,6524,26017
2011,Hotel 4*,Vorarlberg,5323,18657
2011,Hotel 4*,Wien,95145,323852
2011,Hotel 4*,Zentral- und Südamerika,480,1256
2011,Hotel 4*,Zypern,39,95
2011,Hotel 4*,ehem. Jugoslawien,2529,9182
2011,Hotel 4*,Übriges Afrika,670,3992
2011,Hotel 4*,Übriges Asien,684,904
2011,Hotel 4*,Übriges Ausland,11162,28227
2011,Hotel 4*,übrige GUS,299,874
2011,Hotel 4* Superior,Arabische Länder Asiens,83,157
2011,Hotel 4* Superior,Australien,67,115
2011,Hotel 4* Superior,Baden Württemberg,2463,13477
2011,Hotel 4* Superior,Bayern,9197,37202
2011,Hotel 4* Superior,Belgien,264,1118
2011,Hotel 4* Superior,Berlin,569,2941
2011,Hotel 4* Superior,Brasilien,1,1
2011,Hotel 4* Superior,Bulgarien,118,427
2011,Hotel 4* Superior,Burgenland,885,2828
2011,Hotel 4* Superior,China,588,821
2011,Hotel 4* Superior,Dänemark,79,198
2011,Hotel 4* Superior,Estland,4,12
2011,Hotel 4* Superior,Finnland,193,616
2011,Hotel 4* Superior,Frankreich,507,1475
2011,Hotel 4* Superior,Griechenland,32,60
2011,Hotel 4* Superior,Indien,34,131
2011,Hotel 4* Superior,Irland  (Republik),66,149
2011,Hotel 4* Superior,Island,10,14
2011,Hotel 4* Superior,Israel,76,249
2011,Hotel 4* Superior,Italien,4991,10296
2011,Hotel 4* Superior,Japan,175,748
2011,Hotel 4* Superior,Kanada,93,135
2011,Hotel 4* Superior,Kroatien,201,513
2011,Hotel 4* Superior,Kärnten,7388,18253
2011,Hotel 4* Superior,Lettland,1,1
2011,Hotel 4* Superior,Litauen,9,10
2011,Hotel 4* Superior,Luxemburg,107,404
2011,Hotel 4* Superior,Malta,6,9
2011,Hotel 4* Superior,Mitteldeutschland,2853,14105
2011,Hotel 4* Superior,Neuseeland,20,48
2011,Hotel 4* Superior,Niederlande,780,2831
2011,Hotel 4* Superior,Niederösterreich,5422,17490
2011,Hotel 4* Superior,Norddeutschland,1682,10103
2011,Hotel 4* Superior,Nordrhein-Westfalen,3005,19209
2011,Hotel 4* Superior,Norwegen,112,365
2011,Hotel 4* Superior,Oberösterreich,3704,10968
2011,Hotel 4* Superior,Ostdeutschland,1301,6042
2011,Hotel 4* Superior,Polen,246,786
2011,Hotel 4* Superior,Portugal,151,234
2011,Hotel 4* Superior,Rumänien,500,1847
2011,Hotel 4* Superior,Russland,300,1814
2011,Hotel 4* Superior,Salzburg,2739,7404
2011,Hotel 4* Superior,Saudi-Arabien,10,26
2011,Hotel 4* Superior,Schweden,122,367
2011,Hotel 4* Superior,Schweiz und Liechtenstein,1646,6718
2011,Hotel 4* Superior,Slowakei,112,365
2011,Hotel 4* Superior,Slowenien,158,348
2011,Hotel 4* Superior,Spanien,305,559
2011,Hotel 4* Superior,Steiermark,6291,15905
2011,Hotel 4* Superior,Südafrika,7,10
2011,Hotel 4* Superior,Südkorea,67,224
2011,Hotel 4* Superior,Südostasien,315,790
2011,Hotel 4* Superior,Taiwan,114,240
2011,Hotel 4* Superior,Tirol,2704,7201
2011,Hotel 4* Superior,Tschechische Republik,545,1548
2011,Hotel 4* Superior,Türkei,22,56
2011,Hotel 4* Superior,USA,1547,4429
2011,Hotel 4* Superior,Ukraine,57,347
2011,Hotel 4* Superior,Ungarn,305,741
2011,Hotel 4* Superior,Vereinigte Arabische Emirate,9,87
2011,Hotel 4* Superior,Vereinigtes Königreich,1755,2834
2011,Hotel 4* Superior,Vorarlberg,841,2016
2011,Hotel 4* Superior,Wien,6995,22629
2011,Hotel 4* Superior,Zentral- und Südamerika,100,265
2011,Hotel 4* Superior,Zypern,2,6
2011,Hotel 4* Superior,ehem. Jugoslawien,150,329
2011,Hotel 4* Superior,Übriges Afrika,20,96
2011,Hotel 4* Superior,Übriges Asien,47,53
2011,Hotel 4* Superior,Übriges Ausland,178,666
2011,Hotel 4* Superior,übrige GUS,54,237
2011,Hotel 5*,Arabische Länder Asiens,108,293
2011,Hotel 5*,Australien,21,51
2011,Hotel 5*,Baden Württemberg,532,2944
2011,Hotel 5*,Bayern,2241,9090
2011,Hotel 5*,Belgien,63,314
2011,Hotel 5*,Berlin,72,365
2011,Hotel 5*,Brasilien,18,18
2011,Hotel 5*,Bulgarien,24,99
2011,Hotel 5*,Burgenland,277,1034
2011,Hotel 5*,China,83,111
2011,Hotel 5*,Dänemark,31,83
2011,Hotel 5*,Estland,3,7
2011,Hotel 5*,Finnland,5,33
2011,Hotel 5*,Frankreich,125,476
2011,Hotel 5*,Griechenland,6,20
2011,Hotel 5*,Indien,2,2
2011,Hotel 5*,Irland  (Republik),13,26
2011,Hotel 5*,Island,7,14
2011,Hotel 5*,Israel,37,160
2011,Hotel 5*,Italien,5899,17710
2011,Hotel 5*,Japan,49,91
2011,Hotel 5*,Kanada,32,142
2011,Hotel 5*,Kroatien,179,678
2011,Hotel 5*,Kärnten,3134,6843
2011,Hotel 5*,Lettland,7,80
2011,Hotel 5*,Litauen,1,1
2011,Hotel 5*,Luxemburg,13,22
2011,Hotel 5*,Malta,10,41
2011,Hotel 5*,Mitteldeutschland,945,3890
2011,Hotel 5*,Neuseeland,11,13
2011,Hotel 5*,Niederlande,162,573
2011,Hotel 5*,Niederösterreich,2486,9357
2011,Hotel 5*,Norddeutschland,518,3528
2011,Hotel 5*,Nordrhein-Westfalen,945,5268
2011,Hotel 5*,Norwegen,16,62
2011,Hotel 5*,Oberösterreich,1196,4273
2011,Hotel 5*,Ostdeutschland,389,1346
2011,Hotel 5*,Polen,174,635
2011,Hotel 5*,Portugal,7,11
2011,Hotel 5*,Rumänien,147,582
2011,Hotel 5*,Russland,435,3150
2011,Hotel 5*,Salzburg,1622,4676
2011,Hotel 5*,Saudi-Arabien,7,14
2011,Hotel 5*,Schweden,44,113
2011,Hotel 5*,Schweiz und Liechtenstein,943,2561
2011,Hotel 5*,Slowakei,84,262
2011,Hotel 5*,Slowenien,318,859
2011,Hotel 5*,Spanien,40,74
2011,Hotel 5*,Steiermark,2896,7186
2011,Hotel 5*,Südafrika,5,16
2011,Hotel 5*,Südkorea,1,8
2011,Hotel 5*,Südostasien,24,29
2011,Hotel 5*,Taiwan,0,0
2011,Hotel 5*,Tirol,1166,3061
2011,Hotel 5*,Tschechische Republik,206,775
2011,Hotel 5*,Türkei,70,713
2011,Hotel 5*,USA,460,1036
2011,Hotel 5*,Ukraine,230,1241
2011,Hotel 5*,Ungarn,162,608
2011,Hotel 5*,Vereinigte Arabische Emirate,2,2
2011,Hotel 5*,Vereinigtes Königreich,425,1308
2011,Hotel 5*,Vorarlberg,332,921
2011,Hotel 5*,Wien,4757,18862
2011,Hotel 5*,Zentral- und Südamerika,33,105
2011,Hotel 5*,Zypern,0,0
2011,Hotel 5*,ehem. Jugoslawien,158,789
2011,Hotel 5*,Übriges Afrika,848,4418
2011,Hotel 5*,Übriges Asien,34,86
2011,Hotel 5*,Übriges Ausland,263,761
2011,Hotel 5*,übrige GUS,25,212
2011,Jugendherbergen u. -gästehäuser,Arabische Länder Asiens,9,18
2011,Jugendherbergen u. -gästehäuser,Australien,40,72
2011,Jugendherbergen u. -gästehäuser,Baden Württemberg,1005,2132
2011,Jugendherbergen u. -gästehäuser,Bayern,2233,6068
2011,Jugendherbergen u. -gästehäuser,Belgien,71,101
2011,Jugendherbergen u. -gästehäuser,Berlin,243,448
2011,Jugendherbergen u. -gästehäuser,Brasilien,1,4
2011,Jugendherbergen u. -gästehäuser,Bulgarien,48,107
2011,Jugendherbergen u. -gästehäuser,Burgenland,914,3048
2011,Jugendherbergen u. -gästehäuser,China,29,34
2011,Jugendherbergen u. -gästehäuser,Dänemark,50,61
2011,Jugendherbergen u. -gästehäuser,Estland,101,293
2011,Jugendherbergen u. -gästehäuser,Finnland,48,171
2011,Jugendherbergen u. -gästehäuser,Frankreich,201,451
2011,Jugendherbergen u. -gästehäuser,Griechenland,18,18
2011,Jugendherbergen u. -gästehäuser,Indien,45,75
2011,Jugendherbergen u. -gästehäuser,Irland  (Republik),46,133
2011,Jugendherbergen u. -gästehäuser,Island,2,2
2011,Jugendherbergen u. -gästehäuser,Israel,20,28
2011,Jugendherbergen u. -gästehäuser,Italien,1968,3338
2011,Jugendherbergen u. -gästehäuser,Japan,25,43
2011,Jugendherbergen u. -gästehäuser,Kanada,79,172
2011,Jugendherbergen u. -gästehäuser,Kroatien,444,1086
2011,Jugendherbergen u. -gästehäuser,Kärnten,10946,26426
2011,Jugendherbergen u. -gästehäuser,Lettland,203,214
2011,Jugendherbergen u. -gästehäuser,Litauen,62,71
2011,Jugendherbergen u. -gästehäuser,Luxemburg,29,76
2011,Jugendherbergen u. -gästehäuser,Malta,0,0
2011,Jugendherbergen u. -gästehäuser,Mitteldeutschland,1297,2848
2011,Jugendherbergen u. -gästehäuser,Neuseeland,35,53
2011,Jugendherbergen u. -gästehäuser,Niederlande,880,2137
2011,Jugendherbergen u. -gästehäuser,Niederösterreich,4094,12481
2011,Jugendherbergen u. -gästehäuser,Norddeutschland,673,1379
2011,Jugendherbergen u. -gästehäuser,Nordrhein-Westfalen,781,2059
2011,Jugendherbergen u. -gästehäuser,Norwegen,19,19
2011,Jugendherbergen u. -gästehäuser,Oberösterreich,3508,9190
2011,Jugendherbergen u. -gästehäuser,Ostdeutschland,656,1891
2011,Jugendherbergen u. -gästehäuser,Polen,678,1326
2011,Jugendherbergen u. -gästehäuser,Portugal,4,9
2011,Jugendherbergen u. -gästehäuser,Rumänien,500,697
2011,Jugendherbergen u. -gästehäuser,Russland,298,937
2011,Jugendherbergen u. -gästehäuser,Salzburg,1728,4677
2011,Jugendherbergen u. -gästehäuser,Saudi-Arabien,0,0
2011,Jugendherbergen u. -gästehäuser,Schweden,52,72
2011,Jugendherbergen u. -gästehäuser,Schweiz und Liechtenstein,355,967
2011,Jugendherbergen u. -gästehäuser,Slowakei,436,1288
2011,Jugendherbergen u. -gästehäuser,Slowenien,628,1519
2011,Jugendherbergen u. -gästehäuser,Spanien,211,725
2011,Jugendherbergen u. -gästehäuser,Steiermark,7040,16944
2011,Jugendherbergen u. -gästehäuser,Südafrika,97,195
2011,Jugendherbergen u. -gästehäuser,Südkorea,5,7
2011,Jugendherbergen u. -gästehäuser,Südostasien,10,25
2011,Jugendherbergen u. -gästehäuser,Taiwan,3,5
2011,Jugendherbergen u. -gästehäuser,Tirol,1114,1945
2011,Jugendherbergen u. -gästehäuser,Tschechische Republik,718,1505
2011,Jugendherbergen u. -gästehäuser,Türkei,15,23
2011,Jugendherbergen u. -gästehäuser,USA,316,454
2011,Jugendherbergen u. -gästehäuser,Ukraine,104,247
2011,Jugendherbergen u. -gästehäuser,Ungarn,847,2746
2011,Jugendherbergen u. -gästehäuser,Vereinigte Arabische Emirate,0,0
2011,Jugendherbergen u. -gästehäuser,Vereinigtes Königreich,244,691
2011,Jugendherbergen u. -gästehäuser,Vorarlberg,532,1262
2011,Jugendherbergen u. -gästehäuser,Wien,6230,18051
2011,Jugendherbergen u. -gästehäuser,Zentral- und Südamerika,60,98
2011,Jugendherbergen u. -gästehäuser,Zypern,0,0
2011,Jugendherbergen u. -gästehäuser,ehem. Jugoslawien,184,300
2011,Jugendherbergen u. -gästehäuser,Übriges Afrika,12,28
2011,Jugendherbergen u. -gästehäuser,Übriges Asien,13,22
2011,Jugendherbergen u. -gästehäuser,Übriges Ausland,282,641
2011,Jugendherbergen u. -gästehäuser,übrige GUS,73,168
2011,Kinder- u. Jugenderholungsheime,Bayern,136,549
2011,Kinder- u. Jugenderholungsheime,Belgien,693,4233
2011,Kinder- u. Jugenderholungsheime,Burgenland,149,894
2011,Kinder- u. Jugenderholungsheime,Dänemark,55,220
2011,Kinder- u. Jugenderholungsheime,Frankreich,65,2340
2011,Kinder- u. Jugenderholungsheime,Italien,2,10
2011,Kinder- u. Jugenderholungsheime,Kroatien,116,556
2011,Kinder- u. Jugenderholungsheime,Kärnten,1352,6142
2011,Kinder- u. Jugenderholungsheime,Niederösterreich,764,4589
2011,Kinder- u. Jugenderholungsheime,Norddeutschland,46,276
2011,Kinder- u. Jugenderholungsheime,Nordrhein-Westfalen,147,1029
2011,Kinder- u. Jugenderholungsheime,Oberösterreich,251,2527
2011,Kinder- u. Jugenderholungsheime,Polen,412,2679
2011,Kinder- u. Jugenderholungsheime,Russland,42,294
2011,Kinder- u. Jugenderholungsheime,Salzburg,205,1284
2011,Kinder- u. Jugenderholungsheime,Steiermark,1373,12663
2011,Kinder- u. Jugenderholungsheime,Tirol,110,870
2011,Kinder- u. Jugenderholungsheime,Tschechische Republik,104,447
2011,Kinder- u. Jugenderholungsheime,Ungarn,69,414
2011,Kinder- u. Jugenderholungsheime,Vereinigtes Königreich,393,2392
2011,Kinder- u. Jugenderholungsheime,Wien,2119,12654
2011,Kurheim der Sozialversich.träger,Baden Württemberg,9,92
2011,Kurheim der Sozialversich.träger,Bayern,39,787
2011,Kurheim der Sozialversich.träger,Burgenland,185,3317
2011,Kurheim der Sozialversich.träger,Griechenland,2,18
2011,Kurheim der Sozialversich.träger,Italien,4,12
2011,Kurheim der Sozialversich.träger,Kärnten,2450,47494
2011,Kurheim der Sozialversich.träger,Mitteldeutschland,4,49
2011,Kurheim der Sozialversich.träger,Niederlande,2,2
2011,Kurheim der Sozialversich.träger,Niederösterreich,1190,16081
2011,Kurheim der Sozialversich.träger,Norddeutschland,1,11
2011,Kurheim der Sozialversich.träger,Nordrhein-Westfalen,2,5
2011,Kurheim der Sozialversich.träger,Oberösterreich,610,9236
2011,Kurheim der Sozialversich.träger,Salzburg,317,5075
2011,Kurheim der Sozialversich.träger,Schweiz und Liechtenstein,1,9
2011,Kurheim der Sozialversich.träger,Slowenien,1,21
2011,Kurheim der Sozialversich.träger,Steiermark,2307,43024
2011,Kurheim der Sozialversich.träger,Tirol,314,5323
2011,Kurheim der Sozialversich.träger,Vorarlberg,56,947
2011,Kurheim der Sozialversich.träger,Wien,1199,19895
2011,Kurheim der Sozialversich.träger,übrige GUS,4,94
2011,Private u. öffentl. Kurheime,Arabische Länder Asiens,69,1075
2011,Private u. öffentl. Kurheime,Australien,10,185
2011,Private u. öffentl. Kurheime,Baden Württemberg,68,773
2011,Private u. öffentl. Kurheime,Bayern,362,3673
2011,Private u. öffentl. Kurheime,Belgien,5,54
2011,Private u. öffentl. Kurheime,Berlin,31,256
2011,Private u. öffentl. Kurheime,Bulgarien,4,23
2011,Private u. öffentl. Kurheime,Burgenland,286,3629
2011,Private u. öffentl. Kurheime,China,3,37
2011,Private u. öffentl. Kurheime,Dänemark,6,75
2011,Private u. öffentl. Kurheime,Finnland,16,131
2011,Private u. öffentl. Kurheime,Frankreich,33,228
2011,Private u. öffentl. Kurheime,Griechenland,22,243
2011,Private u. öffentl. Kurheime,Indien,29,293
2011,Private u. öffentl. Kurheime,Irland  (Republik),37,364
2011,Private u. öffentl. Kurheime,Israel,4,28
2011,Private u. öffentl. Kurheime,Italien,128,809
2011,Private u. öffentl. Kurheime,Japan,2,21
2011,Private u. öffentl. Kurheime,Kanada,4,33
2011,Private u. öffentl. Kurheime,Kroatien,1,1
2011,Private u. öffentl. Kurheime,Kärnten,614,8619
2011,Private u. öffentl. Kurheime,Lettland,4,31
2011,Private u. öffentl. Kurheime,Malta,1,6
2011,Private u. öffentl. Kurheime,Mitteldeutschland,92,1055
2011,Private u. öffentl. Kurheime,Neuseeland,3,21
2011,Private u. öffentl. Kurheime,Niederlande,19,131
2011,Private u. öffentl. Kurheime,Niederösterreich,2305,28259
2011,Private u. öffentl. Kurheime,Norddeutschland,102,1375
2011,Private u. öffentl. Kurheime,Nordrhein-Westfalen,144,1564
2011,Private u. öffentl. Kurheime,Norwegen,4,34
2011,Private u. öffentl. Kurheime,Oberösterreich,1083,14238
2011,Private u. öffentl. Kurheime,Ostdeutschland,57,565
2011,Private u. öffentl. Kurheime,Polen,9,111
2011,Private u. öffentl. Kurheime,Rumänien,20,94
2011,Private u. öffentl. Kurheime,Russland,62,611
2011,Private u. öffentl. Kurheime,Salzburg,545,7870
2011,Private u. öffentl. Kurheime,Schweden,24,244
2011,Private u. öffentl. Kurheime,Schweiz und Liechtenstein,133,1407
2011,Private u. öffentl. Kurheime,Slowakei,11,117
2011,Private u. öffentl. Kurheime,Slowenien,12,108
2011,Private u. öffentl. Kurheime,Spanien,6,66
2011,Private u. öffentl. Kurheime,Steiermark,1105,13871
2011,Private u. öffentl. Kurheime,Südafrika,5,71
2011,Private u. öffentl. Kurheime,Südostasien,4,39
2011,Private u. öffentl. Kurheime,Tirol,531,7259
2011,Private u. öffentl. Kurheime,Tschechische Republik,51,375
2011,Private u. öffentl. Kurheime,Türkei,40,329
2011,Private u. öffentl. Kurheime,USA,79,829
2011,Private u. öffentl. Kurheime,Ukraine,48,422
2011,Private u. öffentl. Kurheime,Ungarn,15,87
2011,Private u. öffentl. Kurheime,Vereinigtes Königreich,2783,10822
2011,Private u. öffentl. Kurheime,Vorarlberg,186,2059
2011,Private u. öffentl. Kurheime,Wien,3724,41574
2011,Private u. öffentl. Kurheime,Zentral- und Südamerika,18,229
2011,Private u. öffentl. Kurheime,Zypern,4,37
2011,Private u. öffentl. Kurheime,Übriges Afrika,216,1898
2011,Private u. öffentl. Kurheime,Übriges Asien,1,6
2011,Private u. öffentl. Kurheime,Übriges Ausland,124,1277
2011,Private u. öffentl. Kurheime,übrige GUS,20,194
2011,Sonstige Unterkunft,Arabische Länder Asiens,16,67
2011,Sonstige Unterkunft,Australien,69,257
2011,Sonstige Unterkunft,Baden Württemberg,4023,23890
2011,Sonstige Unterkunft,Bayern,8263,37536
2011,Sonstige Unterkunft,Belgien,623,3434
2011,Sonstige Unterkunft,Berlin,935,6406
2011,Sonstige Unterkunft,Brasilien,16,276
2011,Sonstige Unterkunft,Bulgarien,70,136
2011,Sonstige Unterkunft,Burgenland,2325,6468
2011,Sonstige Unterkunft,China,506,568
2011,Sonstige Unterkunft,Dänemark,320,802
2011,Sonstige Unterkunft,Estland,5,36
2011,Sonstige Unterkunft,Finnland,64,143
2011,Sonstige Unterkunft,Frankreich,354,1305
2011,Sonstige Unterkunft,Griechenland,27,51
2011,Sonstige Unterkunft,Indien,19,148
2011,Sonstige Unterkunft,Irland  (Republik),5,11
2011,Sonstige Unterkunft,Island,0,0
2011,Sonstige Unterkunft,Israel,115,317
2011,Sonstige Unterkunft,Italien,5625,15500
2011,Sonstige Unterkunft,Japan,10,45
2011,Sonstige Unterkunft,Kanada,61,189
2011,Sonstige Unterkunft,Kroatien,601,2012
2011,Sonstige Unterkunft,Kärnten,12406,40585
2011,Sonstige Unterkunft,Lettland,22,36
2011,Sonstige Unterkunft,Litauen,43,106
2011,Sonstige Unterkunft,Luxemburg,48,308
2011,Sonstige Unterkunft,Malta,1,6
2011,Sonstige Unterkunft,Mitteldeutschland,4020,23265
2011,Sonstige Unterkunft,Neuseeland,6,70
2011,Sonstige Unterkunft,Niederlande,4166,19907
2011,Sonstige Unterkunft,Niederösterreich,14330,57059
2011,Sonstige Unterkunft,Norddeutschland,4006,25959
2011,Sonstige Unterkunft,Nordrhein-Westfalen,6461,48752
2011,Sonstige Unterkunft,Norwegen,74,179
2011,Sonstige Unterkunft,Oberösterreich,11634,46258
2011,Sonstige Unterkunft,Ostdeutschland,3821,19873
2011,Sonstige Unterkunft,Polen,1629,10718
2011,Sonstige Unterkunft,Portugal,8,51
2011,Sonstige Unterkunft,Rumänien,687,3321
2011,Sonstige Unterkunft,Russland,257,1263
2011,Sonstige Unterkunft,Salzburg,6245,17293
2011,Sonstige Unterkunft,Saudi-Arabien,5,10
2011,Sonstige Unterkunft,Schweden,155,382
2011,Sonstige Unterkunft,Schweiz und Liechtenstein,864,4030
2011,Sonstige Unterkunft,Slowakei,651,2402
2011,Sonstige Unterkunft,Slowenien,2400,4122
2011,Sonstige Unterkunft,Spanien,90,370
2011,Sonstige Unterkunft,Steiermark,13106,43029
2011,Sonstige Unterkunft,Südafrika,16,50
2011,Sonstige Unterkunft,Südkorea,8,13
2011,Sonstige Unterkunft,Südostasien,14,32
2011,Sonstige Unterkunft,Taiwan,2,10
2011,Sonstige Unterkunft,Tirol,4627,16004
2011,Sonstige Unterkunft,Tschechische Republik,1860,6777
2011,Sonstige Unterkunft,Türkei,22,32
2011,Sonstige Unterkunft,USA,498,959
2011,Sonstige Unterkunft,Ukraine,78,654
2011,Sonstige Unterkunft,Ungarn,9050,42087
2011,Sonstige Unterkunft,Vereinigte Arabische Emirate,1,1
2011,Sonstige Unterkunft,Vereinigtes Königreich,894,5086
2011,Sonstige Unterkunft,Vorarlberg,1673,5093
2011,Sonstige Unterkunft,Wien,16472,76483
2011,Sonstige Unterkunft,Zentral- und Südamerika,33,83
2011,Sonstige Unterkunft,Zypern,1,6
2011,Sonstige Unterkunft,ehem. Jugoslawien,153,689
2011,Sonstige Unterkunft,Übriges Afrika,24,103
2011,Sonstige Unterkunft,Übriges Asien,14,36
2011,Sonstige Unterkunft,Übriges Ausland,468,1119
2011,Sonstige Unterkunft,übrige GUS,61,131
2011,Unterkunft auf Bauernhof,Arabische Länder Asiens,8,20
2011,Unterkunft auf Bauernhof,Australien,31,112
2011,Unterkunft auf Bauernhof,Baden Württemberg,3065,26668
2011,Unterkunft auf Bauernhof,Bayern,6071,40810
2011,Unterkunft auf Bauernhof,Belgien,439,3778
2011,Unterkunft auf Bauernhof,Berlin,915,10515
2011,Unterkunft auf Bauernhof,Brasilien,6,36
2011,Unterkunft auf Bauernhof,Bulgarien,68,521
2011,Unterkunft auf Bauernhof,Burgenland,484,2395
2011,Unterkunft auf Bauernhof,China,6,54
2011,Unterkunft auf Bauernhof,Dänemark,75,412
2011,Unterkunft auf Bauernhof,Estland,7,10
2011,Unterkunft auf Bauernhof,Finnland,10,34
2011,Unterkunft auf Bauernhof,Frankreich,146,1089
2011,Unterkunft auf Bauernhof,Griechenland,7,35
2011,Unterkunft auf Bauernhof,Indien,0,0
2011,Unterkunft auf Bauernhof,Irland  (Republik),17,78
2011,Unterkunft auf Bauernhof,Island,0,0
2011,Unterkunft auf Bauernhof,Israel,28,132
2011,Unterkunft auf Bauernhof,Italien,1772,8245
2011,Unterkunft auf Bauernhof,Japan,2,2
2011,Unterkunft auf Bauernhof,Kanada,7,35
2011,Unterkunft auf Bauernhof,Kroatien,504,2647
2011,Unterkunft auf Bauernhof,Kärnten,2060,7521
2011,Unterkunft auf Bauernhof,Lettland,3,3
2011,Unterkunft auf Bauernhof,Litauen,27,100
2011,Unterkunft auf Bauernhof,Luxemburg,18,177
2011,Unterkunft auf Bauernhof,Malta,1,7
2011,Unterkunft auf Bauernhof,Mitteldeutschland,2710,26270
2011,Unterkunft auf Bauernhof,Neuseeland,0,0
2011,Unterkunft auf Bauernhof,Niederlande,2056,19023
2011,Unterkunft auf Bauernhof,Niederösterreich,4367,25305
2011,Unterkunft auf Bauernhof,Norddeutschland,2361,23251
2011,Unterkunft auf Bauernhof,Nordrhein-Westfalen,4674,48929
2011,Unterkunft auf Bauernhof,Norwegen,18,103
2011,Unterkunft auf Bauernhof,Oberösterreich,2073,10335
2011,Unterkunft auf Bauernhof,Ostdeutschland,3296,28184
2011,Unterkunft auf Bauernhof,Polen,638,4399
2011,Unterkunft auf Bauernhof,Portugal,4,12
2011,Unterkunft auf Bauernhof,Rumänien,95,631
2011,Unterkunft auf Bauernhof,Russland,53,448
2011,Unterkunft auf Bauernhof,Salzburg,627,3348
2011,Unterkunft auf Bauernhof,Saudi-Arabien,0,0
2011,Unterkunft auf Bauernhof,Schweden,28,80
2011,Unterkunft auf Bauernhof,Schweiz und Liechtenstein,365,2405
2011,Unterkunft auf Bauernhof,Slowakei,463,2596
2011,Unterkunft auf Bauernhof,Slowenien,546,2346
2011,Unterkunft auf Bauernhof,Spanien,26,145
2011,Unterkunft auf Bauernhof,Steiermark,1965,9239
2011,Unterkunft auf Bauernhof,Südafrika,4,20
2011,Unterkunft auf Bauernhof,Südkorea,5,11
2011,Unterkunft auf Bauernhof,Südostasien,3,22
2011,Unterkunft auf Bauernhof,Taiwan,0,0
2011,Unterkunft auf Bauernhof,Tirol,523,2192
2011,Unterkunft auf Bauernhof,Tschechische Republik,1815,9246
2011,Unterkunft auf Bauernhof,Türkei,0,0
2011,Unterkunft auf Bauernhof,USA,58,377
2011,Unterkunft auf Bauernhof,Ukraine,10,26
2011,Unterkunft auf Bauernhof,Ungarn,1472,7906
2011,Unterkunft auf Bauernhof,Vereinigte Arabische Emirate,5,13
2011,Unterkunft auf Bauernhof,Vereinigtes Königreich,75,571
2011,Unterkunft auf Bauernhof,Vorarlberg,210,1184
2011,Unterkunft auf Bauernhof,Wien,3885,26401
2011,Unterkunft auf Bauernhof,Zentral- und Südamerika,15,78
2011,Unterkunft auf Bauernhof,Zypern,3,18
2011,Unterkunft auf Bauernhof,ehem. Jugoslawien,68,816
2011,Unterkunft auf Bauernhof,Übriges Afrika,0,0
2011,Unterkunft auf Bauernhof,Übriges Asien,2,18
2011,Unterkunft auf Bauernhof,Übriges Ausland,88,497
2011,Unterkunft auf Bauernhof,übrige GUS,3,21
2012,Bewirtschaftete Schutzhütten,Australien,5,5
2012,Bewirtschaftete Schutzhütten,Baden Württemberg,569,765
2012,Bewirtschaftete Schutzhütten,Bayern,2080,2783
2012,Bewirtschaftete Schutzhütten,Belgien,56,252
2012,Bewirtschaftete Schutzhütten,Berlin,506,704
2012,Bewirtschaftete Schutzhütten,Burgenland,211,316
2012,Bewirtschaftete Schutzhütten,China,25,25
2012,Bewirtschaftete Schutzhütten,Frankreich,43,43
2012,Bewirtschaftete Schutzhütten,Griechenland,7,21
2012,Bewirtschaftete Schutzhütten,Italien,944,999
2012,Bewirtschaftete Schutzhütten,Kanada,2,2
2012,Bewirtschaftete Schutzhütten,Kroatien,114,116
2012,Bewirtschaftete Schutzhütten,Kärnten,2731,5523
2012,Bewirtschaftete Schutzhütten,Litauen,3,6
2012,Bewirtschaftete Schutzhütten,Luxemburg,38,38
2012,Bewirtschaftete Schutzhütten,Mitteldeutschland,418,1030
2012,Bewirtschaftete Schutzhütten,Neuseeland,22,22
2012,Bewirtschaftete Schutzhütten,Niederlande,720,794
2012,Bewirtschaftete Schutzhütten,Niederösterreich,544,794
2012,Bewirtschaftete Schutzhütten,Norddeutschland,466,625
2012,Bewirtschaftete Schutzhütten,Nordrhein-Westfalen,821,1632
2012,Bewirtschaftete Schutzhütten,Norwegen,1,1
2012,Bewirtschaftete Schutzhütten,Oberösterreich,467,646
2012,Bewirtschaftete Schutzhütten,Ostdeutschland,682,980
2012,Bewirtschaftete Schutzhütten,Polen,293,305
2012,Bewirtschaftete Schutzhütten,Rumänien,12,72
2012,Bewirtschaftete Schutzhütten,Salzburg,623,896
2012,Bewirtschaftete Schutzhütten,Schweden,4,4
2012,Bewirtschaftete Schutzhütten,Schweiz und Liechtenstein,137,182
2012,Bewirtschaftete Schutzhütten,Slowakei,234,242
2012,Bewirtschaftete Schutzhütten,Slowenien,383,390
2012,Bewirtschaftete Schutzhütten,Spanien,2,4
2012,Bewirtschaftete Schutzhütten,Steiermark,875,1391
2012,Bewirtschaftete Schutzhütten,Tirol,1165,1330
2012,Bewirtschaftete Schutzhütten,Tschechische Republik,814,874
2012,Bewirtschaftete Schutzhütten,USA,7,21
2012,Bewirtschaftete Schutzhütten,Ukraine,2,6
2012,Bewirtschaftete Schutzhütten,Ungarn,285,394
2012,Bewirtschaftete Schutzhütten,Vereinigtes Königreich,27,27
2012,Bewirtschaftete Schutzhütten,Vorarlberg,282,302
2012,Bewirtschaftete Schutzhütten,Wien,4382,5060
2012,Bewirtschaftete Schutzhütten,Zentral- und Südamerika,3,3
2012,Bewirtschaftete Schutzhütten,Übriges Asien,1,1
2012,Bewirtschaftete Schutzhütten,Übriges Ausland,142,142
2012,Campingplatz,Arabische Länder Asiens,1,90
2012,Campingplatz,Australien,128,189
2012,Campingplatz,Baden Württemberg,19961,114861
2012,Campingplatz,Bayern,42792,200820
2012,Campingplatz,Belgien,3869,21879
2012,Campingplatz,Berlin,2315,11216
2012,Campingplatz,Brasilien,3,60
2012,Campingplatz,Bulgarien,126,446
2012,Campingplatz,Burgenland,1148,5706
2012,Campingplatz,China,87,87
2012,Campingplatz,Dänemark,6352,27630
2012,Campingplatz,Estland,65,117
2012,Campingplatz,Finnland,207,381
2012,Campingplatz,Frankreich,2076,4809
2012,Campingplatz,Griechenland,27,118
2012,Campingplatz,Indien,4,26
2012,Campingplatz,Irland  (Republik),58,256
2012,Campingplatz,Island,9,9
2012,Campingplatz,Israel,168,259
2012,Campingplatz,Italien,20937,65082
2012,Campingplatz,Japan,11,25
2012,Campingplatz,Kanada,76,97
2012,Campingplatz,Kroatien,137,360
2012,Campingplatz,Kärnten,6235,37024
2012,Campingplatz,Lettland,72,134
2012,Campingplatz,Litauen,141,214
2012,Campingplatz,Luxemburg,153,835
2012,Campingplatz,Malta,5,5
2012,Campingplatz,Mitteldeutschland,14558,88619
2012,Campingplatz,Neuseeland,50,96
2012,Campingplatz,Niederlande,68214,583568
2012,Campingplatz,Niederösterreich,13130,74968
2012,Campingplatz,Norddeutschland,16102,92998
2012,Campingplatz,Nordrhein-Westfalen,25538,186484
2012,Campingplatz,Norwegen,784,1239
2012,Campingplatz,Oberösterreich,10036,52877
2012,Campingplatz,Ostdeutschland,10088,53260
2012,Campingplatz,Polen,1656,4518
2012,Campingplatz,Portugal,34,64
2012,Campingplatz,Rumänien,202,584
2012,Campingplatz,Russland,276,769
2012,Campingplatz,Salzburg,7080,38322
2012,Campingplatz,Schweden,1470,2603
2012,Campingplatz,Schweiz und Liechtenstein,5916,30607
2012,Campingplatz,Slowakei,656,1537
2012,Campingplatz,Slowenien,2019,4739
2012,Campingplatz,Spanien,296,735
2012,Campingplatz,Steiermark,18194,101679
2012,Campingplatz,Südafrika,12,14
2012,Campingplatz,Südkorea,6,35
2012,Campingplatz,Südostasien,10,36
2012,Campingplatz,Tirol,4408,25255
2012,Campingplatz,Tschechische Republik,5545,15647
2012,Campingplatz,Türkei,17,61
2012,Campingplatz,USA,125,355
2012,Campingplatz,Ukraine,61,93
2012,Campingplatz,Ungarn,2073,6303
2012,Campingplatz,Vereinigte Arabische Emirate,15,76
2012,Campingplatz,Vereinigtes Königreich,1583,5858
2012,Campingplatz,Vorarlberg,1105,6592
2012,Campingplatz,Wien,10140,122039
2012,Campingplatz,Zentral- und Südamerika,33,66
2012,Campingplatz,ehem. Jugoslawien,78,266
2012,Campingplatz,Übriges Afrika,48,98
2012,Campingplatz,Übriges Asien,58,467
2012,Campingplatz,Übriges Ausland,1802,8125
2012,Campingplatz,übrige GUS,9,17
2012,Ferienwohnung,Arabische Länder Asiens,92,399
2012,Ferienwohnung,Australien,141,934
2012,Ferienwohnung,Baden Württemberg,14032,118226
2012,Ferienwohnung,Bayern,27952,192734
2012,Ferienwohnung,Belgien,2731,21414
2012,Ferienwohnung,Berlin,3732,37299
2012,Ferienwohnung,Brasilien,16,72
2012,Ferienwohnung,Bulgarien,291,1832
2012,Ferienwohnung,Burgenland,3053,15455
2012,Ferienwohnung,China,889,988
2012,Ferienwohnung,Dänemark,1084,6587
2012,Ferienwohnung,Estland,78,376
2012,Ferienwohnung,Finnland,283,1987
2012,Ferienwohnung,Frankreich,848,5614
2012,Ferienwohnung,Griechenland,69,379
2012,Ferienwohnung,Indien,26,226
2012,Ferienwohnung,Irland  (Republik),93,721
2012,Ferienwohnung,Island,7,34
2012,Ferienwohnung,Israel,510,2431
2012,Ferienwohnung,Italien,12670,64459
2012,Ferienwohnung,Japan,15,118
2012,Ferienwohnung,Kanada,96,559
2012,Ferienwohnung,Kroatien,6151,33233
2012,Ferienwohnung,Kärnten,10731,46842
2012,Ferienwohnung,Lettland,135,831
2012,Ferienwohnung,Litauen,195,1905
2012,Ferienwohnung,Luxemburg,193,1386
2012,Ferienwohnung,Malta,15,61
2012,Ferienwohnung,Mitteldeutschland,14525,126262
2012,Ferienwohnung,Neuseeland,124,885
2012,Ferienwohnung,Niederlande,26399,218774
2012,Ferienwohnung,Niederösterreich,25259,148709
2012,Ferienwohnung,Norddeutschland,12372,120092
2012,Ferienwohnung,Nordrhein-Westfalen,21407,221916
2012,Ferienwohnung,Norwegen,88,550
2012,Ferienwohnung,Oberösterreich,15028,82784
2012,Ferienwohnung,Ostdeutschland,13863,118091
2012,Ferienwohnung,Polen,6329,39713
2012,Ferienwohnung,Portugal,173,1032
2012,Ferienwohnung,Rumänien,1588,12114
2012,Ferienwohnung,Russland,1539,11918
2012,Ferienwohnung,Salzburg,5535,26630
2012,Ferienwohnung,Saudi-Arabien,34,157
2012,Ferienwohnung,Schweden,389,2143
2012,Ferienwohnung,Schweiz und Liechtenstein,2373,17394
2012,Ferienwohnung,Slowakei,3535,18322
2012,Ferienwohnung,Slowenien,8728,48022
2012,Ferienwohnung,Spanien,253,1557
2012,Ferienwohnung,Steiermark,15569,79947
2012,Ferienwohnung,Südafrika,54,323
2012,Ferienwohnung,Südkorea,16,28
2012,Ferienwohnung,Südostasien,21,63
2012,Ferienwohnung,Taiwan,37,40
2012,Ferienwohnung,Tirol,5453,27651
2012,Ferienwohnung,Tschechische Republik,19754,100835
2012,Ferienwohnung,Türkei,84,447
2012,Ferienwohnung,USA,710,2886
2012,Ferienwohnung,Ukraine,494,3748
2012,Ferienwohnung,Ungarn,16017,80230
2012,Ferienwohnung,Vereinigte Arabische Emirate,55,301
2012,Ferienwohnung,Vereinigtes Königreich,1806,9588
2012,Ferienwohnung,Vorarlberg,1398,8522
2012,Ferienwohnung,Wien,27847,176791
2012,Ferienwohnung,Zentral- und Südamerika,129,852
2012,Ferienwohnung,Zypern,4,28
2012,Ferienwohnung,ehem. Jugoslawien,1479,10188
2012,Ferienwohnung,Übriges Afrika,126,1049
2012,Ferienwohnung,Übriges Asien,21,143
2012,Ferienwohnung,Übriges Ausland,2930,24518
2012,Ferienwohnung,übrige GUS,87,556
2012,Hotel 1 oder 2*,Arabische Länder Asiens,32,130
2012,Hotel 1 oder 2*,Australien,130,183
2012,Hotel 1 oder 2*,Baden Württemberg,5535,23770
2012,Hotel 1 oder 2*,Bayern,12632,47627
2012,Hotel 1 oder 2*,Belgien,1189,6044
2012,Hotel 1 oder 2*,Berlin,1325,6712
2012,Hotel 1 oder 2*,Brasilien,12,45
2012,Hotel 1 oder 2*,Bulgarien,147,447
2012,Hotel 1 oder 2*,Burgenland,2585,7526
2012,Hotel 1 oder 2*,China,43,129
2012,Hotel 1 oder 2*,Dänemark,566,1435
2012,Hotel 1 oder 2*,Estland,40,56
2012,Hotel 1 oder 2*,Finnland,93,299
2012,Hotel 1 oder 2*,Frankreich,627,1603
2012,Hotel 1 oder 2*,Griechenland,105,360
2012,Hotel 1 oder 2*,Indien,23,47
2012,Hotel 1 oder 2*,Irland  (Republik),62,208
2012,Hotel 1 oder 2*,Island,3,3
2012,Hotel 1 oder 2*,Israel,182,310
2012,Hotel 1 oder 2*,Italien,9700,26434
2012,Hotel 1 oder 2*,Japan,32,86
2012,Hotel 1 oder 2*,Kanada,91,238
2012,Hotel 1 oder 2*,Kroatien,1131,3400
2012,Hotel 1 oder 2*,Kärnten,11951,35308
2012,Hotel 1 oder 2*,Lettland,21,180
2012,Hotel 1 oder 2*,Litauen,77,231
2012,Hotel 1 oder 2*,Luxemburg,69,191
2012,Hotel 1 oder 2*,Malta,10,73
2012,Hotel 1 oder 2*,Mitteldeutschland,5461,27353
2012,Hotel 1 oder 2*,Neuseeland,22,26
2012,Hotel 1 oder 2*,Niederlande,6346,23898
2012,Hotel 1 oder 2*,Niederösterreich,17257,63661
2012,Hotel 1 oder 2*,Norddeutschland,4371,24407
2012,Hotel 1 oder 2*,Nordrhein-Westfalen,7557,45868
2012,Hotel 1 oder 2*,Norwegen,177,536
2012,Hotel 1 oder 2*,Oberösterreich,11123,38433
2012,Hotel 1 oder 2*,Ostdeutschland,5688,26485
2012,Hotel 1 oder 2*,Polen,1547,6138
2012,Hotel 1 oder 2*,Portugal,54,178
2012,Hotel 1 oder 2*,Rumänien,904,3825
2012,Hotel 1 oder 2*,Russland,541,2109
2012,Hotel 1 oder 2*,Salzburg,6205,19640
2012,Hotel 1 oder 2*,Saudi-Arabien,4,4
2012,Hotel 1 oder 2*,Schweden,415,900
2012,Hotel 1 oder 2*,Schweiz und Liechtenstein,1907,6797
2012,Hotel 1 oder 2*,Slowakei,888,2965
2012,Hotel 1 oder 2*,Slowenien,2888,10359
2012,Hotel 1 oder 2*,Spanien,118,455
2012,Hotel 1 oder 2*,Steiermark,15827,43933
2012,Hotel 1 oder 2*,Südafrika,28,128
2012,Hotel 1 oder 2*,Südkorea,11,38
2012,Hotel 1 oder 2*,Südostasien,19,38
2012,Hotel 1 oder 2*,Taiwan,7,9
2012,Hotel 1 oder 2*,Tirol,4349,15092
2012,Hotel 1 oder 2*,Tschechische Republik,3062,9716
2012,Hotel 1 oder 2*,Türkei,82,340
2012,Hotel 1 oder 2*,USA,423,1551
2012,Hotel 1 oder 2*,Ukraine,445,931
2012,Hotel 1 oder 2*,Ungarn,5550,23989
2012,Hotel 1 oder 2*,Vereinigte Arabische Emirate,7,150
2012,Hotel 1 oder 2*,Vereinigtes Königreich,1171,6188
2012,Hotel 1 oder 2*,Vorarlberg,1396,5318
2012,Hotel 1 oder 2*,Wien,14771,65561
2012,Hotel 1 oder 2*,Zentral- und Südamerika,39,123
2012,Hotel 1 oder 2*,Zypern,3,5
2012,Hotel 1 oder 2*,ehem. Jugoslawien,243,1640
2012,Hotel 1 oder 2*,Übriges Afrika,50,194
2012,Hotel 1 oder 2*,Übriges Asien,16,39
2012,Hotel 1 oder 2*,Übriges Ausland,1441,7054
2012,Hotel 1 oder 2*,übrige GUS,51,192
2012,Hotel 3*,Arabische Länder Asiens,166,375
2012,Hotel 3*,Australien,652,2143
2012,Hotel 3*,Baden Württemberg,22703,101677
2012,Hotel 3*,Bayern,54234,203882
2012,Hotel 3*,Belgien,8721,41622
2012,Hotel 3*,Berlin,5221,28971
2012,Hotel 3*,Brasilien,81,191
2012,Hotel 3*,Bulgarien,599,2101
2012,Hotel 3*,Burgenland,10926,32669
2012,Hotel 3*,China,6833,7551
2012,Hotel 3*,Dänemark,2955,9513
2012,Hotel 3*,Estland,225,367
2012,Hotel 3*,Finnland,664,2068
2012,Hotel 3*,Frankreich,3482,9190
2012,Hotel 3*,Griechenland,287,841
2012,Hotel 3*,Indien,83,218
2012,Hotel 3*,Irland  (Republik),151,483
2012,Hotel 3*,Island,55,254
2012,Hotel 3*,Israel,699,1909
2012,Hotel 3*,Italien,44728,106511
2012,Hotel 3*,Japan,262,787
2012,Hotel 3*,Kanada,597,1563
2012,Hotel 3*,Kroatien,5683,21322
2012,Hotel 3*,Kärnten,37524,92118
2012,Hotel 3*,Lettland,549,979
2012,Hotel 3*,Litauen,288,767
2012,Hotel 3*,Luxemburg,446,1860
2012,Hotel 3*,Malta,47,91
2012,Hotel 3*,Mitteldeutschland,26597,130499
2012,Hotel 3*,Neuseeland,133,363
2012,Hotel 3*,Niederlande,26277,122509
2012,Hotel 3*,Niederösterreich,62361,210942
2012,Hotel 3*,Norddeutschland,18678,104744
2012,Hotel 3*,Nordrhein-Westfalen,32028,188415
2012,Hotel 3*,Norwegen,705,1588
2012,Hotel 3*,Oberösterreich,45734,137729
2012,Hotel 3*,Ostdeutschland,30234,150473
2012,Hotel 3*,Polen,11517,42930
2012,Hotel 3*,Portugal,207,722
2012,Hotel 3*,Rumänien,3199,12058
2012,Hotel 3*,Russland,4736,12611
2012,Hotel 3*,Salzburg,20462,54382
2012,Hotel 3*,Saudi-Arabien,36,87
2012,Hotel 3*,Schweden,2093,5612
2012,Hotel 3*,Schweiz und Liechtenstein,8755,29643
2012,Hotel 3*,Slowakei,4339,14812
2012,Hotel 3*,Slowenien,7095,19062
2012,Hotel 3*,Spanien,838,2161
2012,Hotel 3*,Steiermark,58877,148689
2012,Hotel 3*,Südafrika,135,487
2012,Hotel 3*,Südkorea,249,394
2012,Hotel 3*,Südostasien,184,422
2012,Hotel 3*,Taiwan,206,360
2012,Hotel 3*,Tirol,19797,59825
2012,Hotel 3*,Tschechische Republik,13844,49529
2012,Hotel 3*,Türkei,506,1592
2012,Hotel 3*,USA,1571,4472
2012,Hotel 3*,Ukraine,3190,5677
2012,Hotel 3*,Ungarn,16957,62571
2012,Hotel 3*,Vereinigte Arabische Emirate,51,87
2012,Hotel 3*,Vereinigtes Königreich,4435,17751
2012,Hotel 3*,Vorarlberg,5349,16975
2012,Hotel 3*,Wien,61277,209147
2012,Hotel 3*,Zentral- und Südamerika,369,998
2012,Hotel 3*,Zypern,18,154
2012,Hotel 3*,ehem. Jugoslawien,1339,3931
2012,Hotel 3*,Übriges Afrika,289,1258
2012,Hotel 3*,Übriges Asien,116,233
2012,Hotel 3*,Übriges Ausland,4430,20379
2012,Hotel 3*,übrige GUS,248,455
2012,Hotel 4*,Arabische Länder Asiens,552,1875
2012,Hotel 4*,Australien,678,2191
2012,Hotel 4*,Baden Württemberg,26759,138521
2012,Hotel 4*,Bayern,73684,316764
2012,Hotel 4*,Belgien,10387,66767
2012,Hotel 4*,Berlin,4840,27013
2012,Hotel 4*,Brasilien,201,398
2012,Hotel 4*,Bulgarien,1101,4506
2012,Hotel 4*,Burgenland,13847,49067
2012,Hotel 4*,China,4018,4664
2012,Hotel 4*,Dänemark,1769,7022
2012,Hotel 4*,Estland,343,830
2012,Hotel 4*,Finnland,718,2396
2012,Hotel 4*,Frankreich,5912,13275
2012,Hotel 4*,Griechenland,399,976
2012,Hotel 4*,Indien,138,475
2012,Hotel 4*,Irland  (Republik),314,1215
2012,Hotel 4*,Island,77,204
2012,Hotel 4*,Israel,793,2690
2012,Hotel 4*,Italien,64915,182889
2012,Hotel 4*,Japan,1776,2853
2012,Hotel 4*,Kanada,678,1693
2012,Hotel 4*,Kroatien,5186,18964
2012,Hotel 4*,Kärnten,57977,173876
2012,Hotel 4*,Lettland,171,409
2012,Hotel 4*,Litauen,150,395
2012,Hotel 4*,Luxemburg,859,4642
2012,Hotel 4*,Malta,84,332
2012,Hotel 4*,Mitteldeutschland,29589,160295
2012,Hotel 4*,Neuseeland,79,419
2012,Hotel 4*,Niederlande,13166,68808
2012,Hotel 4*,Niederösterreich,71016,269216
2012,Hotel 4*,Norddeutschland,21186,128859
2012,Hotel 4*,Nordrhein-Westfalen,31987,200101
2012,Hotel 4*,Norwegen,767,2108
2012,Hotel 4*,Oberösterreich,46956,155797
2012,Hotel 4*,Ostdeutschland,21255,121922
2012,Hotel 4*,Polen,6449,27410
2012,Hotel 4*,Portugal,142,429
2012,Hotel 4*,Rumänien,2340,9171
2012,Hotel 4*,Russland,6136,19697
2012,Hotel 4*,Salzburg,28380,84791
2012,Hotel 4*,Saudi-Arabien,70,185
2012,Hotel 4*,Schweden,1358,3701
2012,Hotel 4*,Schweiz und Liechtenstein,12411,45634
2012,Hotel 4*,Slowakei,4488,16730
2012,Hotel 4*,Slowenien,6062,18134
2012,Hotel 4*,Spanien,2422,5409
2012,Hotel 4*,Steiermark,81691,268130
2012,Hotel 4*,Südafrika,215,990
2012,Hotel 4*,Südkorea,87,170
2012,Hotel 4*,Südostasien,741,1320
2012,Hotel 4*,Taiwan,379,437
2012,Hotel 4*,Tirol,23243,77007
2012,Hotel 4*,Tschechische Republik,12414,46465
2012,Hotel 4*,Türkei,478,1411
2012,Hotel 4*,USA,3669,9643
2012,Hotel 4*,Ukraine,4452,9205
2012,Hotel 4*,Ungarn,11826,49845
2012,Hotel 4*,Vereinigte Arabische Emirate,53,196
2012,Hotel 4*,Vereinigtes Königreich,6313,25769
2012,Hotel 4*,Vorarlberg,6269,20796
2012,Hotel 4*,Wien,88223,312017
2012,Hotel 4*,Zentral- und Südamerika,546,1432
2012,Hotel 4*,Zypern,21,102
2012,Hotel 4*,ehem. Jugoslawien,2292,8522
2012,Hotel 4*,Übriges Afrika,785,3614
2012,Hotel 4*,Übriges Asien,276,434
2012,Hotel 4*,Übriges Ausland,8660,24356
2012,Hotel 4*,übrige GUS,724,2154
2012,Hotel 4* Superior,Arabische Länder Asiens,164,431
2012,Hotel 4* Superior,Australien,101,176
2012,Hotel 4* Superior,Baden Württemberg,2375,12992
2012,Hotel 4* Superior,Bayern,9506,36659
2012,Hotel 4* Superior,Belgien,246,986
2012,Hotel 4* Superior,Berlin,958,3885
2012,Hotel 4* Superior,Brasilien,4,28
2012,Hotel 4* Superior,Bulgarien,114,342
2012,Hotel 4* Superior,Burgenland,773,2364
2012,Hotel 4* Superior,China,473,593
2012,Hotel 4* Superior,Dänemark,75,164
2012,Hotel 4* Superior,Estland,2,18
2012,Hotel 4* Superior,Finnland,63,109
2012,Hotel 4* Superior,Frankreich,451,1697
2012,Hotel 4* Superior,Griechenland,30,58
2012,Hotel 4* Superior,Indien,30,108
2012,Hotel 4* Superior,Irland  (Republik),53,108
2012,Hotel 4* Superior,Island,3,5
2012,Hotel 4* Superior,Israel,69,223
2012,Hotel 4* Superior,Italien,5010,10296
2012,Hotel 4* Superior,Japan,244,859
2012,Hotel 4* Superior,Kanada,163,207
2012,Hotel 4* Superior,Kroatien,304,750
2012,Hotel 4* Superior,Kärnten,8147,20394
2012,Hotel 4* Superior,Lettland,2,2
2012,Hotel 4* Superior,Litauen,6,6
2012,Hotel 4* Superior,Luxemburg,29,107
2012,Hotel 4* Superior,Malta,4,7
2012,Hotel 4* Superior,Mitteldeutschland,2313,12852
2012,Hotel 4* Superior,Neuseeland,13,31
2012,Hotel 4* Superior,Niederlande,893,3367
2012,Hotel 4* Superior,Niederösterreich,5094,16704
2012,Hotel 4* Superior,Norddeutschland,1444,9402
2012,Hotel 4* Superior,Nordrhein-Westfalen,2885,18180
2012,Hotel 4* Superior,Norwegen,139,317
2012,Hotel 4* Superior,Oberösterreich,3362,10195
2012,Hotel 4* Superior,Ostdeutschland,1359,6795
2012,Hotel 4* Superior,Polen,253,543
2012,Hotel 4* Superior,Portugal,16,101
2012,Hotel 4* Superior,Rumänien,374,957
2012,Hotel 4* Superior,Russland,353,1548
2012,Hotel 4* Superior,Salzburg,2727,7504
2012,Hotel 4* Superior,Saudi-Arabien,6,20
2012,Hotel 4* Superior,Schweden,148,524
2012,Hotel 4* Superior,Schweiz und Liechtenstein,1663,6528
2012,Hotel 4* Superior,Slowakei,204,582
2012,Hotel 4* Superior,Slowenien,194,504
2012,Hotel 4* Superior,Spanien,373,685
2012,Hotel 4* Superior,Steiermark,5852,14513
2012,Hotel 4* Superior,Südafrika,9,19
2012,Hotel 4* Superior,Südkorea,77,372
2012,Hotel 4* Superior,Südostasien,229,683
2012,Hotel 4* Superior,Taiwan,67,164
2012,Hotel 4* Superior,Tirol,2693,7083
2012,Hotel 4* Superior,Tschechische Republik,284,901
2012,Hotel 4* Superior,Türkei,39,110
2012,Hotel 4* Superior,USA,1496,3304
2012,Hotel 4* Superior,Ukraine,59,295
2012,Hotel 4* Superior,Ungarn,348,1387
2012,Hotel 4* Superior,Vereinigte Arabische Emirate,9,53
2012,Hotel 4* Superior,Vereinigtes Königreich,981,2317
2012,Hotel 4* Superior,Vorarlberg,596,1872
2012,Hotel 4* Superior,Wien,6537,22260
2012,Hotel 4* Superior,Zentral- und Südamerika,75,130
2012,Hotel 4* Superior,Zypern,3,6
2012,Hotel 4* Superior,ehem. Jugoslawien,181,309
2012,Hotel 4* Superior,Übriges Afrika,19,38
2012,Hotel 4* Superior,Übriges Asien,15,28
2012,Hotel 4* Superior,Übriges Ausland,170,779
2012,Hotel 4* Superior,übrige GUS,9,47
2012,Hotel 5*,Arabische Länder Asiens,107,326
2012,Hotel 5*,Australien,60,216
2012,Hotel 5*,Baden Württemberg,543,2819
2012,Hotel 5*,Bayern,2129,8447
2012,Hotel 5*,Belgien,79,430
2012,Hotel 5*,Berlin,99,448
2012,Hotel 5*,Brasilien,6,10
2012,Hotel 5*,Bulgarien,52,162
2012,Hotel 5*,Burgenland,377,1367
2012,Hotel 5*,China,43,63
2012,Hotel 5*,Dänemark,19,65
2012,Hotel 5*,Estland,9,34
2012,Hotel 5*,Frankreich,266,698
2012,Hotel 5*,Griechenland,9,51
2012,Hotel 5*,Indien,2,2
2012,Hotel 5*,Irland  (Republik),4,28
2012,Hotel 5*,Israel,52,254
2012,Hotel 5*,Italien,5456,15675
2012,Hotel 5*,Japan,13,49
2012,Hotel 5*,Kanada,48,109
2012,Hotel 5*,Kroatien,178,623
2012,Hotel 5*,Kärnten,3255,7058
2012,Hotel 5*,Lettland,4,20
2012,Hotel 5*,Litauen,9,23
2012,Hotel 5*,Luxemburg,17,53
2012,Hotel 5*,Malta,1,4
2012,Hotel 5*,Mitteldeutschland,537,3052
2012,Hotel 5*,Niederlande,176,773
2012,Hotel 5*,Niederösterreich,2374,9589
2012,Hotel 5*,Norddeutschland,564,3429
2012,Hotel 5*,Nordrhein-Westfalen,963,5142
2012,Hotel 5*,Norwegen,20,36
2012,Hotel 5*,Oberösterreich,1426,4850
2012,Hotel 5*,Ostdeutschland,374,1319
2012,Hotel 5*,Polen,123,529
2012,Hotel 5*,Portugal,1,1
2012,Hotel 5*,Rumänien,89,343
2012,Hotel 5*,Russland,492,3557
2012,Hotel 5*,Salzburg,1536,5124
2012,Hotel 5*,Schweden,28,123
2012,Hotel 5*,Schweiz und Liechtenstein,569,2298
2012,Hotel 5*,Slowakei,84,235
2012,Hotel 5*,Slowenien,348,973
2012,Hotel 5*,Spanien,40,161
2012,Hotel 5*,Steiermark,3058,8154
2012,Hotel 5*,Südafrika,5,16
2012,Hotel 5*,Südkorea,3,11
2012,Hotel 5*,Südostasien,32,60
2012,Hotel 5*,Tirol,1098,3254
2012,Hotel 5*,Tschechische Republik,209,748
2012,Hotel 5*,Türkei,14,76
2012,Hotel 5*,USA,545,1454
2012,Hotel 5*,Ukraine,247,1380
2012,Hotel 5*,Ungarn,295,896
2012,Hotel 5*,Vereinigte Arabische Emirate,8,16
2012,Hotel 5*,Vereinigtes Königreich,504,1849
2012,Hotel 5*,Vorarlberg,275,803
2012,Hotel 5*,Wien,4281,18053
2012,Hotel 5*,Zentral- und Südamerika,51,120
2012,Hotel 5*,ehem. Jugoslawien,98,443
2012,Hotel 5*,Übriges Afrika,740,3618
2012,Hotel 5*,Übriges Asien,20,38
2012,Hotel 5*,Übriges Ausland,167,549
2012,Hotel 5*,übrige GUS,47,209
2012,Jugendherbergen u. -gästehäuser,Arabische Länder Asiens,7,20
2012,Jugendherbergen u. -gästehäuser,Australien,43,86
2012,Jugendherbergen u. -gästehäuser,Baden Württemberg,1298,2979
2012,Jugendherbergen u. -gästehäuser,Bayern,1883,5116
2012,Jugendherbergen u. -gästehäuser,Belgien,161,234
2012,Jugendherbergen u. -gästehäuser,Berlin,189,416
2012,Jugendherbergen u. -gästehäuser,Bulgarien,37,92
2012,Jugendherbergen u. -gästehäuser,Burgenland,555,1761
2012,Jugendherbergen u. -gästehäuser,China,31,53
2012,Jugendherbergen u. -gästehäuser,Dänemark,58,119
2012,Jugendherbergen u. -gästehäuser,Estland,63,77
2012,Jugendherbergen u. -gästehäuser,Finnland,86,259
2012,Jugendherbergen u. -gästehäuser,Frankreich,309,689
2012,Jugendherbergen u. -gästehäuser,Griechenland,39,140
2012,Jugendherbergen u. -gästehäuser,Indien,13,22
2012,Jugendherbergen u. -gästehäuser,Irland  (Republik),37,152
2012,Jugendherbergen u. -gästehäuser,Israel,35,44
2012,Jugendherbergen u. -gästehäuser,Italien,2946,5618
2012,Jugendherbergen u. -gästehäuser,Japan,51,61
2012,Jugendherbergen u. -gästehäuser,Kanada,35,50
2012,Jugendherbergen u. -gästehäuser,Kroatien,317,758
2012,Jugendherbergen u. -gästehäuser,Kärnten,8326,23151
2012,Jugendherbergen u. -gästehäuser,Lettland,303,305
2012,Jugendherbergen u. -gästehäuser,Litauen,45,507
2012,Jugendherbergen u. -gästehäuser,Luxemburg,4,4
2012,Jugendherbergen u. -gästehäuser,Mitteldeutschland,1245,2735
2012,Jugendherbergen u. -gästehäuser,Neuseeland,16,40
2012,Jugendherbergen u. -gästehäuser,Niederlande,738,2317
2012,Jugendherbergen u. -gästehäuser,Niederösterreich,3812,12182
2012,Jugendherbergen u. -gästehäuser,Norddeutschland,672,1532
2012,Jugendherbergen u. -gästehäuser,Nordrhein-Westfalen,1179,3805
2012,Jugendherbergen u. -gästehäuser,Norwegen,72,72
2012,Jugendherbergen u. -gästehäuser,Oberösterreich,2991,8015
2012,Jugendherbergen u. -gästehäuser,Ostdeutschland,673,1848
2012,Jugendherbergen u. -gästehäuser,Polen,734,2098
2012,Jugendherbergen u. -gästehäuser,Portugal,18,79
2012,Jugendherbergen u. -gästehäuser,Rumänien,456,692
2012,Jugendherbergen u. -gästehäuser,Russland,157,512
2012,Jugendherbergen u. -gästehäuser,Salzburg,2047,5558
2012,Jugendherbergen u. -gästehäuser,Schweden,84,226
2012,Jugendherbergen u. -gästehäuser,Schweiz und Liechtenstein,372,1019
2012,Jugendherbergen u. -gästehäuser,Slowakei,354,1093
2012,Jugendherbergen u. -gästehäuser,Slowenien,811,1642
2012,Jugendherbergen u. -gästehäuser,Spanien,223,578
2012,Jugendherbergen u. -gästehäuser,Steiermark,7168,17606
2012,Jugendherbergen u. -gästehäuser,Südafrika,168,272
2012,Jugendherbergen u. -gästehäuser,Südkorea,3,6
2012,Jugendherbergen u. -gästehäuser,Südostasien,23,49
2012,Jugendherbergen u. -gästehäuser,Taiwan,8,8
2012,Jugendherbergen u. -gästehäuser,Tirol,1522,3551
2012,Jugendherbergen u. -gästehäuser,Tschechische Republik,719,1317
2012,Jugendherbergen u. -gästehäuser,Türkei,6,13
2012,Jugendherbergen u. -gästehäuser,USA,195,420
2012,Jugendherbergen u. -gästehäuser,Ukraine,84,232
2012,Jugendherbergen u. -gästehäuser,Ungarn,954,2392
2012,Jugendherbergen u. -gästehäuser,Vereinigtes Königreich,310,802
2012,Jugendherbergen u. -gästehäuser,Vorarlberg,655,1441
2012,Jugendherbergen u. -gästehäuser,Wien,8045,23360
2012,Jugendherbergen u. -gästehäuser,Zentral- und Südamerika,30,54
2012,Jugendherbergen u. -gästehäuser,ehem. Jugoslawien,148,322
2012,Jugendherbergen u. -gästehäuser,Übriges Afrika,7,21
2012,Jugendherbergen u. -gästehäuser,Übriges Asien,10,21
2012,Jugendherbergen u. -gästehäuser,Übriges Ausland,93,218
2012,Jugendherbergen u. -gästehäuser,übrige GUS,130,175
2012,Kinder- u. Jugenderholungsheime,Baden Württemberg,75,525
2012,Kinder- u. Jugenderholungsheime,Bayern,24,47
2012,Kinder- u. Jugenderholungsheime,Belgien,926,5693
2012,Kinder- u. Jugenderholungsheime,Burgenland,206,1129
2012,Kinder- u. Jugenderholungsheime,Dänemark,566,2215
2012,Kinder- u. Jugenderholungsheime,Frankreich,93,651
2012,Kinder- u. Jugenderholungsheime,Italien,32,114
2012,Kinder- u. Jugenderholungsheime,Kroatien,166,709
2012,Kinder- u. Jugenderholungsheime,Kärnten,1170,5421
2012,Kinder- u. Jugenderholungsheime,Niederösterreich,900,5516
2012,Kinder- u. Jugenderholungsheime,Norddeutschland,131,700
2012,Kinder- u. Jugenderholungsheime,Nordrhein-Westfalen,179,1227
2012,Kinder- u. Jugenderholungsheime,Oberösterreich,188,1196
2012,Kinder- u. Jugenderholungsheime,Polen,318,2530
2012,Kinder- u. Jugenderholungsheime,Salzburg,238,1640
2012,Kinder- u. Jugenderholungsheime,Slowenien,47,144
2012,Kinder- u. Jugenderholungsheime,Steiermark,1501,12887
2012,Kinder- u. Jugenderholungsheime,Tirol,200,1212
2012,Kinder- u. Jugenderholungsheime,Tschechische Republik,145,1113
2012,Kinder- u. Jugenderholungsheime,Ungarn,58,58
2012,Kinder- u. Jugenderholungsheime,Vereinigtes Königreich,727,4559
2012,Kinder- u. Jugenderholungsheime,Vorarlberg,3,6
2012,Kinder- u. Jugenderholungsheime,Wien,2082,13355
2012,Kinder- u. Jugenderholungsheime,Übriges Ausland,48,336
2012,Kurheim der Sozialversich.träger,Baden Württemberg,6,106
2012,Kurheim der Sozialversich.träger,Bayern,5,47
2012,Kurheim der Sozialversich.träger,Burgenland,168,2898
2012,Kurheim der Sozialversich.träger,Griechenland,2,23
2012,Kurheim der Sozialversich.träger,Italien,3,25
2012,Kurheim der Sozialversich.träger,Kärnten,2295,43811
2012,Kurheim der Sozialversich.träger,Mitteldeutschland,0,3
2012,Kurheim der Sozialversich.träger,Niederösterreich,1137,18137
2012,Kurheim der Sozialversich.träger,Oberösterreich,606,9660
2012,Kurheim der Sozialversich.träger,Rumänien,1,5
2012,Kurheim der Sozialversich.träger,Salzburg,319,5331
2012,Kurheim der Sozialversich.träger,Schweiz und Liechtenstein,2,28
2012,Kurheim der Sozialversich.träger,Steiermark,2063,38152
2012,Kurheim der Sozialversich.träger,Tirol,299,4895
2012,Kurheim der Sozialversich.träger,Ungarn,3,12
2012,Kurheim der Sozialversich.träger,Vorarlberg,61,1058
2012,Kurheim der Sozialversich.träger,Wien,1168,19316
2012,Kurheim der Sozialversich.träger,Übriges Ausland,3,38
2012,Kurheim der Sozialversich.träger,übrige GUS,10,161
2012,Private u. öffentl. Kurheime,Arabische Länder Asiens,69,793
2012,Private u. öffentl. Kurheime,Australien,23,303
2012,Private u. öffentl. Kurheime,Baden Württemberg,68,734
2012,Private u. öffentl. Kurheime,Bayern,361,3297
2012,Private u. öffentl. Kurheime,Belgien,14,98
2012,Private u. öffentl. Kurheime,Berlin,61,468
2012,Private u. öffentl. Kurheime,Bulgarien,5,24
2012,Private u. öffentl. Kurheime,Burgenland,262,3375
2012,Private u. öffentl. Kurheime,China,4,49
2012,Private u. öffentl. Kurheime,Dänemark,7,98
2012,Private u. öffentl. Kurheime,Finnland,9,94
2012,Private u. öffentl. Kurheime,Frankreich,30,310
2012,Private u. öffentl. Kurheime,Griechenland,31,307
2012,Private u. öffentl. Kurheime,Indien,13,98
2012,Private u. öffentl. Kurheime,Irland  (Republik),28,265
2012,Private u. öffentl. Kurheime,Israel,10,111
2012,Private u. öffentl. Kurheime,Italien,110,677
2012,Private u. öffentl. Kurheime,Japan,1,16
2012,Private u. öffentl. Kurheime,Kanada,14,106
2012,Private u. öffentl. Kurheime,Kroatien,5,29
2012,Private u. öffentl. Kurheime,Kärnten,579,7371
2012,Private u. öffentl. Kurheime,Lettland,3,20
2012,Private u. öffentl. Kurheime,Luxemburg,2,6
2012,Private u. öffentl. Kurheime,Malta,2,16
2012,Private u. öffentl. Kurheime,Mitteldeutschland,103,1080
2012,Private u. öffentl. Kurheime,Neuseeland,2,16
2012,Private u. öffentl. Kurheime,Niederlande,13,93
2012,Private u. öffentl. Kurheime,Niederösterreich,2467,26881
2012,Private u. öffentl. Kurheime,Norddeutschland,89,1080
2012,Private u. öffentl. Kurheime,Nordrhein-Westfalen,111,1287
2012,Private u. öffentl. Kurheime,Norwegen,5,48
2012,Private u. öffentl. Kurheime,Oberösterreich,924,12952
2012,Private u. öffentl. Kurheime,Ostdeutschland,67,640
2012,Private u. öffentl. Kurheime,Polen,12,112
2012,Private u. öffentl. Kurheime,Portugal,1,10
2012,Private u. öffentl. Kurheime,Rumänien,23,161
2012,Private u. öffentl. Kurheime,Russland,66,633
2012,Private u. öffentl. Kurheime,Salzburg,556,7552
2012,Private u. öffentl. Kurheime,Schweden,13,110
2012,Private u. öffentl. Kurheime,Schweiz und Liechtenstein,123,1071
2012,Private u. öffentl. Kurheime,Slowakei,21,143
2012,Private u. öffentl. Kurheime,Slowenien,6,51
2012,Private u. öffentl. Kurheime,Spanien,1,13
2012,Private u. öffentl. Kurheime,Steiermark,1210,16258
2012,Private u. öffentl. Kurheime,Südkorea,2,20
2012,Private u. öffentl. Kurheime,Südostasien,8,63
2012,Private u. öffentl. Kurheime,Tirol,799,8905
2012,Private u. öffentl. Kurheime,Tschechische Republik,46,351
2012,Private u. öffentl. Kurheime,Türkei,52,394
2012,Private u. öffentl. Kurheime,USA,93,828
2012,Private u. öffentl. Kurheime,Ukraine,54,504
2012,Private u. öffentl. Kurheime,Ungarn,18,81
2012,Private u. öffentl. Kurheime,Vereinigtes Königreich,900,7865
2012,Private u. öffentl. Kurheime,Vorarlberg,226,2504
2012,Private u. öffentl. Kurheime,Wien,3554,38893
2012,Private u. öffentl. Kurheime,Zentral- und Südamerika,19,233
2012,Private u. öffentl. Kurheime,Zypern,1,20
2012,Private u. öffentl. Kurheime,ehem. Jugoslawien,2,6
2012,Private u. öffentl. Kurheime,Übriges Afrika,205,1980
2012,Private u. öffentl. Kurheime,Übriges Asien,1,3
2012,Private u. öffentl. Kurheime,Übriges Ausland,153,1205
2012,Private u. öffentl. Kurheime,übrige GUS,16,135
2012,Sonstige Unterkunft,Arabische Länder Asiens,18,153
2012,Sonstige Unterkunft,Australien,61,211
2012,Sonstige Unterkunft,Baden Württemberg,3667,21152
2012,Sonstige Unterkunft,Bayern,7811,33839
2012,Sonstige Unterkunft,Belgien,503,2733
2012,Sonstige Unterkunft,Berlin,935,6031
2012,Sonstige Unterkunft,Brasilien,3,10
2012,Sonstige Unterkunft,Bulgarien,127,244
2012,Sonstige Unterkunft,Burgenland,1583,5395
2012,Sonstige Unterkunft,China,67,149
2012,Sonstige Unterkunft,Dänemark,275,748
2012,Sonstige Unterkunft,Estland,7,11
2012,Sonstige Unterkunft,Finnland,85,283
2012,Sonstige Unterkunft,Frankreich,324,1180
2012,Sonstige Unterkunft,Griechenland,26,74
2012,Sonstige Unterkunft,Indien,15,21
2012,Sonstige Unterkunft,Irland  (Republik),23,89
2012,Sonstige Unterkunft,Island,6,18
2012,Sonstige Unterkunft,Israel,84,223
2012,Sonstige Unterkunft,Italien,5103,14178
2012,Sonstige Unterkunft,Japan,49,237
2012,Sonstige Unterkunft,Kanada,70,228
2012,Sonstige Unterkunft,Kroatien,450,1824
2012,Sonstige Unterkunft,Kärnten,11887,36907
2012,Sonstige Unterkunft,Lettland,21,50
2012,Sonstige Unterkunft,Litauen,29,56
2012,Sonstige Unterkunft,Luxemburg,106,582
2012,Sonstige Unterkunft,Malta,4,7
2012,Sonstige Unterkunft,Mitteldeutschland,4782,26070
2012,Sonstige Unterkunft,Neuseeland,9,23
2012,Sonstige Unterkunft,Niederlande,4064,20131
2012,Sonstige Unterkunft,Niederösterreich,12754,53331
2012,Sonstige Unterkunft,Norddeutschland,3889,25985
2012,Sonstige Unterkunft,Nordrhein-Westfalen,6850,49121
2012,Sonstige Unterkunft,Norwegen,116,281
2012,Sonstige Unterkunft,Oberösterreich,11092,46011
2012,Sonstige Unterkunft,Ostdeutschland,4014,20756
2012,Sonstige Unterkunft,Polen,1629,10221
2012,Sonstige Unterkunft,Portugal,16,41
2012,Sonstige Unterkunft,Rumänien,407,2267
2012,Sonstige Unterkunft,Russland,383,2003
2012,Sonstige Unterkunft,Salzburg,4456,15033
2012,Sonstige Unterkunft,Saudi-Arabien,9,33
2012,Sonstige Unterkunft,Schweden,197,617
2012,Sonstige Unterkunft,Schweiz und Liechtenstein,1131,4688
2012,Sonstige Unterkunft,Slowakei,488,2406
2012,Sonstige Unterkunft,Slowenien,2698,4598
2012,Sonstige Unterkunft,Spanien,155,517
2012,Sonstige Unterkunft,Steiermark,11420,39986
2012,Sonstige Unterkunft,Südafrika,9,69
2012,Sonstige Unterkunft,Südkorea,7,29
2012,Sonstige Unterkunft,Südostasien,15,49
2012,Sonstige Unterkunft,Taiwan,3,24
2012,Sonstige Unterkunft,Tirol,4062,14415
2012,Sonstige Unterkunft,Tschechische Republik,1620,5597
2012,Sonstige Unterkunft,Türkei,17,53
2012,Sonstige Unterkunft,USA,386,874
2012,Sonstige Unterkunft,Ukraine,118,537
2012,Sonstige Unterkunft,Ungarn,10602,43005
2012,Sonstige Unterkunft,Vereinigte Arabische Emirate,45,229
2012,Sonstige Unterkunft,Vereinigtes Königreich,1175,6655
2012,Sonstige Unterkunft,Vorarlberg,728,4047
2012,Sonstige Unterkunft,Wien,15505,72137
2012,Sonstige Unterkunft,Zentral- und Südamerika,15,47
2012,Sonstige Unterkunft,Zypern,5,12
2012,Sonstige Unterkunft,ehem. Jugoslawien,174,1419
2012,Sonstige Unterkunft,Übriges Afrika,17,38
2012,Sonstige Unterkunft,Übriges Asien,8,12
2012,Sonstige Unterkunft,Übriges Ausland,659,2436
2012,Sonstige Unterkunft,übrige GUS,3,3
2012,Unterkunft auf Bauernhof,Arabische Länder Asiens,3,11
2012,Unterkunft auf Bauernhof,Australien,32,124
2012,Unterkunft auf Bauernhof,Baden Württemberg,2846,24830
2012,Unterkunft auf Bauernhof,Bayern,5881,38140
2012,Unterkunft auf Bauernhof,Belgien,441,3593
2012,Unterkunft auf Bauernhof,Berlin,950,9689
2012,Unterkunft auf Bauernhof,Brasilien,2,2
2012,Unterkunft auf Bauernhof,Bulgarien,26,69
2012,Unterkunft auf Bauernhof,Burgenland,582,3193
2012,Unterkunft auf Bauernhof,China,2,18
2012,Unterkunft auf Bauernhof,Dänemark,74,471
2012,Unterkunft auf Bauernhof,Estland,5,30
2012,Unterkunft auf Bauernhof,Finnland,21,127
2012,Unterkunft auf Bauernhof,Frankreich,128,786
2012,Unterkunft auf Bauernhof,Griechenland,1,3
2012,Unterkunft auf Bauernhof,Irland  (Republik),7,25
2012,Unterkunft auf Bauernhof,Israel,22,88
2012,Unterkunft auf Bauernhof,Italien,1966,8817
2012,Unterkunft auf Bauernhof,Kanada,9,61
2012,Unterkunft auf Bauernhof,Kroatien,442,2299
2012,Unterkunft auf Bauernhof,Kärnten,1796,7310
2012,Unterkunft auf Bauernhof,Lettland,41,376
2012,Unterkunft auf Bauernhof,Litauen,21,205
2012,Unterkunft auf Bauernhof,Luxemburg,15,96
2012,Unterkunft auf Bauernhof,Mitteldeutschland,2663,24417
2012,Unterkunft auf Bauernhof,Neuseeland,1,2
2012,Unterkunft auf Bauernhof,Niederlande,2007,18595
2012,Unterkunft auf Bauernhof,Niederösterreich,3993,22067
2012,Unterkunft auf Bauernhof,Norddeutschland,2488,24765
2012,Unterkunft auf Bauernhof,Nordrhein-Westfalen,4564,47881
2012,Unterkunft auf Bauernhof,Norwegen,44,233
2012,Unterkunft auf Bauernhof,Oberösterreich,2079,10441
2012,Unterkunft auf Bauernhof,Ostdeutschland,3259,27596
2012,Unterkunft auf Bauernhof,Polen,601,4910
2012,Unterkunft auf Bauernhof,Portugal,18,160
2012,Unterkunft auf Bauernhof,Rumänien,86,508
2012,Unterkunft auf Bauernhof,Russland,100,570
2012,Unterkunft auf Bauernhof,Salzburg,648,2820
2012,Unterkunft auf Bauernhof,Schweden,62,278
2012,Unterkunft auf Bauernhof,Schweiz und Liechtenstein,354,2141
2012,Unterkunft auf Bauernhof,Slowakei,387,1871
2012,Unterkunft auf Bauernhof,Slowenien,490,2319
2012,Unterkunft auf Bauernhof,Spanien,7,20
2012,Unterkunft auf Bauernhof,Steiermark,2119,9089
2012,Unterkunft auf Bauernhof,Südafrika,3,9
2012,Unterkunft auf Bauernhof,Südostasien,2,20
2012,Unterkunft auf Bauernhof,Tirol,530,2282
2012,Unterkunft auf Bauernhof,Tschechische Republik,1553,7780
2012,Unterkunft auf Bauernhof,Türkei,7,27
2012,Unterkunft auf Bauernhof,USA,48,286
2012,Unterkunft auf Bauernhof,Ukraine,50,304
2012,Unterkunft auf Bauernhof,Ungarn,1292,6947
2012,Unterkunft auf Bauernhof,Vereinigtes Königreich,100,685
2012,Unterkunft auf Bauernhof,Vorarlberg,227,1076
2012,Unterkunft auf Bauernhof,Wien,3961,26280
2012,Unterkunft auf Bauernhof,Zentral- und Südamerika,7,42
2012,Unterkunft auf Bauernhof,ehem. Jugoslawien,145,944
2012,Unterkunft auf Bauernhof,Übriges Afrika,4,95
2012,Unterkunft auf Bauernhof,Übriges Asien,6,48
2012,Unterkunft auf Bauernhof,Übriges Ausland,205,1609
2013,Bewirtschaftete Schutzhütten,Australien,19,19
2013,Bewirtschaftete Schutzhütten,Baden Württemberg,281,646
2013,Bewirtschaftete Schutzhütten,Bayern,2234,3023
2013,Bewirtschaftete Schutzhütten,Belgien,97,122
2013,Bewirtschaftete Schutzhütten,Berlin,191,415
2013,Bewirtschaftete Schutzhütten,Bulgarien,1,1
2013,Bewirtschaftete Schutzhütten,Burgenland,467,527
2013,Bewirtschaftete Schutzhütten,Dänemark,22,27
2013,Bewirtschaftete Schutzhütten,Finnland,2,2
2013,Bewirtschaftete Schutzhütten,Frankreich,21,46
2013,Bewirtschaftete Schutzhütten,Irland  (Republik),9,22
2013,Bewirtschaftete Schutzhütten,Israel,1,1
2013,Bewirtschaftete Schutzhütten,Italien,507,543
2013,Bewirtschaftete Schutzhütten,Kanada,4,4
2013,Bewirtschaftete Schutzhütten,Kroatien,159,159
2013,Bewirtschaftete Schutzhütten,Kärnten,1881,4165
2013,Bewirtschaftete Schutzhütten,Litauen,3,9
2013,Bewirtschaftete Schutzhütten,Luxemburg,18,18
2013,Bewirtschaftete Schutzhütten,Mitteldeutschland,740,1457
2013,Bewirtschaftete Schutzhütten,Niederlande,619,738
2013,Bewirtschaftete Schutzhütten,Niederösterreich,374,610
2013,Bewirtschaftete Schutzhütten,Norddeutschland,337,628
2013,Bewirtschaftete Schutzhütten,Nordrhein-Westfalen,624,1351
2013,Bewirtschaftete Schutzhütten,Oberösterreich,693,1000
2013,Bewirtschaftete Schutzhütten,Ostdeutschland,1132,1548
2013,Bewirtschaftete Schutzhütten,Polen,297,297
2013,Bewirtschaftete Schutzhütten,Salzburg,620,773
2013,Bewirtschaftete Schutzhütten,Schweden,18,18
2013,Bewirtschaftete Schutzhütten,Schweiz und Liechtenstein,100,138
2013,Bewirtschaftete Schutzhütten,Slowakei,357,374
2013,Bewirtschaftete Schutzhütten,Slowenien,397,423
2013,Bewirtschaftete Schutzhütten,Spanien,14,14
2013,Bewirtschaftete Schutzhütten,Steiermark,1091,1964
2013,Bewirtschaftete Schutzhütten,Südostasien,4,4
2013,Bewirtschaftete Schutzhütten,Tirol,445,652
2013,Bewirtschaftete Schutzhütten,Tschechische Republik,614,730
2013,Bewirtschaftete Schutzhütten,USA,6,6
2013,Bewirtschaftete Schutzhütten,Ukraine,1,1
2013,Bewirtschaftete Schutzhütten,Ungarn,202,272
2013,Bewirtschaftete Schutzhütten,Vereinigtes Königreich,14,14
2013,Bewirtschaftete Schutzhütten,Vorarlberg,116,148
2013,Bewirtschaftete Schutzhütten,Wien,3333,3899
2013,Bewirtschaftete Schutzhütten,Übriges Ausland,335,335
2013,Campingplatz,Arabische Länder Asiens,4,44
2013,Campingplatz,Australien,121,237
2013,Campingplatz,Baden Württemberg,18631,103758
2013,Campingplatz,Bayern,41242,183433
2013,Campingplatz,Belgien,4591,20348
2013,Campingplatz,Berlin,2243,10444
2013,Campingplatz,Bulgarien,112,298
2013,Campingplatz,Burgenland,975,5475
2013,Campingplatz,China,22,74
2013,Campingplatz,Dänemark,5939,24633
2013,Campingplatz,Estland,48,93
2013,Campingplatz,Finnland,271,723
2013,Campingplatz,Frankreich,1860,5267
2013,Campingplatz,Griechenland,20,46
2013,Campingplatz,Indien,8,16
2013,Campingplatz,Irland  (Republik),65,266
2013,Campingplatz,Island,12,15
2013,Campingplatz,Israel,219,335
2013,Campingplatz,Italien,15903,45599
2013,Campingplatz,Japan,3,4
2013,Campingplatz,Kanada,40,89
2013,Campingplatz,Kroatien,197,429
2013,Campingplatz,Kärnten,4609,57004
2013,Campingplatz,Lettland,99,239
2013,Campingplatz,Litauen,100,175
2013,Campingplatz,Luxemburg,197,1096
2013,Campingplatz,Malta,24,138
2013,Campingplatz,Mitteldeutschland,13946,79306
2013,Campingplatz,Neuseeland,38,66
2013,Campingplatz,Niederlande,61468,538567
2013,Campingplatz,Niederösterreich,12333,76381
2013,Campingplatz,Norddeutschland,14901,84839
2013,Campingplatz,Nordrhein-Westfalen,23583,164479
2013,Campingplatz,Norwegen,542,968
2013,Campingplatz,Oberösterreich,9364,52188
2013,Campingplatz,Ostdeutschland,9629,50089
2013,Campingplatz,Polen,2013,4966
2013,Campingplatz,Portugal,61,116
2013,Campingplatz,Rumänien,178,737
2013,Campingplatz,Russland,313,949
2013,Campingplatz,Salzburg,6651,41215
2013,Campingplatz,Schweden,1571,2964
2013,Campingplatz,Schweiz und Liechtenstein,5590,28276
2013,Campingplatz,Slowakei,550,1173
2013,Campingplatz,Slowenien,1410,3296
2013,Campingplatz,Spanien,303,777
2013,Campingplatz,Steiermark,16276,137475
2013,Campingplatz,Südafrika,16,56
2013,Campingplatz,Südkorea,6,6
2013,Campingplatz,Südostasien,20,48
2013,Campingplatz,Tirol,3826,24577
2013,Campingplatz,Tschechische Republik,5176,14264
2013,Campingplatz,Türkei,24,48
2013,Campingplatz,USA,141,265
2013,Campingplatz,Ukraine,64,148
2013,Campingplatz,Ungarn,1961,5582
2013,Campingplatz,Vereinigtes Königreich,1638,5570
2013,Campingplatz,Vorarlberg,1106,6712
2013,Campingplatz,Wien,10140,66477
2013,Campingplatz,Zentral- und Südamerika,50,82
2013,Campingplatz,ehem. Jugoslawien,45,128
2013,Campingplatz,Übriges Afrika,40,105
2013,Campingplatz,Übriges Asien,2,2
2013,Campingplatz,Übriges Ausland,1355,4997
2013,Campingplatz,übrige GUS,17,17
2013,Ferienwohnung,Arabische Länder Asiens,137,768
2013,Ferienwohnung,Australien,172,742
2013,Ferienwohnung,Baden Württemberg,14202,118372
2013,Ferienwohnung,Bayern,30356,203894
2013,Ferienwohnung,Belgien,2735,21393
2013,Ferienwohnung,Berlin,3409,33709
2013,Ferienwohnung,Brasilien,56,286
2013,Ferienwohnung,Bulgarien,307,1818
2013,Ferienwohnung,Burgenland,3028,15170
2013,Ferienwohnung,China,1312,1548
2013,Ferienwohnung,Dänemark,1157,6857
2013,Ferienwohnung,Estland,131,418
2013,Ferienwohnung,Finnland,614,4524
2013,Ferienwohnung,Frankreich,858,5639
2013,Ferienwohnung,Griechenland,53,368
2013,Ferienwohnung,Indien,26,155
2013,Ferienwohnung,Irland  (Republik),94,576
2013,Ferienwohnung,Island,2,20
2013,Ferienwohnung,Israel,479,2450
2013,Ferienwohnung,Italien,15104,73053
2013,Ferienwohnung,Japan,10,44
2013,Ferienwohnung,Kanada,107,539
2013,Ferienwohnung,Kroatien,6880,35437
2013,Ferienwohnung,Kärnten,9677,42571
2013,Ferienwohnung,Lettland,126,560
2013,Ferienwohnung,Litauen,209,931
2013,Ferienwohnung,Luxemburg,158,1061
2013,Ferienwohnung,Malta,27,100
2013,Ferienwohnung,Mitteldeutschland,14023,120902
2013,Ferienwohnung,Neuseeland,164,959
2013,Ferienwohnung,Niederlande,26165,217626
2013,Ferienwohnung,Niederösterreich,24001,140084
2013,Ferienwohnung,Norddeutschland,11834,112222
2013,Ferienwohnung,Nordrhein-Westfalen,21317,213710
2013,Ferienwohnung,Norwegen,111,786
2013,Ferienwohnung,Oberösterreich,13260,71005
2013,Ferienwohnung,Ostdeutschland,12930,111205
2013,Ferienwohnung,Polen,6832,42574
2013,Ferienwohnung,Portugal,29,199
2013,Ferienwohnung,Rumänien,1817,13646
2013,Ferienwohnung,Russland,1906,13349
2013,Ferienwohnung,Salzburg,5092,24673
2013,Ferienwohnung,Saudi-Arabien,67,244
2013,Ferienwohnung,Schweden,448,2499
2013,Ferienwohnung,Schweiz und Liechtenstein,2457,17071
2013,Ferienwohnung,Slowakei,4291,22589
2013,Ferienwohnung,Slowenien,10004,52389
2013,Ferienwohnung,Spanien,241,1803
2013,Ferienwohnung,Steiermark,14666,73748
2013,Ferienwohnung,Südafrika,31,365
2013,Ferienwohnung,Südkorea,14,50
2013,Ferienwohnung,Südostasien,62,785
2013,Ferienwohnung,Taiwan,22,36
2013,Ferienwohnung,Tirol,3615,20564
2013,Ferienwohnung,Tschechische Republik,21066,103130
2013,Ferienwohnung,Türkei,43,184
2013,Ferienwohnung,USA,432,2480
2013,Ferienwohnung,Ukraine,486,3321
2013,Ferienwohnung,Ungarn,16650,86137
2013,Ferienwohnung,Vereinigte Arabische Emirate,24,214
2013,Ferienwohnung,Vereinigtes Königreich,1560,8364
2013,Ferienwohnung,Vorarlberg,1233,7731
2013,Ferienwohnung,Wien,31803,185065
2013,Ferienwohnung,Zentral- und Südamerika,66,340
2013,Ferienwohnung,ehem. Jugoslawien,1812,11446
2013,Ferienwohnung,Übriges Afrika,102,735
2013,Ferienwohnung,Übriges Asien,24,165
2013,Ferienwohnung,Übriges Ausland,1469,9366
2013,Ferienwohnung,übrige GUS,70,432
2013,Hotel 1 oder 2*,Arabische Länder Asiens,63,125
2013,Hotel 1 oder 2*,Australien,86,197
2013,Hotel 1 oder 2*,Baden Württemberg,4923,22228
2013,Hotel 1 oder 2*,Bayern,11626,44122
2013,Hotel 1 oder 2*,Belgien,922,4267
2013,Hotel 1 oder 2*,Berlin,989,5737
2013,Hotel 1 oder 2*,Brasilien,13,40
2013,Hotel 1 oder 2*,Bulgarien,113,266
2013,Hotel 1 oder 2*,Burgenland,2574,7627
2013,Hotel 1 oder 2*,China,35,75
2013,Hotel 1 oder 2*,Dänemark,503,1207
2013,Hotel 1 oder 2*,Estland,31,62
2013,Hotel 1 oder 2*,Finnland,121,289
2013,Hotel 1 oder 2*,Frankreich,672,1582
2013,Hotel 1 oder 2*,Griechenland,46,73
2013,Hotel 1 oder 2*,Indien,11,38
2013,Hotel 1 oder 2*,Irland  (Republik),44,237
2013,Hotel 1 oder 2*,Island,7,16
2013,Hotel 1 oder 2*,Israel,127,308
2013,Hotel 1 oder 2*,Italien,8116,20620
2013,Hotel 1 oder 2*,Japan,26,43
2013,Hotel 1 oder 2*,Kanada,114,338
2013,Hotel 1 oder 2*,Kroatien,1213,4344
2013,Hotel 1 oder 2*,Kärnten,11735,35212
2013,Hotel 1 oder 2*,Lettland,41,53
2013,Hotel 1 oder 2*,Litauen,74,116
2013,Hotel 1 oder 2*,Luxemburg,38,125
2013,Hotel 1 oder 2*,Malta,17,35
2013,Hotel 1 oder 2*,Mitteldeutschland,5247,26563
2013,Hotel 1 oder 2*,Neuseeland,32,183
2013,Hotel 1 oder 2*,Niederlande,6222,24240
2013,Hotel 1 oder 2*,Niederösterreich,15825,58095
2013,Hotel 1 oder 2*,Norddeutschland,4800,26900
2013,Hotel 1 oder 2*,Nordrhein-Westfalen,6780,42717
2013,Hotel 1 oder 2*,Norwegen,136,350
2013,Hotel 1 oder 2*,Oberösterreich,10134,34513
2013,Hotel 1 oder 2*,Ostdeutschland,5290,25522
2013,Hotel 1 oder 2*,Polen,1548,5665
2013,Hotel 1 oder 2*,Portugal,56,620
2013,Hotel 1 oder 2*,Rumänien,809,3214
2013,Hotel 1 oder 2*,Russland,485,1645
2013,Hotel 1 oder 2*,Salzburg,5581,17701
2013,Hotel 1 oder 2*,Saudi-Arabien,16,19
2013,Hotel 1 oder 2*,Schweden,294,598
2013,Hotel 1 oder 2*,Schweiz und Liechtenstein,1922,7270
2013,Hotel 1 oder 2*,Slowakei,897,3938
2013,Hotel 1 oder 2*,Slowenien,2576,7678
2013,Hotel 1 oder 2*,Spanien,138,404
2013,Hotel 1 oder 2*,Steiermark,15146,43881
2013,Hotel 1 oder 2*,Südafrika,2,20
2013,Hotel 1 oder 2*,Südkorea,9,9
2013,Hotel 1 oder 2*,Südostasien,29,93
2013,Hotel 1 oder 2*,Taiwan,9,22
2013,Hotel 1 oder 2*,Tirol,3838,13170
2013,Hotel 1 oder 2*,Tschechische Republik,2795,9638
2013,Hotel 1 oder 2*,Türkei,34,87
2013,Hotel 1 oder 2*,USA,419,1294
2013,Hotel 1 oder 2*,Ukraine,221,929
2013,Hotel 1 oder 2*,Ungarn,6824,29482
2013,Hotel 1 oder 2*,Vereinigte Arabische Emirate,10,35
2013,Hotel 1 oder 2*,Vereinigtes Königreich,871,3587
2013,Hotel 1 oder 2*,Vorarlberg,1296,4434
2013,Hotel 1 oder 2*,Wien,13996,58735
2013,Hotel 1 oder 2*,Zentral- und Südamerika,29,127
2013,Hotel 1 oder 2*,Zypern,1,2
2013,Hotel 1 oder 2*,ehem. Jugoslawien,388,1801
2013,Hotel 1 oder 2*,Übriges Afrika,33,136
2013,Hotel 1 oder 2*,Übriges Asien,12,14
2013,Hotel 1 oder 2*,Übriges Ausland,1104,3755
2013,Hotel 1 oder 2*,übrige GUS,8,16
2013,Hotel 3*,Arabische Länder Asiens,205,428
2013,Hotel 3*,Australien,563,1281
2013,Hotel 3*,Baden Württemberg,24092,107038
2013,Hotel 3*,Bayern,55476,200142
2013,Hotel 3*,Belgien,6456,29860
2013,Hotel 3*,Berlin,5356,27583
2013,Hotel 3*,Brasilien,116,190
2013,Hotel 3*,Bulgarien,746,2649
2013,Hotel 3*,Burgenland,10754,29827
2013,Hotel 3*,China,10379,10805
2013,Hotel 3*,Dänemark,2836,7755
2013,Hotel 3*,Estland,211,476
2013,Hotel 3*,Finnland,651,2054
2013,Hotel 3*,Frankreich,3492,8763
2013,Hotel 3*,Griechenland,225,449
2013,Hotel 3*,Indien,84,208
2013,Hotel 3*,Irland  (Republik),218,628
2013,Hotel 3*,Island,35,114
2013,Hotel 3*,Israel,729,2234
2013,Hotel 3*,Italien,44528,98388
2013,Hotel 3*,Japan,374,1432
2013,Hotel 3*,Kanada,619,1647
2013,Hotel 3*,Kroatien,6507,23532
2013,Hotel 3*,Kärnten,40365,100328
2013,Hotel 3*,Lettland,743,1111
2013,Hotel 3*,Litauen,398,756
2013,Hotel 3*,Luxemburg,407,1624
2013,Hotel 3*,Malta,55,113
2013,Hotel 3*,Mitteldeutschland,25441,120580
2013,Hotel 3*,Neuseeland,127,239
2013,Hotel 3*,Niederlande,25825,114569
2013,Hotel 3*,Niederösterreich,61083,200117
2013,Hotel 3*,Norddeutschland,18892,106226
2013,Hotel 3*,Nordrhein-Westfalen,30221,173301
2013,Hotel 3*,Norwegen,595,1267
2013,Hotel 3*,Oberösterreich,44297,130435
2013,Hotel 3*,Ostdeutschland,29902,143014
2013,Hotel 3*,Polen,12884,47278
2013,Hotel 3*,Portugal,166,488
2013,Hotel 3*,Rumänien,4131,16555
2013,Hotel 3*,Russland,4039,13206
2013,Hotel 3*,Salzburg,20242,54512
2013,Hotel 3*,Saudi-Arabien,83,272
2013,Hotel 3*,Schweden,2100,5295
2013,Hotel 3*,Schweiz und Liechtenstein,8874,27819
2013,Hotel 3*,Slowakei,5129,16912
2013,Hotel 3*,Slowenien,7023,18121
2013,Hotel 3*,Spanien,845,1988
2013,Hotel 3*,Steiermark,58809,148404
2013,Hotel 3*,Südafrika,101,276
2013,Hotel 3*,Südkorea,201,230
2013,Hotel 3*,Südostasien,341,707
2013,Hotel 3*,Taiwan,315,421
2013,Hotel 3*,Tirol,19435,56387
2013,Hotel 3*,Tschechische Republik,13979,52864
2013,Hotel 3*,Türkei,511,2109
2013,Hotel 3*,USA,1604,4275
2013,Hotel 3*,Ukraine,2078,4457
2013,Hotel 3*,Ungarn,18284,65423
2013,Hotel 3*,Vereinigte Arabische Emirate,75,177
2013,Hotel 3*,Vereinigtes Königreich,4568,19115
2013,Hotel 3*,Vorarlberg,5127,16188
2013,Hotel 3*,Wien,60245,197333
2013,Hotel 3*,Zentral- und Südamerika,283,819
2013,Hotel 3*,Zypern,21,26
2013,Hotel 3*,ehem. Jugoslawien,1508,5410
2013,Hotel 3*,Übriges Afrika,220,813
2013,Hotel 3*,Übriges Asien,104,233
2013,Hotel 3*,Übriges Ausland,3574,12633
2013,Hotel 3*,übrige GUS,397,537
2013,Hotel 4*,Arabische Länder Asiens,615,1848
2013,Hotel 4*,Australien,686,1916
2013,Hotel 4*,Baden Württemberg,26686,132587
2013,Hotel 4*,Bayern,77066,325108
2013,Hotel 4*,Belgien,10199,67194
2013,Hotel 4*,Berlin,4558,24218
2013,Hotel 4*,Brasilien,135,357
2013,Hotel 4*,Bulgarien,816,2968
2013,Hotel 4*,Burgenland,14069,48081
2013,Hotel 4*,China,5538,6131
2013,Hotel 4*,Dänemark,1813,7133
2013,Hotel 4*,Estland,310,1023
2013,Hotel 4*,Finnland,870,3230
2013,Hotel 4*,Frankreich,4455,11722
2013,Hotel 4*,Griechenland,305,1108
2013,Hotel 4*,Indien,207,927
2013,Hotel 4*,Irland  (Republik),308,1064
2013,Hotel 4*,Island,24,82
2013,Hotel 4*,Israel,862,2855
2013,Hotel 4*,Italien,62957,172342
2013,Hotel 4*,Japan,1731,3397
2013,Hotel 4*,Kanada,531,1165
2013,Hotel 4*,Kroatien,6679,22447
2013,Hotel 4*,Kärnten,58172,167146
2013,Hotel 4*,Lettland,148,277
2013,Hotel 4*,Litauen,205,519
2013,Hotel 4*,Luxemburg,635,3704
2013,Hotel 4*,Malta,112,388
2013,Hotel 4*,Mitteldeutschland,28141,149548
2013,Hotel 4*,Neuseeland,95,913
2013,Hotel 4*,Niederlande,12171,64168
2013,Hotel 4*,Niederösterreich,72985,267567
2013,Hotel 4*,Norddeutschland,19082,113141
2013,Hotel 4*,Nordrhein-Westfalen,29103,179515
2013,Hotel 4*,Norwegen,698,1540
2013,Hotel 4*,Oberösterreich,47697,154317
2013,Hotel 4*,Ostdeutschland,21840,117570
2013,Hotel 4*,Polen,7461,29171
2013,Hotel 4*,Portugal,161,441
2013,Hotel 4*,Rumänien,2441,9272
2013,Hotel 4*,Russland,7973,18368
2013,Hotel 4*,Salzburg,28519,80454
2013,Hotel 4*,Saudi-Arabien,101,195
2013,Hotel 4*,Schweden,1367,3029
2013,Hotel 4*,Schweiz und Liechtenstein,12495,42874
2013,Hotel 4*,Slowakei,5085,16811
2013,Hotel 4*,Slowenien,5296,15969
2013,Hotel 4*,Spanien,2245,4539
2013,Hotel 4*,Steiermark,81996,255604
2013,Hotel 4*,Südafrika,182,517
2013,Hotel 4*,Südkorea,197,315
2013,Hotel 4*,Südostasien,667,1821
2013,Hotel 4*,Taiwan,291,329
2013,Hotel 4*,Tirol,24291,76539
2013,Hotel 4*,Tschechische Republik,12668,46188
2013,Hotel 4*,Türkei,460,1353
2013,Hotel 4*,USA,3181,8062
2013,Hotel 4*,Ukraine,4170,8107
2013,Hotel 4*,Ungarn,12103,46336
2013,Hotel 4*,Vereinigte Arabische Emirate,141,419
2013,Hotel 4*,Vereinigtes Königreich,5966,22756
2013,Hotel 4*,Vorarlberg,6264,20669
2013,Hotel 4*,Wien,90487,301256
2013,Hotel 4*,Zentral- und Südamerika,849,2052
2013,Hotel 4*,Zypern,34,126
2013,Hotel 4*,ehem. Jugoslawien,2677,9214
2013,Hotel 4*,Übriges Afrika,822,4641
2013,Hotel 4*,Übriges Asien,281,577
2013,Hotel 4*,Übriges Ausland,10928,26975
2013,Hotel 4*,übrige GUS,404,1157
2013,Hotel 4* Superior,Arabische Länder Asiens,276,796
2013,Hotel 4* Superior,Australien,78,294
2013,Hotel 4* Superior,Baden Württemberg,2482,13424
2013,Hotel 4* Superior,Bayern,10773,41022
2013,Hotel 4* Superior,Belgien,382,1630
2013,Hotel 4* Superior,Berlin,441,2521
2013,Hotel 4* Superior,Brasilien,2,4
2013,Hotel 4* Superior,Bulgarien,87,272
2013,Hotel 4* Superior,Burgenland,788,2549
2013,Hotel 4* Superior,China,464,529
2013,Hotel 4* Superior,Dänemark,163,376
2013,Hotel 4* Superior,Estland,2,6
2013,Hotel 4* Superior,Finnland,54,153
2013,Hotel 4* Superior,Frankreich,467,1628
2013,Hotel 4* Superior,Griechenland,44,262
2013,Hotel 4* Superior,Indien,94,403
2013,Hotel 4* Superior,Irland  (Republik),26,99
2013,Hotel 4* Superior,Israel,159,483
2013,Hotel 4* Superior,Italien,4728,9980
2013,Hotel 4* Superior,Japan,308,1043
2013,Hotel 4* Superior,Kanada,154,390
2013,Hotel 4* Superior,Kroatien,285,599
2013,Hotel 4* Superior,Kärnten,7565,19372
2013,Hotel 4* Superior,Lettland,17,81
2013,Hotel 4* Superior,Litauen,11,47
2013,Hotel 4* Superior,Luxemburg,181,1000
2013,Hotel 4* Superior,Malta,17,92
2013,Hotel 4* Superior,Mitteldeutschland,2500,15418
2013,Hotel 4* Superior,Neuseeland,4,6
2013,Hotel 4* Superior,Niederlande,890,3302
2013,Hotel 4* Superior,Niederösterreich,5882,19380
2013,Hotel 4* Superior,Norddeutschland,1716,10345
2013,Hotel 4* Superior,Nordrhein-Westfalen,3238,20570
2013,Hotel 4* Superior,Norwegen,171,446
2013,Hotel 4* Superior,Oberösterreich,3580,11880
2013,Hotel 4* Superior,Ostdeutschland,1554,7424
2013,Hotel 4* Superior,Polen,185,503
2013,Hotel 4* Superior,Portugal,11,47
2013,Hotel 4* Superior,Rumänien,247,681
2013,Hotel 4* Superior,Russland,685,3531
2013,Hotel 4* Superior,Salzburg,3115,8653
2013,Hotel 4* Superior,Saudi-Arabien,22,87
2013,Hotel 4* Superior,Schweden,169,477
2013,Hotel 4* Superior,Schweiz und Liechtenstein,2192,8664
2013,Hotel 4* Superior,Slowakei,136,346
2013,Hotel 4* Superior,Slowenien,271,604
2013,Hotel 4* Superior,Spanien,140,528
2013,Hotel 4* Superior,Steiermark,6439,16038
2013,Hotel 4* Superior,Südafrika,9,60
2013,Hotel 4* Superior,Südkorea,18,114
2013,Hotel 4* Superior,Südostasien,415,1244
2013,Hotel 4* Superior,Taiwan,213,481
2013,Hotel 4* Superior,Tirol,3057,7533
2013,Hotel 4* Superior,Tschechische Republik,466,1394
2013,Hotel 4* Superior,Türkei,171,541
2013,Hotel 4* Superior,USA,1071,3552
2013,Hotel 4* Superior,Ukraine,114,912
2013,Hotel 4* Superior,Ungarn,475,1311
2013,Hotel 4* Superior,Vereinigte Arabische Emirate,23,114
2013,Hotel 4* Superior,Vereinigtes Königreich,1197,5590
2013,Hotel 4* Superior,Vorarlberg,916,2111
2013,Hotel 4* Superior,Wien,8904,28452
2013,Hotel 4* Superior,Zentral- und Südamerika,63,225
2013,Hotel 4* Superior,Zypern,2,6
2013,Hotel 4* Superior,ehem. Jugoslawien,218,529
2013,Hotel 4* Superior,Übriges Afrika,29,151
2013,Hotel 4* Superior,Übriges Asien,40,98
2013,Hotel 4* Superior,Übriges Ausland,174,615
2013,Hotel 4* Superior,übrige GUS,26,237
2013,Hotel 5*,Arabische Länder Asiens,232,525
2013,Hotel 5*,Australien,38,158
2013,Hotel 5*,Baden Württemberg,521,2716
2013,Hotel 5*,Bayern,2191,9026
2013,Hotel 5*,Belgien,117,362
2013,Hotel 5*,Berlin,131,752
2013,Hotel 5*,Brasilien,2,4
2013,Hotel 5*,Bulgarien,74,326
2013,Hotel 5*,Burgenland,374,1297
2013,Hotel 5*,China,16,118
2013,Hotel 5*,Dänemark,21,67
2013,Hotel 5*,Estland,18,96
2013,Hotel 5*,Finnland,7,14
2013,Hotel 5*,Frankreich,114,454
2013,Hotel 5*,Griechenland,11,32
2013,Hotel 5*,Indien,2,2
2013,Hotel 5*,Irland  (Republik),11,60
2013,Hotel 5*,Israel,50,183
2013,Hotel 5*,Italien,5230,14709
2013,Hotel 5*,Japan,20,33
2013,Hotel 5*,Kanada,35,154
2013,Hotel 5*,Kroatien,304,1013
2013,Hotel 5*,Kärnten,3917,8510
2013,Hotel 5*,Lettland,13,32
2013,Hotel 5*,Luxemburg,18,79
2013,Hotel 5*,Malta,2,6
2013,Hotel 5*,Mitteldeutschland,563,3009
2013,Hotel 5*,Neuseeland,1,2
2013,Hotel 5*,Niederlande,160,659
2013,Hotel 5*,Niederösterreich,2655,10423
2013,Hotel 5*,Norddeutschland,517,3189
2013,Hotel 5*,Nordrhein-Westfalen,798,4386
2013,Hotel 5*,Norwegen,14,44
2013,Hotel 5*,Oberösterreich,1391,4517
2013,Hotel 5*,Ostdeutschland,439,1599
2013,Hotel 5*,Polen,104,350
2013,Hotel 5*,Portugal,7,24
2013,Hotel 5*,Rumänien,115,520
2013,Hotel 5*,Russland,451,3174
2013,Hotel 5*,Salzburg,1739,5531
2013,Hotel 5*,Saudi-Arabien,8,13
2013,Hotel 5*,Schweden,36,129
2013,Hotel 5*,Schweiz und Liechtenstein,564,2129
2013,Hotel 5*,Slowakei,160,416
2013,Hotel 5*,Slowenien,367,1078
2013,Hotel 5*,Spanien,26,91
2013,Hotel 5*,Steiermark,3849,9184
2013,Hotel 5*,Südafrika,12,37
2013,Hotel 5*,Südkorea,3,11
2013,Hotel 5*,Südostasien,56,93
2013,Hotel 5*,Tirol,1224,3608
2013,Hotel 5*,Tschechische Republik,201,785
2013,Hotel 5*,Türkei,15,77
2013,Hotel 5*,USA,544,1304
2013,Hotel 5*,Ukraine,187,1506
2013,Hotel 5*,Ungarn,240,790
2013,Hotel 5*,Vereinigte Arabische Emirate,7,29
2013,Hotel 5*,Vereinigtes Königreich,533,1841
2013,Hotel 5*,Vorarlberg,174,635
2013,Hotel 5*,Wien,4920,19301
2013,Hotel 5*,Zentral- und Südamerika,45,98
2013,Hotel 5*,Zypern,7,25
2013,Hotel 5*,ehem. Jugoslawien,147,675
2013,Hotel 5*,Übriges Afrika,643,3019
2013,Hotel 5*,Übriges Asien,44,145
2013,Hotel 5*,Übriges Ausland,291,1197
2013,Hotel 5*,übrige GUS,32,151
2013,Jugendherbergen u. -gästehäuser,Arabische Länder Asiens,5,7
2013,Jugendherbergen u. -gästehäuser,Australien,44,96
2013,Jugendherbergen u. -gästehäuser,Baden Württemberg,1107,2736
2013,Jugendherbergen u. -gästehäuser,Bayern,1875,4527
2013,Jugendherbergen u. -gästehäuser,Belgien,104,227
2013,Jugendherbergen u. -gästehäuser,Berlin,238,615
2013,Jugendherbergen u. -gästehäuser,Brasilien,15,33
2013,Jugendherbergen u. -gästehäuser,Bulgarien,70,137
2013,Jugendherbergen u. -gästehäuser,Burgenland,876,2897
2013,Jugendherbergen u. -gästehäuser,China,24,34
2013,Jugendherbergen u. -gästehäuser,Dänemark,49,65
2013,Jugendherbergen u. -gästehäuser,Estland,13,18
2013,Jugendherbergen u. -gästehäuser,Finnland,61,222
2013,Jugendherbergen u. -gästehäuser,Frankreich,176,356
2013,Jugendherbergen u. -gästehäuser,Griechenland,58,152
2013,Jugendherbergen u. -gästehäuser,Indien,15,42
2013,Jugendherbergen u. -gästehäuser,Irland  (Republik),6,6
2013,Jugendherbergen u. -gästehäuser,Israel,36,40
2013,Jugendherbergen u. -gästehäuser,Italien,2695,4866
2013,Jugendherbergen u. -gästehäuser,Japan,35,87
2013,Jugendherbergen u. -gästehäuser,Kanada,32,55
2013,Jugendherbergen u. -gästehäuser,Kroatien,738,1904
2013,Jugendherbergen u. -gästehäuser,Kärnten,8867,23622
2013,Jugendherbergen u. -gästehäuser,Lettland,51,53
2013,Jugendherbergen u. -gästehäuser,Litauen,52,58
2013,Jugendherbergen u. -gästehäuser,Luxemburg,27,74
2013,Jugendherbergen u. -gästehäuser,Malta,4,4
2013,Jugendherbergen u. -gästehäuser,Mitteldeutschland,1478,3806
2013,Jugendherbergen u. -gästehäuser,Neuseeland,6,13
2013,Jugendherbergen u. -gästehäuser,Niederlande,792,2073
2013,Jugendherbergen u. -gästehäuser,Niederösterreich,3740,11539
2013,Jugendherbergen u. -gästehäuser,Norddeutschland,564,1710
2013,Jugendherbergen u. -gästehäuser,Nordrhein-Westfalen,884,2825
2013,Jugendherbergen u. -gästehäuser,Norwegen,16,19
2013,Jugendherbergen u. -gästehäuser,Oberösterreich,2952,8037
2013,Jugendherbergen u. -gästehäuser,Ostdeutschland,602,1844
2013,Jugendherbergen u. -gästehäuser,Polen,946,1810
2013,Jugendherbergen u. -gästehäuser,Portugal,15,27
2013,Jugendherbergen u. -gästehäuser,Rumänien,427,757
2013,Jugendherbergen u. -gästehäuser,Russland,251,1000
2013,Jugendherbergen u. -gästehäuser,Salzburg,1939,4816
2013,Jugendherbergen u. -gästehäuser,Schweden,98,162
2013,Jugendherbergen u. -gästehäuser,Schweiz und Liechtenstein,361,1037
2013,Jugendherbergen u. -gästehäuser,Slowakei,279,907
2013,Jugendherbergen u. -gästehäuser,Slowenien,897,1691
2013,Jugendherbergen u. -gästehäuser,Spanien,84,206
2013,Jugendherbergen u. -gästehäuser,Steiermark,6708,16684
2013,Jugendherbergen u. -gästehäuser,Südafrika,4,18
2013,Jugendherbergen u. -gästehäuser,Südkorea,3,4
2013,Jugendherbergen u. -gästehäuser,Südostasien,15,18
2013,Jugendherbergen u. -gästehäuser,Taiwan,5,6
2013,Jugendherbergen u. -gästehäuser,Tirol,1550,3079
2013,Jugendherbergen u. -gästehäuser,Tschechische Republik,699,1924
2013,Jugendherbergen u. -gästehäuser,Türkei,18,49
2013,Jugendherbergen u. -gästehäuser,USA,81,168
2013,Jugendherbergen u. -gästehäuser,Ukraine,167,396
2013,Jugendherbergen u. -gästehäuser,Ungarn,957,2262
2013,Jugendherbergen u. -gästehäuser,Vereinigtes Königreich,220,407
2013,Jugendherbergen u. -gästehäuser,Vorarlberg,400,912
2013,Jugendherbergen u. -gästehäuser,Wien,7186,21222
2013,Jugendherbergen u. -gästehäuser,Zentral- und Südamerika,38,72
2013,Jugendherbergen u. -gästehäuser,ehem. Jugoslawien,423,877
2013,Jugendherbergen u. -gästehäuser,Übriges Afrika,19,71
2013,Jugendherbergen u. -gästehäuser,Übriges Asien,14,37
2013,Jugendherbergen u. -gästehäuser,Übriges Ausland,81,199
2013,Jugendherbergen u. -gästehäuser,übrige GUS,7,27
2013,Kinder- u. Jugenderholungsheime,Baden Württemberg,6,30
2013,Kinder- u. Jugenderholungsheime,Bayern,178,761
2013,Kinder- u. Jugenderholungsheime,Belgien,1572,10205
2013,Kinder- u. Jugenderholungsheime,Berlin,41,246
2013,Kinder- u. Jugenderholungsheime,Burgenland,246,1411
2013,Kinder- u. Jugenderholungsheime,Dänemark,615,2689
2013,Kinder- u. Jugenderholungsheime,Frankreich,88,616
2013,Kinder- u. Jugenderholungsheime,Italien,25,49
2013,Kinder- u. Jugenderholungsheime,Kroatien,216,897
2013,Kinder- u. Jugenderholungsheime,Kärnten,2117,14452
2013,Kinder- u. Jugenderholungsheime,Mitteldeutschland,1,6
2013,Kinder- u. Jugenderholungsheime,Niederlande,22,132
2013,Kinder- u. Jugenderholungsheime,Niederösterreich,790,5030
2013,Kinder- u. Jugenderholungsheime,Norddeutschland,47,300
2013,Kinder- u. Jugenderholungsheime,Nordrhein-Westfalen,157,743
2013,Kinder- u. Jugenderholungsheime,Oberösterreich,109,921
2013,Kinder- u. Jugenderholungsheime,Ostdeutschland,12,68
2013,Kinder- u. Jugenderholungsheime,Polen,526,3864
2013,Kinder- u. Jugenderholungsheime,Russland,31,217
2013,Kinder- u. Jugenderholungsheime,Salzburg,216,1243
2013,Kinder- u. Jugenderholungsheime,Slowakei,3,9
2013,Kinder- u. Jugenderholungsheime,Slowenien,15,27
2013,Kinder- u. Jugenderholungsheime,Steiermark,972,6647
2013,Kinder- u. Jugenderholungsheime,Tirol,168,1001
2013,Kinder- u. Jugenderholungsheime,Tschechische Republik,184,796
2013,Kinder- u. Jugenderholungsheime,Ungarn,2,2
2013,Kinder- u. Jugenderholungsheime,Vereinigtes Königreich,515,3066
2013,Kinder- u. Jugenderholungsheime,Wien,2430,14930
2013,Kinder- u. Jugenderholungsheime,Übriges Ausland,4,4
2013,Kurheim der Sozialversich.träger,Australien,2,2
2013,Kurheim der Sozialversich.träger,Baden Württemberg,8,155
2013,Kurheim der Sozialversich.träger,Bayern,4,34
2013,Kurheim der Sozialversich.träger,Burgenland,195,3432
2013,Kurheim der Sozialversich.träger,Frankreich,0,35
2013,Kurheim der Sozialversich.träger,Italien,15,56
2013,Kurheim der Sozialversich.träger,Kärnten,2087,39567
2013,Kurheim der Sozialversich.träger,Niederösterreich,1150,18352
2013,Kurheim der Sozialversich.träger,Norddeutschland,0,14
2013,Kurheim der Sozialversich.träger,Nordrhein-Westfalen,5,25
2013,Kurheim der Sozialversich.träger,Oberösterreich,647,9883
2013,Kurheim der Sozialversich.träger,Ostdeutschland,6,30
2013,Kurheim der Sozialversich.träger,Russland,2,30
2013,Kurheim der Sozialversich.träger,Salzburg,440,7522
2013,Kurheim der Sozialversich.träger,Schweiz und Liechtenstein,2,21
2013,Kurheim der Sozialversich.träger,Steiermark,1892,33844
2013,Kurheim der Sozialversich.träger,Tirol,469,8260
2013,Kurheim der Sozialversich.träger,Tschechische Republik,3,29
2013,Kurheim der Sozialversich.träger,Ungarn,21,115
2013,Kurheim der Sozialversich.träger,Vorarlberg,77,1350
2013,Kurheim der Sozialversich.träger,Wien,1064,16381
2013,Kurheim der Sozialversich.träger,Übriges Ausland,2,46
2013,Kurheim der Sozialversich.träger,übrige GUS,14,121
2013,Private u. öffentl. Kurheime,Arabische Länder Asiens,20,238
2013,Private u. öffentl. Kurheime,Australien,5,53
2013,Private u. öffentl. Kurheime,Baden Württemberg,41,436
2013,Private u. öffentl. Kurheime,Bayern,282,2416
2013,Private u. öffentl. Kurheime,Belgien,4,41
2013,Private u. öffentl. Kurheime,Berlin,46,358
2013,Private u. öffentl. Kurheime,Burgenland,279,3449
2013,Private u. öffentl. Kurheime,China,1,5
2013,Private u. öffentl. Kurheime,Dänemark,1,7
2013,Private u. öffentl. Kurheime,Finnland,2,23
2013,Private u. öffentl. Kurheime,Frankreich,20,239
2013,Private u. öffentl. Kurheime,Griechenland,7,75
2013,Private u. öffentl. Kurheime,Indien,8,42
2013,Private u. öffentl. Kurheime,Irland  (Republik),8,83
2013,Private u. öffentl. Kurheime,Israel,0,0
2013,Private u. öffentl. Kurheime,Italien,43,296
2013,Private u. öffentl. Kurheime,Kroatien,1,3
2013,Private u. öffentl. Kurheime,Kärnten,661,8740
2013,Private u. öffentl. Kurheime,Luxemburg,2,15
2013,Private u. öffentl. Kurheime,Mitteldeutschland,53,606
2013,Private u. öffentl. Kurheime,Neuseeland,4,29
2013,Private u. öffentl. Kurheime,Niederlande,12,51
2013,Private u. öffentl. Kurheime,Niederösterreich,2476,28340
2013,Private u. öffentl. Kurheime,Norddeutschland,74,821
2013,Private u. öffentl. Kurheime,Nordrhein-Westfalen,44,515
2013,Private u. öffentl. Kurheime,Norwegen,2,12
2013,Private u. öffentl. Kurheime,Oberösterreich,863,10514
2013,Private u. öffentl. Kurheime,Ostdeutschland,91,727
2013,Private u. öffentl. Kurheime,Portugal,1,13
2013,Private u. öffentl. Kurheime,Rumänien,6,30
2013,Private u. öffentl. Kurheime,Russland,46,389
2013,Private u. öffentl. Kurheime,Salzburg,637,7171
2013,Private u. öffentl. Kurheime,Schweden,6,42
2013,Private u. öffentl. Kurheime,Schweiz und Liechtenstein,58,555
2013,Private u. öffentl. Kurheime,Slowakei,9,96
2013,Private u. öffentl. Kurheime,Slowenien,8,24
2013,Private u. öffentl. Kurheime,Spanien,8,74
2013,Private u. öffentl. Kurheime,Steiermark,1375,17169
2013,Private u. öffentl. Kurheime,Südafrika,2,34
2013,Private u. öffentl. Kurheime,Südostasien,1,4
2013,Private u. öffentl. Kurheime,Tirol,658,7420
2013,Private u. öffentl. Kurheime,Tschechische Republik,51,382
2013,Private u. öffentl. Kurheime,Türkei,13,96
2013,Private u. öffentl. Kurheime,USA,51,491
2013,Private u. öffentl. Kurheime,Ukraine,14,132
2013,Private u. öffentl. Kurheime,Ungarn,14,89
2013,Private u. öffentl. Kurheime,Vereinigtes Königreich,280,2522
2013,Private u. öffentl. Kurheime,Vorarlberg,203,2030
2013,Private u. öffentl. Kurheime,Wien,3214,35805
2013,Private u. öffentl. Kurheime,Zentral- und Südamerika,5,89
2013,Private u. öffentl. Kurheime,Übriges Afrika,7,119
2013,Private u. öffentl. Kurheime,Übriges Asien,1,6
2013,Private u. öffentl. Kurheime,Übriges Ausland,67,469
2013,Private u. öffentl. Kurheime,übrige GUS,20,262
2013,Sonstige Unterkunft,Arabische Länder Asiens,34,150
2013,Sonstige Unterkunft,Australien,87,270
2013,Sonstige Unterkunft,Baden Württemberg,3651,20213
2013,Sonstige Unterkunft,Bayern,7670,34808
2013,Sonstige Unterkunft,Belgien,659,4007
2013,Sonstige Unterkunft,Berlin,1047,6895
2013,Sonstige Unterkunft,Bulgarien,171,486
2013,Sonstige Unterkunft,Burgenland,1524,5422
2013,Sonstige Unterkunft,China,124,168
2013,Sonstige Unterkunft,Dänemark,238,579
2013,Sonstige Unterkunft,Estland,24,120
2013,Sonstige Unterkunft,Finnland,55,127
2013,Sonstige Unterkunft,Frankreich,410,1228
2013,Sonstige Unterkunft,Griechenland,32,66
2013,Sonstige Unterkunft,Indien,3,14
2013,Sonstige Unterkunft,Irland  (Republik),24,99
2013,Sonstige Unterkunft,Israel,71,127
2013,Sonstige Unterkunft,Italien,5168,14200
2013,Sonstige Unterkunft,Japan,46,186
2013,Sonstige Unterkunft,Kanada,121,418
2013,Sonstige Unterkunft,Kroatien,777,2832
2013,Sonstige Unterkunft,Kärnten,11766,42175
2013,Sonstige Unterkunft,Lettland,11,28
2013,Sonstige Unterkunft,Litauen,28,109
2013,Sonstige Unterkunft,Luxemburg,32,141
2013,Sonstige Unterkunft,Malta,14,58
2013,Sonstige Unterkunft,Mitteldeutschland,4413,24453
2013,Sonstige Unterkunft,Neuseeland,13,55
2013,Sonstige Unterkunft,Niederlande,3437,16690
2013,Sonstige Unterkunft,Niederösterreich,11511,47330
2013,Sonstige Unterkunft,Norddeutschland,3505,22822
2013,Sonstige Unterkunft,Nordrhein-Westfalen,5796,41612
2013,Sonstige Unterkunft,Norwegen,73,179
2013,Sonstige Unterkunft,Oberösterreich,9978,41912
2013,Sonstige Unterkunft,Ostdeutschland,3610,18684
2013,Sonstige Unterkunft,Polen,1487,8803
2013,Sonstige Unterkunft,Portugal,50,384
2013,Sonstige Unterkunft,Rumänien,802,5193
2013,Sonstige Unterkunft,Russland,510,2025
2013,Sonstige Unterkunft,Salzburg,5072,17652
2013,Sonstige Unterkunft,Saudi-Arabien,5,23
2013,Sonstige Unterkunft,Schweden,152,327
2013,Sonstige Unterkunft,Schweiz und Liechtenstein,915,3820
2013,Sonstige Unterkunft,Slowakei,655,2790
2013,Sonstige Unterkunft,Slowenien,2824,6136
2013,Sonstige Unterkunft,Spanien,148,417
2013,Sonstige Unterkunft,Steiermark,11112,38460
2013,Sonstige Unterkunft,Südafrika,7,12
2013,Sonstige Unterkunft,Südkorea,13,51
2013,Sonstige Unterkunft,Südostasien,17,44
2013,Sonstige Unterkunft,Taiwan,3,3
2013,Sonstige Unterkunft,Tirol,3455,12303
2013,Sonstige Unterkunft,Tschechische Republik,1780,6895
2013,Sonstige Unterkunft,Türkei,9,21
2013,Sonstige Unterkunft,USA,285,807
2013,Sonstige Unterkunft,Ukraine,223,742
2013,Sonstige Unterkunft,Ungarn,10652,43020
2013,Sonstige Unterkunft,Vereinigte Arabische Emirate,1,1
2013,Sonstige Unterkunft,Vereinigtes Königreich,889,4387
2013,Sonstige Unterkunft,Vorarlberg,884,3358
2013,Sonstige Unterkunft,Wien,13816,65780
2013,Sonstige Unterkunft,Zentral- und Südamerika,30,115
2013,Sonstige Unterkunft,Zypern,3,8
2013,Sonstige Unterkunft,ehem. Jugoslawien,158,563
2013,Sonstige Unterkunft,Übriges Afrika,11,28
2013,Sonstige Unterkunft,Übriges Asien,6,8
2013,Sonstige Unterkunft,Übriges Ausland,340,1558
2013,Sonstige Unterkunft,übrige GUS,27,128
2013,Unterkunft auf Bauernhof,Arabische Länder Asiens,4,36
2013,Unterkunft auf Bauernhof,Australien,20,52
2013,Unterkunft auf Bauernhof,Baden Württemberg,2846,24503
2013,Unterkunft auf Bauernhof,Bayern,6121,39684
2013,Unterkunft auf Bauernhof,Belgien,339,2962
2013,Unterkunft auf Bauernhof,Berlin,898,9040
2013,Unterkunft auf Bauernhof,Brasilien,4,6
2013,Unterkunft auf Bauernhof,Bulgarien,44,175
2013,Unterkunft auf Bauernhof,Burgenland,534,2387
2013,Unterkunft auf Bauernhof,China,18,86
2013,Unterkunft auf Bauernhof,Dänemark,84,441
2013,Unterkunft auf Bauernhof,Finnland,8,26
2013,Unterkunft auf Bauernhof,Frankreich,93,478
2013,Unterkunft auf Bauernhof,Griechenland,3,5
2013,Unterkunft auf Bauernhof,Indien,2,18
2013,Unterkunft auf Bauernhof,Irland  (Republik),6,36
2013,Unterkunft auf Bauernhof,Israel,27,90
2013,Unterkunft auf Bauernhof,Italien,1660,7028
2013,Unterkunft auf Bauernhof,Japan,2,12
2013,Unterkunft auf Bauernhof,Kanada,6,18
2013,Unterkunft auf Bauernhof,Kroatien,398,1718
2013,Unterkunft auf Bauernhof,Kärnten,1797,7323
2013,Unterkunft auf Bauernhof,Lettland,17,101
2013,Unterkunft auf Bauernhof,Litauen,37,225
2013,Unterkunft auf Bauernhof,Luxemburg,13,129
2013,Unterkunft auf Bauernhof,Mitteldeutschland,2404,21613
2013,Unterkunft auf Bauernhof,Neuseeland,2,12
2013,Unterkunft auf Bauernhof,Niederlande,1868,16427
2013,Unterkunft auf Bauernhof,Niederösterreich,3922,21687
2013,Unterkunft auf Bauernhof,Norddeutschland,2148,20840
2013,Unterkunft auf Bauernhof,Nordrhein-Westfalen,4244,43090
2013,Unterkunft auf Bauernhof,Norwegen,17,79
2013,Unterkunft auf Bauernhof,Oberösterreich,1956,9887
2013,Unterkunft auf Bauernhof,Ostdeutschland,3455,28274
2013,Unterkunft auf Bauernhof,Polen,795,5476
2013,Unterkunft auf Bauernhof,Portugal,10,50
2013,Unterkunft auf Bauernhof,Rumänien,202,2374
2013,Unterkunft auf Bauernhof,Russland,70,378
2013,Unterkunft auf Bauernhof,Salzburg,552,3273
2013,Unterkunft auf Bauernhof,Saudi-Arabien,2,14
2013,Unterkunft auf Bauernhof,Schweden,42,191
2013,Unterkunft auf Bauernhof,Schweiz und Liechtenstein,356,2143
2013,Unterkunft auf Bauernhof,Slowakei,461,2793
2013,Unterkunft auf Bauernhof,Slowenien,504,2147
2013,Unterkunft auf Bauernhof,Spanien,17,74
2013,Unterkunft auf Bauernhof,Steiermark,2013,10470
2013,Unterkunft auf Bauernhof,Südafrika,3,6
2013,Unterkunft auf Bauernhof,Tirol,443,2085
2013,Unterkunft auf Bauernhof,Tschechische Republik,1786,8905
2013,Unterkunft auf Bauernhof,USA,66,458
2013,Unterkunft auf Bauernhof,Ukraine,35,150
2013,Unterkunft auf Bauernhof,Ungarn,1472,7445
2013,Unterkunft auf Bauernhof,Vereinigtes Königreich,108,671
2013,Unterkunft auf Bauernhof,Vorarlberg,247,1222
2013,Unterkunft auf Bauernhof,Wien,3875,24492
2013,Unterkunft auf Bauernhof,Zentral- und Südamerika,8,33
2013,Unterkunft auf Bauernhof,ehem. Jugoslawien,100,801
2013,Unterkunft auf Bauernhof,Übriges Afrika,2,36
2013,Unterkunft auf Bauernhof,Übriges Asien,3,9
2013,Unterkunft auf Bauernhof,Übriges Ausland,152,838
2014,Bewirtschaftete Schutzhütten,Australien,3,7
2014,Bewirtschaftete Schutzhütten,Baden Württemberg,760,1228
2014,Bewirtschaftete Schutzhütten,Bayern,2806,3618
2014,Bewirtschaftete Schutzhütten,Belgien,70,83
2014,Bewirtschaftete Schutzhütten,Berlin,279,636
2014,Bewirtschaftete Schutzhütten,Bulgarien,4,4
2014,Bewirtschaftete Schutzhütten,Burgenland,414,475
2014,Bewirtschaftete Schutzhütten,Dänemark,13,43
2014,Bewirtschaftete Schutzhütten,Frankreich,103,141
2014,Bewirtschaftete Schutzhütten,Italien,739,912
2014,Bewirtschaftete Schutzhütten,Kanada,2,2
2014,Bewirtschaftete Schutzhütten,Kroatien,182,182
2014,Bewirtschaftete Schutzhütten,Kärnten,2896,6095
2014,Bewirtschaftete Schutzhütten,Luxemburg,127,127
2014,Bewirtschaftete Schutzhütten,Mitteldeutschland,828,1472
2014,Bewirtschaftete Schutzhütten,Niederlande,619,772
2014,Bewirtschaftete Schutzhütten,Niederösterreich,588,902
2014,Bewirtschaftete Schutzhütten,Norddeutschland,424,714
2014,Bewirtschaftete Schutzhütten,Nordrhein-Westfalen,1034,1976
2014,Bewirtschaftete Schutzhütten,Norwegen,3,3
2014,Bewirtschaftete Schutzhütten,Oberösterreich,667,967
2014,Bewirtschaftete Schutzhütten,Ostdeutschland,623,1097
2014,Bewirtschaftete Schutzhütten,Polen,371,375
2014,Bewirtschaftete Schutzhütten,Rumänien,7,15
2014,Bewirtschaftete Schutzhütten,Salzburg,1030,1290
2014,Bewirtschaftete Schutzhütten,Schweden,8,12
2014,Bewirtschaftete Schutzhütten,Schweiz und Liechtenstein,100,119
2014,Bewirtschaftete Schutzhütten,Slowakei,365,374
2014,Bewirtschaftete Schutzhütten,Slowenien,445,494
2014,Bewirtschaftete Schutzhütten,Spanien,5,5
2014,Bewirtschaftete Schutzhütten,Steiermark,1347,2581
2014,Bewirtschaftete Schutzhütten,Tirol,851,1360
2014,Bewirtschaftete Schutzhütten,Tschechische Republik,969,1039
2014,Bewirtschaftete Schutzhütten,Türkei,0,1
2014,Bewirtschaftete Schutzhütten,USA,5,7
2014,Bewirtschaftete Schutzhütten,Ungarn,252,316
2014,Bewirtschaftete Schutzhütten,Vereinigtes Königreich,42,50
2014,Bewirtschaftete Schutzhütten,Vorarlberg,147,257
2014,Bewirtschaftete Schutzhütten,Wien,1125,2037
2014,Bewirtschaftete Schutzhütten,Übriges Ausland,124,142
2014,Campingplatz,Australien,180,331
2014,Campingplatz,Baden Württemberg,21122,112670
2014,Campingplatz,Bayern,47105,199585
2014,Campingplatz,Belgien,3626,18597
2014,Campingplatz,Berlin,2440,10685
2014,Campingplatz,Brasilien,5,13
2014,Campingplatz,Bulgarien,79,168
2014,Campingplatz,Burgenland,1141,6907
2014,Campingplatz,China,748,752
2014,Campingplatz,Dänemark,5600,25257
2014,Campingplatz,Estland,86,122
2014,Campingplatz,Finnland,251,412
2014,Campingplatz,Frankreich,2045,4212
2014,Campingplatz,Griechenland,31,86
2014,Campingplatz,Indien,8,24
2014,Campingplatz,Irland  (Republik),229,934
2014,Campingplatz,Island,18,68
2014,Campingplatz,Israel,147,200
2014,Campingplatz,Italien,18465,54129
2014,Campingplatz,Japan,3,3
2014,Campingplatz,Kanada,52,132
2014,Campingplatz,Kroatien,242,545
2014,Campingplatz,Kärnten,6028,61646
2014,Campingplatz,Lettland,79,135
2014,Campingplatz,Litauen,185,234
2014,Campingplatz,Luxemburg,127,590
2014,Campingplatz,Malta,6,48
2014,Campingplatz,Mitteldeutschland,15601,85333
2014,Campingplatz,Neuseeland,69,124
2014,Campingplatz,Niederlande,58248,478675
2014,Campingplatz,Niederösterreich,13635,78627
2014,Campingplatz,Norddeutschland,16378,89640
2014,Campingplatz,Nordrhein-Westfalen,23930,158210
2014,Campingplatz,Norwegen,694,1231
2014,Campingplatz,Oberösterreich,10099,59230
2014,Campingplatz,Ostdeutschland,11320,54139
2014,Campingplatz,Polen,2297,6024
2014,Campingplatz,Portugal,33,55
2014,Campingplatz,Rumänien,236,1341
2014,Campingplatz,Russland,211,389
2014,Campingplatz,Salzburg,8567,51237
2014,Campingplatz,Saudi-Arabien,5,5
2014,Campingplatz,Schweden,1731,3418
2014,Campingplatz,Schweiz und Liechtenstein,6750,31132
2014,Campingplatz,Slowakei,786,2220
2014,Campingplatz,Slowenien,1958,5979
2014,Campingplatz,Spanien,372,884
2014,Campingplatz,Steiermark,19385,158604
2014,Campingplatz,Südafrika,18,50
2014,Campingplatz,Südkorea,11,17
2014,Campingplatz,Südostasien,10,17
2014,Campingplatz,Taiwan,1,1
2014,Campingplatz,Tirol,4766,26205
2014,Campingplatz,Tschechische Republik,7217,20248
2014,Campingplatz,Türkei,11,48
2014,Campingplatz,USA,176,378
2014,Campingplatz,Ukraine,166,398
2014,Campingplatz,Ungarn,2225,6327
2014,Campingplatz,Vereinigte Arabische Emirate,12,84
2014,Campingplatz,Vereinigtes Königreich,1740,5905
2014,Campingplatz,Vorarlberg,1140,7483
2014,Campingplatz,Wien,11714,72737
2014,Campingplatz,Zentral- und Südamerika,48,338
2014,Campingplatz,Zypern,6,18
2014,Campingplatz,ehem. Jugoslawien,49,112
2014,Campingplatz,Übriges Afrika,20,40
2014,Campingplatz,Übriges Asien,5,10
2014,Campingplatz,Übriges Ausland,1048,3175
2014,Campingplatz,übrige GUS,17,29
2014,Ferienwohnung,Arabische Länder Asiens,130,498
2014,Ferienwohnung,Australien,187,1453
2014,Ferienwohnung,Baden Württemberg,14710,118709
2014,Ferienwohnung,Bayern,30759,204498
2014,Ferienwohnung,Belgien,3170,23127
2014,Ferienwohnung,Berlin,3638,34086
2014,Ferienwohnung,Brasilien,31,226
2014,Ferienwohnung,Bulgarien,437,2468
2014,Ferienwohnung,Burgenland,2903,16434
2014,Ferienwohnung,China,304,461
2014,Ferienwohnung,Dänemark,1134,6738
2014,Ferienwohnung,Estland,91,225
2014,Ferienwohnung,Finnland,458,3222
2014,Ferienwohnung,Frankreich,878,5325
2014,Ferienwohnung,Griechenland,96,591
2014,Ferienwohnung,Indien,32,206
2014,Ferienwohnung,Irland  (Republik),96,660
2014,Ferienwohnung,Island,11,33
2014,Ferienwohnung,Israel,627,2990
2014,Ferienwohnung,Italien,14233,67327
2014,Ferienwohnung,Japan,47,227
2014,Ferienwohnung,Kanada,128,683
2014,Ferienwohnung,Kroatien,6870,35271
2014,Ferienwohnung,Kärnten,8434,38653
2014,Ferienwohnung,Lettland,140,724
2014,Ferienwohnung,Litauen,218,934
2014,Ferienwohnung,Luxemburg,170,1310
2014,Ferienwohnung,Malta,29,203
2014,Ferienwohnung,Mitteldeutschland,14008,118576
2014,Ferienwohnung,Neuseeland,102,647
2014,Ferienwohnung,Niederlande,26502,213148
2014,Ferienwohnung,Niederösterreich,25249,143412
2014,Ferienwohnung,Norddeutschland,12517,118135
2014,Ferienwohnung,Nordrhein-Westfalen,19769,192495
2014,Ferienwohnung,Norwegen,87,370
2014,Ferienwohnung,Oberösterreich,14617,75693
2014,Ferienwohnung,Ostdeutschland,14416,121346
2014,Ferienwohnung,Polen,7526,47118
2014,Ferienwohnung,Portugal,23,128
2014,Ferienwohnung,Rumänien,2078,14402
2014,Ferienwohnung,Russland,1544,11646
2014,Ferienwohnung,Salzburg,4873,22422
2014,Ferienwohnung,Saudi-Arabien,116,362
2014,Ferienwohnung,Schweden,434,1908
2014,Ferienwohnung,Schweiz und Liechtenstein,2410,16657
2014,Ferienwohnung,Slowakei,4805,25129
2014,Ferienwohnung,Slowenien,9932,49689
2014,Ferienwohnung,Spanien,292,1573
2014,Ferienwohnung,Steiermark,16251,80506
2014,Ferienwohnung,Südafrika,29,139
2014,Ferienwohnung,Südkorea,9,13
2014,Ferienwohnung,Südostasien,31,265
2014,Ferienwohnung,Taiwan,7,7
2014,Ferienwohnung,Tirol,3780,20133
2014,Ferienwohnung,Tschechische Republik,21046,106586
2014,Ferienwohnung,Türkei,63,291
2014,Ferienwohnung,USA,545,2787
2014,Ferienwohnung,Ukraine,462,2672
2014,Ferienwohnung,Ungarn,16223,81713
2014,Ferienwohnung,Vereinigte Arabische Emirate,119,620
2014,Ferienwohnung,Vereinigtes Königreich,1740,9284
2014,Ferienwohnung,Vorarlberg,1279,8271
2014,Ferienwohnung,Wien,34414,200941
2014,Ferienwohnung,Zentral- und Südamerika,79,548
2014,Ferienwohnung,Zypern,55,342
2014,Ferienwohnung,ehem. Jugoslawien,1804,12003
2014,Ferienwohnung,Übriges Afrika,76,486
2014,Ferienwohnung,Übriges Asien,32,106
2014,Ferienwohnung,Übriges Ausland,1172,7406
2014,Ferienwohnung,übrige GUS,79,372
2014,Hotel 1 oder 2*,Arabische Länder Asiens,35,81
2014,Hotel 1 oder 2*,Australien,96,205
2014,Hotel 1 oder 2*,Baden Württemberg,5175,21282
2014,Hotel 1 oder 2*,Bayern,12296,43310
2014,Hotel 1 oder 2*,Belgien,1005,4684
2014,Hotel 1 oder 2*,Berlin,1239,6807
2014,Hotel 1 oder 2*,Brasilien,11,39
2014,Hotel 1 oder 2*,Bulgarien,201,588
2014,Hotel 1 oder 2*,Burgenland,2410,7424
2014,Hotel 1 oder 2*,China,89,144
2014,Hotel 1 oder 2*,Dänemark,440,1027
2014,Hotel 1 oder 2*,Estland,42,99
2014,Hotel 1 oder 2*,Finnland,118,400
2014,Hotel 1 oder 2*,Frankreich,547,1267
2014,Hotel 1 oder 2*,Griechenland,29,69
2014,Hotel 1 oder 2*,Indien,11,12
2014,Hotel 1 oder 2*,Irland  (Republik),66,200
2014,Hotel 1 oder 2*,Island,8,16
2014,Hotel 1 oder 2*,Israel,112,264
2014,Hotel 1 oder 2*,Italien,8906,21643
2014,Hotel 1 oder 2*,Japan,32,140
2014,Hotel 1 oder 2*,Kanada,124,244
2014,Hotel 1 oder 2*,Kroatien,1155,5226
2014,Hotel 1 oder 2*,Kärnten,11966,34341
2014,Hotel 1 oder 2*,Lettland,34,55
2014,Hotel 1 oder 2*,Litauen,52,166
2014,Hotel 1 oder 2*,Luxemburg,60,201
2014,Hotel 1 oder 2*,Malta,9,27
2014,Hotel 1 oder 2*,Mitteldeutschland,4984,22814
2014,Hotel 1 oder 2*,Neuseeland,13,21
2014,Hotel 1 oder 2*,Niederlande,5907,24178
2014,Hotel 1 oder 2*,Niederösterreich,16413,57802
2014,Hotel 1 oder 2*,Norddeutschland,4307,22936
2014,Hotel 1 oder 2*,Nordrhein-Westfalen,6262,36818
2014,Hotel 1 oder 2*,Norwegen,136,240
2014,Hotel 1 oder 2*,Oberösterreich,10338,33009
2014,Hotel 1 oder 2*,Ostdeutschland,5058,24831
2014,Hotel 1 oder 2*,Polen,1846,6570
2014,Hotel 1 oder 2*,Portugal,43,194
2014,Hotel 1 oder 2*,Rumänien,970,4295
2014,Hotel 1 oder 2*,Russland,380,1194
2014,Hotel 1 oder 2*,Salzburg,5703,18674
2014,Hotel 1 oder 2*,Saudi-Arabien,16,18
2014,Hotel 1 oder 2*,Schweden,341,691
2014,Hotel 1 oder 2*,Schweiz und Liechtenstein,1882,6780
2014,Hotel 1 oder 2*,Slowakei,970,3969
2014,Hotel 1 oder 2*,Slowenien,2384,6753
2014,Hotel 1 oder 2*,Spanien,202,732
2014,Hotel 1 oder 2*,Steiermark,16589,46002
2014,Hotel 1 oder 2*,Südafrika,23,63
2014,Hotel 1 oder 2*,Südkorea,8,16
2014,Hotel 1 oder 2*,Südostasien,16,50
2014,Hotel 1 oder 2*,Taiwan,23,81
2014,Hotel 1 oder 2*,Tirol,3861,14406
2014,Hotel 1 oder 2*,Tschechische Republik,2838,9293
2014,Hotel 1 oder 2*,Türkei,72,229
2014,Hotel 1 oder 2*,USA,348,1042
2014,Hotel 1 oder 2*,Ukraine,159,767
2014,Hotel 1 oder 2*,Ungarn,4603,17712
2014,Hotel 1 oder 2*,Vereinigte Arabische Emirate,32,69
2014,Hotel 1 oder 2*,Vereinigtes Königreich,664,2893
2014,Hotel 1 oder 2*,Vorarlberg,1173,3829
2014,Hotel 1 oder 2*,Wien,14848,58215
2014,Hotel 1 oder 2*,Zentral- und Südamerika,27,121
2014,Hotel 1 oder 2*,Zypern,5,25
2014,Hotel 1 oder 2*,ehem. Jugoslawien,330,1589
2014,Hotel 1 oder 2*,Übriges Afrika,21,29
2014,Hotel 1 oder 2*,Übriges Asien,18,38
2014,Hotel 1 oder 2*,Übriges Ausland,1040,3962
2014,Hotel 1 oder 2*,übrige GUS,36,119
2014,Hotel 3*,Arabische Länder Asiens,153,345
2014,Hotel 3*,Australien,520,1088
2014,Hotel 3*,Baden Württemberg,24128,99665
2014,Hotel 3*,Bayern,56118,200771
2014,Hotel 3*,Belgien,6103,27950
2014,Hotel 3*,Berlin,5577,28058
2014,Hotel 3*,Brasilien,149,611
2014,Hotel 3*,Bulgarien,639,1858
2014,Hotel 3*,Burgenland,10289,29425
2014,Hotel 3*,China,10463,11445
2014,Hotel 3*,Dänemark,3084,9596
2014,Hotel 3*,Estland,326,684
2014,Hotel 3*,Finnland,691,1927
2014,Hotel 3*,Frankreich,3438,9204
2014,Hotel 3*,Griechenland,201,529
2014,Hotel 3*,Indien,233,381
2014,Hotel 3*,Irland  (Republik),192,455
2014,Hotel 3*,Island,29,64
2014,Hotel 3*,Israel,682,1873
2014,Hotel 3*,Italien,49378,109370
2014,Hotel 3*,Japan,252,656
2014,Hotel 3*,Kanada,528,1243
2014,Hotel 3*,Kroatien,6725,23332
2014,Hotel 3*,Kärnten,38621,94619
2014,Hotel 3*,Lettland,754,1310
2014,Hotel 3*,Litauen,335,545
2014,Hotel 3*,Luxemburg,271,1060
2014,Hotel 3*,Malta,33,79
2014,Hotel 3*,Mitteldeutschland,24179,112165
2014,Hotel 3*,Neuseeland,81,161
2014,Hotel 3*,Niederlande,26493,109705
2014,Hotel 3*,Niederösterreich,64338,205538
2014,Hotel 3*,Norddeutschland,19571,99602
2014,Hotel 3*,Nordrhein-Westfalen,27998,151661
2014,Hotel 3*,Norwegen,670,1444
2014,Hotel 3*,Oberösterreich,44508,129973
2014,Hotel 3*,Ostdeutschland,29673,141989
2014,Hotel 3*,Polen,13355,50826
2014,Hotel 3*,Portugal,224,1888
2014,Hotel 3*,Rumänien,3139,10873
2014,Hotel 3*,Russland,2483,8862
2014,Hotel 3*,Salzburg,22411,58008
2014,Hotel 3*,Saudi-Arabien,155,311
2014,Hotel 3*,Schweden,2226,5162
2014,Hotel 3*,Schweiz und Liechtenstein,9346,29330
2014,Hotel 3*,Slowakei,5207,16332
2014,Hotel 3*,Slowenien,7306,18502
2014,Hotel 3*,Spanien,868,2433
2014,Hotel 3*,Steiermark,61334,148585
2014,Hotel 3*,Südafrika,104,348
2014,Hotel 3*,Südkorea,421,538
2014,Hotel 3*,Südostasien,258,747
2014,Hotel 3*,Taiwan,412,933
2014,Hotel 3*,Tirol,18309,50732
2014,Hotel 3*,Tschechische Republik,15255,54739
2014,Hotel 3*,Türkei,515,1996
2014,Hotel 3*,USA,1816,4711
2014,Hotel 3*,Ukraine,1806,3204
2014,Hotel 3*,Ungarn,20948,79143
2014,Hotel 3*,Vereinigte Arabische Emirate,106,214
2014,Hotel 3*,Vereinigtes Königreich,4720,19983
2014,Hotel 3*,Vorarlberg,5764,17606
2014,Hotel 3*,Wien,63874,208033
2014,Hotel 3*,Zentral- und Südamerika,294,733
2014,Hotel 3*,Zypern,31,87
2014,Hotel 3*,ehem. Jugoslawien,1777,7435
2014,Hotel 3*,Übriges Afrika,139,406
2014,Hotel 3*,Übriges Asien,131,214
2014,Hotel 3*,Übriges Ausland,3743,10775
2014,Hotel 3*,übrige GUS,331,605
2014,Hotel 4*,Arabische Länder Asiens,644,1710
2014,Hotel 4*,Australien,747,1695
2014,Hotel 4*,Baden Württemberg,27183,128612
2014,Hotel 4*,Bayern,71805,297394
2014,Hotel 4*,Belgien,9547,59296
2014,Hotel 4*,Berlin,5137,24057
2014,Hotel 4*,Brasilien,219,583
2014,Hotel 4*,Bulgarien,892,2837
2014,Hotel 4*,Burgenland,14014,45740
2014,Hotel 4*,China,9241,10008
2014,Hotel 4*,Dänemark,1970,7486
2014,Hotel 4*,Estland,356,849
2014,Hotel 4*,Finnland,1164,4639
2014,Hotel 4*,Frankreich,4113,10316
2014,Hotel 4*,Griechenland,353,1132
2014,Hotel 4*,Indien,213,541
2014,Hotel 4*,Irland  (Republik),501,2039
2014,Hotel 4*,Island,54,225
2014,Hotel 4*,Israel,990,3211
2014,Hotel 4*,Italien,65926,176597
2014,Hotel 4*,Japan,1738,2656
2014,Hotel 4*,Kanada,705,1603
2014,Hotel 4*,Kroatien,6039,20135
2014,Hotel 4*,Kärnten,60776,172776
2014,Hotel 4*,Lettland,125,333
2014,Hotel 4*,Litauen,172,447
2014,Hotel 4*,Luxemburg,636,3182
2014,Hotel 4*,Malta,102,245
2014,Hotel 4*,Mitteldeutschland,27397,140461
2014,Hotel 4*,Neuseeland,64,520
2014,Hotel 4*,Niederlande,12617,61541
2014,Hotel 4*,Niederösterreich,71075,253508
2014,Hotel 4*,Norddeutschland,20648,119987
2014,Hotel 4*,Nordrhein-Westfalen,28370,169686
2014,Hotel 4*,Norwegen,736,1664
2014,Hotel 4*,Oberösterreich,47569,148932
2014,Hotel 4*,Ostdeutschland,22497,119503
2014,Hotel 4*,Polen,8485,36226
2014,Hotel 4*,Portugal,220,814
2014,Hotel 4*,Rumänien,2710,11148
2014,Hotel 4*,Russland,5285,13291
2014,Hotel 4*,Salzburg,29252,79603
2014,Hotel 4*,Saudi-Arabien,275,604
2014,Hotel 4*,Schweden,1689,3856
2014,Hotel 4*,Schweiz und Liechtenstein,12630,43593
2014,Hotel 4*,Slowakei,5181,19277
2014,Hotel 4*,Slowenien,5258,14663
2014,Hotel 4*,Spanien,4078,10821
2014,Hotel 4*,Steiermark,84668,262937
2014,Hotel 4*,Südafrika,145,444
2014,Hotel 4*,Südkorea,177,369
2014,Hotel 4*,Südostasien,726,2412
2014,Hotel 4*,Taiwan,358,416
2014,Hotel 4*,Tirol,22823,70652
2014,Hotel 4*,Tschechische Republik,13084,51310
2014,Hotel 4*,Türkei,562,2633
2014,Hotel 4*,USA,3983,8811
2014,Hotel 4*,Ukraine,1369,3432
2014,Hotel 4*,Ungarn,12919,52231
2014,Hotel 4*,Vereinigte Arabische Emirate,245,771
2014,Hotel 4*,Vereinigtes Königreich,7047,27318
2014,Hotel 4*,Vorarlberg,6115,20743
2014,Hotel 4*,Wien,85051,283494
2014,Hotel 4*,Zentral- und Südamerika,415,1075
2014,Hotel 4*,Zypern,63,245
2014,Hotel 4*,ehem. Jugoslawien,3071,10429
2014,Hotel 4*,Übriges Afrika,338,1520
2014,Hotel 4*,Übriges Asien,263,555
2014,Hotel 4*,Übriges Ausland,8034,18163
2014,Hotel 4*,übrige GUS,187,553
2014,Hotel 4* Superior,Arabische Länder Asiens,391,960
2014,Hotel 4* Superior,Australien,96,239
2014,Hotel 4* Superior,Baden Württemberg,3172,16854
2014,Hotel 4* Superior,Bayern,12464,46725
2014,Hotel 4* Superior,Belgien,440,1705
2014,Hotel 4* Superior,Berlin,588,2968
2014,Hotel 4* Superior,Brasilien,3,21
2014,Hotel 4* Superior,Bulgarien,75,290
2014,Hotel 4* Superior,Burgenland,1213,3538
2014,Hotel 4* Superior,China,539,587
2014,Hotel 4* Superior,Dänemark,164,490
2014,Hotel 4* Superior,Estland,10,28
2014,Hotel 4* Superior,Finnland,44,172
2014,Hotel 4* Superior,Frankreich,458,1458
2014,Hotel 4* Superior,Griechenland,31,126
2014,Hotel 4* Superior,Indien,66,236
2014,Hotel 4* Superior,Irland  (Republik),39,118
2014,Hotel 4* Superior,Island,5,18
2014,Hotel 4* Superior,Israel,174,629
2014,Hotel 4* Superior,Italien,5323,11738
2014,Hotel 4* Superior,Japan,260,911
2014,Hotel 4* Superior,Kanada,104,316
2014,Hotel 4* Superior,Kroatien,357,1168
2014,Hotel 4* Superior,Kärnten,8656,19986
2014,Hotel 4* Superior,Lettland,16,45
2014,Hotel 4* Superior,Litauen,6,26
2014,Hotel 4* Superior,Luxemburg,159,651
2014,Hotel 4* Superior,Malta,6,6
2014,Hotel 4* Superior,Mitteldeutschland,3319,18758
2014,Hotel 4* Superior,Neuseeland,16,31
2014,Hotel 4* Superior,Niederlande,828,2952
2014,Hotel 4* Superior,Niederösterreich,8632,27978
2014,Hotel 4* Superior,Norddeutschland,2186,12158
2014,Hotel 4* Superior,Nordrhein-Westfalen,3963,24783
2014,Hotel 4* Superior,Norwegen,151,450
2014,Hotel 4* Superior,Oberösterreich,5048,15433
2014,Hotel 4* Superior,Ostdeutschland,1823,8563
2014,Hotel 4* Superior,Polen,364,907
2014,Hotel 4* Superior,Portugal,35,206
2014,Hotel 4* Superior,Rumänien,310,1074
2014,Hotel 4* Superior,Russland,496,2786
2014,Hotel 4* Superior,Salzburg,4314,11788
2014,Hotel 4* Superior,Saudi-Arabien,32,134
2014,Hotel 4* Superior,Schweden,161,565
2014,Hotel 4* Superior,Schweiz und Liechtenstein,2727,10700
2014,Hotel 4* Superior,Slowakei,229,737
2014,Hotel 4* Superior,Slowenien,278,629
2014,Hotel 4* Superior,Spanien,121,323
2014,Hotel 4* Superior,Steiermark,10144,24126
2014,Hotel 4* Superior,Südafrika,15,116
2014,Hotel 4* Superior,Südkorea,37,107
2014,Hotel 4* Superior,Südostasien,827,2016
2014,Hotel 4* Superior,Taiwan,180,473
2014,Hotel 4* Superior,Tirol,3824,10330
2014,Hotel 4* Superior,Tschechische Republik,361,1239
2014,Hotel 4* Superior,Türkei,197,449
2014,Hotel 4* Superior,USA,1454,4450
2014,Hotel 4* Superior,Ukraine,148,892
2014,Hotel 4* Superior,Ungarn,505,1459
2014,Hotel 4* Superior,Vereinigte Arabische Emirate,13,93
2014,Hotel 4* Superior,Vereinigtes Königreich,1310,5675
2014,Hotel 4* Superior,Vorarlberg,1186,2772
2014,Hotel 4* Superior,Wien,16355,44228
2014,Hotel 4* Superior,Zentral- und Südamerika,96,189
2014,Hotel 4* Superior,Zypern,7,29
2014,Hotel 4* Superior,ehem. Jugoslawien,173,412
2014,Hotel 4* Superior,Übriges Afrika,37,127
2014,Hotel 4* Superior,Übriges Asien,52,130
2014,Hotel 4* Superior,Übriges Ausland,317,2178
2014,Hotel 4* Superior,übrige GUS,23,92
2014,Hotel 5*,Arabische Länder Asiens,214,641
2014,Hotel 5*,Australien,38,84
2014,Hotel 5*,Baden Württemberg,634,2937
2014,Hotel 5*,Bayern,2649,9501
2014,Hotel 5*,Belgien,70,307
2014,Hotel 5*,Berlin,94,398
2014,Hotel 5*,Brasilien,9,13
2014,Hotel 5*,Bulgarien,86,314
2014,Hotel 5*,Burgenland,561,1802
2014,Hotel 5*,China,31,41
2014,Hotel 5*,Dänemark,26,59
2014,Hotel 5*,Estland,2,6
2014,Hotel 5*,Finnland,5,11
2014,Hotel 5*,Frankreich,183,525
2014,Hotel 5*,Griechenland,28,84
2014,Hotel 5*,Indien,9,20
2014,Hotel 5*,Irland  (Republik),8,16
2014,Hotel 5*,Israel,63,198
2014,Hotel 5*,Italien,5474,15312
2014,Hotel 5*,Japan,16,33
2014,Hotel 5*,Kanada,41,106
2014,Hotel 5*,Kroatien,286,825
2014,Hotel 5*,Kärnten,4070,8667
2014,Hotel 5*,Lettland,21,100
2014,Hotel 5*,Luxemburg,26,82
2014,Hotel 5*,Malta,9,27
2014,Hotel 5*,Mitteldeutschland,521,2625
2014,Hotel 5*,Neuseeland,2,2
2014,Hotel 5*,Niederlande,151,657
2014,Hotel 5*,Niederösterreich,3065,11341
2014,Hotel 5*,Norddeutschland,496,3130
2014,Hotel 5*,Nordrhein-Westfalen,865,4349
2014,Hotel 5*,Norwegen,25,54
2014,Hotel 5*,Oberösterreich,2220,5535
2014,Hotel 5*,Ostdeutschland,657,2207
2014,Hotel 5*,Polen,110,431
2014,Hotel 5*,Portugal,7,19
2014,Hotel 5*,Rumänien,108,418
2014,Hotel 5*,Russland,311,2185
2014,Hotel 5*,Salzburg,1774,5288
2014,Hotel 5*,Saudi-Arabien,19,19
2014,Hotel 5*,Schweden,38,99
2014,Hotel 5*,Schweiz und Liechtenstein,699,2361
2014,Hotel 5*,Slowakei,271,731
2014,Hotel 5*,Slowenien,453,1192
2014,Hotel 5*,Spanien,34,93
2014,Hotel 5*,Steiermark,4134,10008
2014,Hotel 5*,Südafrika,7,24
2014,Hotel 5*,Südostasien,14,28
2014,Hotel 5*,Taiwan,1,2
2014,Hotel 5*,Tirol,1304,3748
2014,Hotel 5*,Tschechische Republik,313,1229
2014,Hotel 5*,Türkei,406,955
2014,Hotel 5*,USA,523,1235
2014,Hotel 5*,Ukraine,126,735
2014,Hotel 5*,Ungarn,443,1392
2014,Hotel 5*,Vereinigte Arabische Emirate,42,115
2014,Hotel 5*,Vereinigtes Königreich,603,1863
2014,Hotel 5*,Vorarlberg,258,738
2014,Hotel 5*,Wien,5525,21827
2014,Hotel 5*,Zentral- und Südamerika,25,63
2014,Hotel 5*,Zypern,10,51
2014,Hotel 5*,ehem. Jugoslawien,177,729
2014,Hotel 5*,Übriges Afrika,376,2032
2014,Hotel 5*,Übriges Asien,34,144
2014,Hotel 5*,Übriges Ausland,42,138
2014,Hotel 5*,übrige GUS,27,93
2014,Jugendherbergen u. -gästehäuser,Arabische Länder Asiens,9,16
2014,Jugendherbergen u. -gästehäuser,Australien,77,212
2014,Jugendherbergen u. -gästehäuser,Baden Württemberg,1230,2607
2014,Jugendherbergen u. -gästehäuser,Bayern,2104,6030
2014,Jugendherbergen u. -gästehäuser,Belgien,114,221
2014,Jugendherbergen u. -gästehäuser,Berlin,426,1356
2014,Jugendherbergen u. -gästehäuser,Brasilien,1,1
2014,Jugendherbergen u. -gästehäuser,Bulgarien,56,88
2014,Jugendherbergen u. -gästehäuser,Burgenland,654,1819
2014,Jugendherbergen u. -gästehäuser,China,90,104
2014,Jugendherbergen u. -gästehäuser,Dänemark,61,158
2014,Jugendherbergen u. -gästehäuser,Estland,73,236
2014,Jugendherbergen u. -gästehäuser,Finnland,51,66
2014,Jugendherbergen u. -gästehäuser,Frankreich,180,348
2014,Jugendherbergen u. -gästehäuser,Griechenland,61,228
2014,Jugendherbergen u. -gästehäuser,Indien,10,35
2014,Jugendherbergen u. -gästehäuser,Irland  (Republik),24,39
2014,Jugendherbergen u. -gästehäuser,Island,2,6
2014,Jugendherbergen u. -gästehäuser,Israel,29,44
2014,Jugendherbergen u. -gästehäuser,Italien,2612,4678
2014,Jugendherbergen u. -gästehäuser,Japan,32,56
2014,Jugendherbergen u. -gästehäuser,Kanada,62,168
2014,Jugendherbergen u. -gästehäuser,Kroatien,401,903
2014,Jugendherbergen u. -gästehäuser,Kärnten,7722,20188
2014,Jugendherbergen u. -gästehäuser,Lettland,174,178
2014,Jugendherbergen u. -gästehäuser,Litauen,16,16
2014,Jugendherbergen u. -gästehäuser,Luxemburg,7,10
2014,Jugendherbergen u. -gästehäuser,Malta,3,5
2014,Jugendherbergen u. -gästehäuser,Mitteldeutschland,1545,6054
2014,Jugendherbergen u. -gästehäuser,Neuseeland,9,9
2014,Jugendherbergen u. -gästehäuser,Niederlande,955,2662
2014,Jugendherbergen u. -gästehäuser,Niederösterreich,3702,11168
2014,Jugendherbergen u. -gästehäuser,Norddeutschland,1375,6137
2014,Jugendherbergen u. -gästehäuser,Nordrhein-Westfalen,2402,12563
2014,Jugendherbergen u. -gästehäuser,Norwegen,54,87
2014,Jugendherbergen u. -gästehäuser,Oberösterreich,2711,7366
2014,Jugendherbergen u. -gästehäuser,Ostdeutschland,1001,3153
2014,Jugendherbergen u. -gästehäuser,Polen,1140,2116
2014,Jugendherbergen u. -gästehäuser,Portugal,181,345
2014,Jugendherbergen u. -gästehäuser,Rumänien,986,3072
2014,Jugendherbergen u. -gästehäuser,Russland,177,462
2014,Jugendherbergen u. -gästehäuser,Salzburg,2033,5239
2014,Jugendherbergen u. -gästehäuser,Saudi-Arabien,3,3
2014,Jugendherbergen u. -gästehäuser,Schweden,165,335
2014,Jugendherbergen u. -gästehäuser,Schweiz und Liechtenstein,414,1209
2014,Jugendherbergen u. -gästehäuser,Slowakei,341,897
2014,Jugendherbergen u. -gästehäuser,Slowenien,866,1630
2014,Jugendherbergen u. -gästehäuser,Spanien,172,414
2014,Jugendherbergen u. -gästehäuser,Steiermark,6645,15982
2014,Jugendherbergen u. -gästehäuser,Südafrika,2,2
2014,Jugendherbergen u. -gästehäuser,Südkorea,8,8
2014,Jugendherbergen u. -gästehäuser,Südostasien,19,25
2014,Jugendherbergen u. -gästehäuser,Taiwan,4,9
2014,Jugendherbergen u. -gästehäuser,Tirol,1489,3118
2014,Jugendherbergen u. -gästehäuser,Tschechische Republik,926,2437
2014,Jugendherbergen u. -gästehäuser,Türkei,32,92
2014,Jugendherbergen u. -gästehäuser,USA,156,356
2014,Jugendherbergen u. -gästehäuser,Ukraine,71,210
2014,Jugendherbergen u. -gästehäuser,Ungarn,1295,3292
2014,Jugendherbergen u. -gästehäuser,Vereinigte Arabische Emirate,2,2
2014,Jugendherbergen u. -gästehäuser,Vereinigtes Königreich,437,1698
2014,Jugendherbergen u. -gästehäuser,Vorarlberg,447,1155
2014,Jugendherbergen u. -gästehäuser,Wien,7241,19604
2014,Jugendherbergen u. -gästehäuser,Zentral- und Südamerika,28,58
2014,Jugendherbergen u. -gästehäuser,ehem. Jugoslawien,296,653
2014,Jugendherbergen u. -gästehäuser,Übriges Afrika,22,98
2014,Jugendherbergen u. -gästehäuser,Übriges Asien,13,29
2014,Jugendherbergen u. -gästehäuser,Übriges Ausland,108,202
2014,Jugendherbergen u. -gästehäuser,übrige GUS,21,86
2014,Kinder- u. Jugenderholungsheime,Baden Württemberg,72,504
2014,Kinder- u. Jugenderholungsheime,Bayern,138,524
2014,Kinder- u. Jugenderholungsheime,Belgien,1256,7620
2014,Kinder- u. Jugenderholungsheime,Burgenland,162,826
2014,Kinder- u. Jugenderholungsheime,Dänemark,553,2385
2014,Kinder- u. Jugenderholungsheime,Frankreich,108,746
2014,Kinder- u. Jugenderholungsheime,Italien,43,86
2014,Kinder- u. Jugenderholungsheime,Kroatien,148,742
2014,Kinder- u. Jugenderholungsheime,Kärnten,1806,8564
2014,Kinder- u. Jugenderholungsheime,Mitteldeutschland,14,40
2014,Kinder- u. Jugenderholungsheime,Niederlande,4,28
2014,Kinder- u. Jugenderholungsheime,Niederösterreich,947,5740
2014,Kinder- u. Jugenderholungsheime,Norddeutschland,32,224
2014,Kinder- u. Jugenderholungsheime,Nordrhein-Westfalen,209,1219
2014,Kinder- u. Jugenderholungsheime,Oberösterreich,148,1137
2014,Kinder- u. Jugenderholungsheime,Polen,457,3248
2014,Kinder- u. Jugenderholungsheime,Rumänien,33,227
2014,Kinder- u. Jugenderholungsheime,Salzburg,270,1586
2014,Kinder- u. Jugenderholungsheime,Schweden,2,16
2014,Kinder- u. Jugenderholungsheime,Slowenien,86,239
2014,Kinder- u. Jugenderholungsheime,Steiermark,1424,12432
2014,Kinder- u. Jugenderholungsheime,Tirol,128,919
2014,Kinder- u. Jugenderholungsheime,Tschechische Republik,102,408
2014,Kinder- u. Jugenderholungsheime,USA,1,2
2014,Kinder- u. Jugenderholungsheime,Ungarn,13,32
2014,Kinder- u. Jugenderholungsheime,Vereinigtes Königreich,238,1519
2014,Kinder- u. Jugenderholungsheime,Wien,2232,13715
2014,Kinder- u. Jugenderholungsheime,Übriges Ausland,1,11
2014,Kurheim der Sozialversich.träger,Baden Württemberg,9,114
2014,Kurheim der Sozialversich.träger,Bayern,6,80
2014,Kurheim der Sozialversich.träger,Bulgarien,8,80
2014,Kurheim der Sozialversich.träger,Burgenland,282,4831
2014,Kurheim der Sozialversich.träger,Griechenland,2,16
2014,Kurheim der Sozialversich.träger,Italien,21,88
2014,Kurheim der Sozialversich.träger,Kroatien,4,6
2014,Kurheim der Sozialversich.träger,Kärnten,3233,65639
2014,Kurheim der Sozialversich.träger,Luxemburg,4,32
2014,Kurheim der Sozialversich.träger,Mitteldeutschland,14,146
2014,Kurheim der Sozialversich.träger,Niederlande,4,18
2014,Kurheim der Sozialversich.träger,Niederösterreich,1391,23613
2014,Kurheim der Sozialversich.träger,Norddeutschland,1,1
2014,Kurheim der Sozialversich.träger,Nordrhein-Westfalen,1,4
2014,Kurheim der Sozialversich.träger,Oberösterreich,916,15022
2014,Kurheim der Sozialversich.träger,Ostdeutschland,2,2
2014,Kurheim der Sozialversich.träger,Salzburg,554,9999
2014,Kurheim der Sozialversich.träger,Schweiz und Liechtenstein,1,1
2014,Kurheim der Sozialversich.träger,Slowenien,2,20
2014,Kurheim der Sozialversich.träger,Spanien,2,6
2014,Kurheim der Sozialversich.träger,Steiermark,1949,35584
2014,Kurheim der Sozialversich.träger,Tirol,594,10867
2014,Kurheim der Sozialversich.träger,Ungarn,28,217
2014,Kurheim der Sozialversich.träger,Vorarlberg,73,1224
2014,Kurheim der Sozialversich.träger,Wien,1749,29546
2014,Kurheim der Sozialversich.träger,Übriges Ausland,9,120
2014,Kurheim der Sozialversich.träger,übrige GUS,14,199
2014,Private u. öffentl. Kurheime,Arabische Länder Asiens,86,1025
2014,Private u. öffentl. Kurheime,Australien,14,215
2014,Private u. öffentl. Kurheime,Baden Württemberg,50,448
2014,Private u. öffentl. Kurheime,Bayern,315,2919
2014,Private u. öffentl. Kurheime,Belgien,10,78
2014,Private u. öffentl. Kurheime,Berlin,44,367
2014,Private u. öffentl. Kurheime,Burgenland,197,2601
2014,Private u. öffentl. Kurheime,China,2,33
2014,Private u. öffentl. Kurheime,Dänemark,5,39
2014,Private u. öffentl. Kurheime,Finnland,6,48
2014,Private u. öffentl. Kurheime,Frankreich,61,638
2014,Private u. öffentl. Kurheime,Griechenland,25,224
2014,Private u. öffentl. Kurheime,Indien,27,215
2014,Private u. öffentl. Kurheime,Irland  (Republik),5,36
2014,Private u. öffentl. Kurheime,Israel,13,120
2014,Private u. öffentl. Kurheime,Italien,68,448
2014,Private u. öffentl. Kurheime,Japan,1,1
2014,Private u. öffentl. Kurheime,Kanada,5,63
2014,Private u. öffentl. Kurheime,Kroatien,2,33
2014,Private u. öffentl. Kurheime,Kärnten,604,8072
2014,Private u. öffentl. Kurheime,Lettland,2,31
2014,Private u. öffentl. Kurheime,Luxemburg,1,6
2014,Private u. öffentl. Kurheime,Malta,3,40
2014,Private u. öffentl. Kurheime,Mitteldeutschland,81,885
2014,Private u. öffentl. Kurheime,Neuseeland,1,11
2014,Private u. öffentl. Kurheime,Niederlande,18,107
2014,Private u. öffentl. Kurheime,Niederösterreich,2340,27625
2014,Private u. öffentl. Kurheime,Norddeutschland,93,1015
2014,Private u. öffentl. Kurheime,Nordrhein-Westfalen,64,677
2014,Private u. öffentl. Kurheime,Norwegen,4,29
2014,Private u. öffentl. Kurheime,Oberösterreich,684,7317
2014,Private u. öffentl. Kurheime,Ostdeutschland,40,397
2014,Private u. öffentl. Kurheime,Polen,3,23
2014,Private u. öffentl. Kurheime,Portugal,1,14
2014,Private u. öffentl. Kurheime,Rumänien,5,65
2014,Private u. öffentl. Kurheime,Russland,190,1784
2014,Private u. öffentl. Kurheime,Salzburg,475,5617
2014,Private u. öffentl. Kurheime,Schweden,18,199
2014,Private u. öffentl. Kurheime,Schweiz und Liechtenstein,69,591
2014,Private u. öffentl. Kurheime,Slowakei,22,178
2014,Private u. öffentl. Kurheime,Slowenien,2,9
2014,Private u. öffentl. Kurheime,Spanien,28,242
2014,Private u. öffentl. Kurheime,Steiermark,1041,11678
2014,Private u. öffentl. Kurheime,Südafrika,1,26
2014,Private u. öffentl. Kurheime,Südostasien,9,66
2014,Private u. öffentl. Kurheime,Tirol,669,7371
2014,Private u. öffentl. Kurheime,Tschechische Republik,21,183
2014,Private u. öffentl. Kurheime,Türkei,66,547
2014,Private u. öffentl. Kurheime,USA,71,770
2014,Private u. öffentl. Kurheime,Ukraine,42,440
2014,Private u. öffentl. Kurheime,Ungarn,14,64
2014,Private u. öffentl. Kurheime,Vereinigte Arabische Emirate,1,11
2014,Private u. öffentl. Kurheime,Vereinigtes Königreich,614,5387
2014,Private u. öffentl. Kurheime,Vorarlberg,148,1676
2014,Private u. öffentl. Kurheime,Wien,2729,29742
2014,Private u. öffentl. Kurheime,Zentral- und Südamerika,3,30
2014,Private u. öffentl. Kurheime,Zypern,1,6
2014,Private u. öffentl. Kurheime,ehem. Jugoslawien,2,57
2014,Private u. öffentl. Kurheime,Übriges Afrika,17,183
2014,Private u. öffentl. Kurheime,Übriges Ausland,20,149
2014,Private u. öffentl. Kurheime,übrige GUS,10,70
2014,Sonstige Unterkunft,Arabische Länder Asiens,20,40
2014,Sonstige Unterkunft,Australien,53,118
2014,Sonstige Unterkunft,Baden Württemberg,4158,22412
2014,Sonstige Unterkunft,Bayern,7990,34310
2014,Sonstige Unterkunft,Belgien,559,3107
2014,Sonstige Unterkunft,Berlin,1008,6623
2014,Sonstige Unterkunft,Brasilien,12,40
2014,Sonstige Unterkunft,Bulgarien,111,353
2014,Sonstige Unterkunft,Burgenland,1520,5334
2014,Sonstige Unterkunft,China,291,381
2014,Sonstige Unterkunft,Dänemark,540,1963
2014,Sonstige Unterkunft,Estland,35,58
2014,Sonstige Unterkunft,Finnland,70,167
2014,Sonstige Unterkunft,Frankreich,368,1206
2014,Sonstige Unterkunft,Griechenland,51,155
2014,Sonstige Unterkunft,Indien,8,51
2014,Sonstige Unterkunft,Irland  (Republik),22,61
2014,Sonstige Unterkunft,Island,3,29
2014,Sonstige Unterkunft,Israel,93,205
2014,Sonstige Unterkunft,Italien,5774,14902
2014,Sonstige Unterkunft,Japan,89,276
2014,Sonstige Unterkunft,Kanada,62,219
2014,Sonstige Unterkunft,Kroatien,772,2833
2014,Sonstige Unterkunft,Kärnten,10146,40454
2014,Sonstige Unterkunft,Lettland,33,53
2014,Sonstige Unterkunft,Litauen,67,220
2014,Sonstige Unterkunft,Luxemburg,36,235
2014,Sonstige Unterkunft,Malta,8,12
2014,Sonstige Unterkunft,Mitteldeutschland,4741,25883
2014,Sonstige Unterkunft,Neuseeland,2,12
2014,Sonstige Unterkunft,Niederlande,3627,15522
2014,Sonstige Unterkunft,Niederösterreich,11675,45844
2014,Sonstige Unterkunft,Norddeutschland,3109,21084
2014,Sonstige Unterkunft,Nordrhein-Westfalen,4664,33766
2014,Sonstige Unterkunft,Norwegen,45,112
2014,Sonstige Unterkunft,Oberösterreich,9893,39511
2014,Sonstige Unterkunft,Ostdeutschland,3682,21026
2014,Sonstige Unterkunft,Polen,2146,11912
2014,Sonstige Unterkunft,Portugal,7,18
2014,Sonstige Unterkunft,Rumänien,555,3092
2014,Sonstige Unterkunft,Russland,304,1295
2014,Sonstige Unterkunft,Salzburg,4680,15769
2014,Sonstige Unterkunft,Saudi-Arabien,44,236
2014,Sonstige Unterkunft,Schweden,209,753
2014,Sonstige Unterkunft,Schweiz und Liechtenstein,899,3569
2014,Sonstige Unterkunft,Slowakei,599,2574
2014,Sonstige Unterkunft,Slowenien,2754,6070
2014,Sonstige Unterkunft,Spanien,142,378
2014,Sonstige Unterkunft,Steiermark,10835,37238
2014,Sonstige Unterkunft,Südafrika,6,14
2014,Sonstige Unterkunft,Südkorea,6,9
2014,Sonstige Unterkunft,Südostasien,26,33
2014,Sonstige Unterkunft,Taiwan,2,4
2014,Sonstige Unterkunft,Tirol,3630,12617
2014,Sonstige Unterkunft,Tschechische Republik,1973,7005
2014,Sonstige Unterkunft,Türkei,25,99
2014,Sonstige Unterkunft,USA,371,1331
2014,Sonstige Unterkunft,Ukraine,250,412
2014,Sonstige Unterkunft,Ungarn,11256,44761
2014,Sonstige Unterkunft,Vereinigte Arabische Emirate,10,17
2014,Sonstige Unterkunft,Vereinigtes Königreich,983,5694
2014,Sonstige Unterkunft,Vorarlberg,758,3289
2014,Sonstige Unterkunft,Wien,12652,56952
2014,Sonstige Unterkunft,Zentral- und Südamerika,59,363
2014,Sonstige Unterkunft,Zypern,7,7
2014,Sonstige Unterkunft,ehem. Jugoslawien,169,654
2014,Sonstige Unterkunft,Übriges Afrika,24,240
2014,Sonstige Unterkunft,Übriges Asien,12,47
2014,Sonstige Unterkunft,Übriges Ausland,244,819
2014,Sonstige Unterkunft,übrige GUS,55,122
2014,Unterkunft auf Bauernhof,Arabische Länder Asiens,27,117
2014,Unterkunft auf Bauernhof,Australien,14,43
2014,Unterkunft auf Bauernhof,Baden Württemberg,2862,23895
2014,Unterkunft auf Bauernhof,Bayern,6184,40449
2014,Unterkunft auf Bauernhof,Belgien,407,3560
2014,Unterkunft auf Bauernhof,Berlin,836,7894
2014,Unterkunft auf Bauernhof,Brasilien,1,220
2014,Unterkunft auf Bauernhof,Bulgarien,75,403
2014,Unterkunft auf Bauernhof,Burgenland,460,2196
2014,Unterkunft auf Bauernhof,China,3,9
2014,Unterkunft auf Bauernhof,Dänemark,110,632
2014,Unterkunft auf Bauernhof,Estland,18,106
2014,Unterkunft auf Bauernhof,Finnland,14,22
2014,Unterkunft auf Bauernhof,Frankreich,100,593
2014,Unterkunft auf Bauernhof,Griechenland,2,13
2014,Unterkunft auf Bauernhof,Irland  (Republik),6,28
2014,Unterkunft auf Bauernhof,Island,2,8
2014,Unterkunft auf Bauernhof,Israel,76,308
2014,Unterkunft auf Bauernhof,Italien,1954,7721
2014,Unterkunft auf Bauernhof,Japan,1,1
2014,Unterkunft auf Bauernhof,Kanada,12,42
2014,Unterkunft auf Bauernhof,Kroatien,397,1605
2014,Unterkunft auf Bauernhof,Kärnten,1655,6570
2014,Unterkunft auf Bauernhof,Lettland,11,48
2014,Unterkunft auf Bauernhof,Litauen,24,140
2014,Unterkunft auf Bauernhof,Luxemburg,7,33
2014,Unterkunft auf Bauernhof,Malta,3,6
2014,Unterkunft auf Bauernhof,Mitteldeutschland,2469,21225
2014,Unterkunft auf Bauernhof,Neuseeland,5,9
2014,Unterkunft auf Bauernhof,Niederlande,2043,17419
2014,Unterkunft auf Bauernhof,Niederösterreich,3836,21205
2014,Unterkunft auf Bauernhof,Norddeutschland,2230,21645
2014,Unterkunft auf Bauernhof,Nordrhein-Westfalen,3885,38801
2014,Unterkunft auf Bauernhof,Norwegen,21,122
2014,Unterkunft auf Bauernhof,Oberösterreich,1979,9997
2014,Unterkunft auf Bauernhof,Ostdeutschland,3287,27222
2014,Unterkunft auf Bauernhof,Polen,761,5539
2014,Unterkunft auf Bauernhof,Portugal,0,80
2014,Unterkunft auf Bauernhof,Rumänien,173,1044
2014,Unterkunft auf Bauernhof,Russland,66,448
2014,Unterkunft auf Bauernhof,Salzburg,575,3001
2014,Unterkunft auf Bauernhof,Saudi-Arabien,9,39
2014,Unterkunft auf Bauernhof,Schweden,90,459
2014,Unterkunft auf Bauernhof,Schweiz und Liechtenstein,338,1757
2014,Unterkunft auf Bauernhof,Slowakei,554,2743
2014,Unterkunft auf Bauernhof,Slowenien,597,2515
2014,Unterkunft auf Bauernhof,Spanien,22,93
2014,Unterkunft auf Bauernhof,Steiermark,2095,8828
2014,Unterkunft auf Bauernhof,Südafrika,4,20
2014,Unterkunft auf Bauernhof,Südostasien,3,3
2014,Unterkunft auf Bauernhof,Tirol,442,2284
2014,Unterkunft auf Bauernhof,Tschechische Republik,2206,10646
2014,Unterkunft auf Bauernhof,Türkei,7,20
2014,Unterkunft auf Bauernhof,USA,45,424
2014,Unterkunft auf Bauernhof,Ukraine,26,192
2014,Unterkunft auf Bauernhof,Ungarn,1628,8840
2014,Unterkunft auf Bauernhof,Vereinigte Arabische Emirate,3,24
2014,Unterkunft auf Bauernhof,Vereinigtes Königreich,125,711
2014,Unterkunft auf Bauernhof,Vorarlberg,211,1160
2014,Unterkunft auf Bauernhof,Wien,3658,22963
2014,Unterkunft auf Bauernhof,Zentral- und Südamerika,3,9
2014,Unterkunft auf Bauernhof,ehem. Jugoslawien,121,940
2014,Unterkunft auf Bauernhof,Übriges Afrika,7,29
2014,Unterkunft auf Bauernhof,Übriges Ausland,80,445
2014,Unterkunft auf Bauernhof,übrige GUS,17,92
2015,Bewirtschaftete Schutzhütten,Australien,2,2
2015,Bewirtschaftete Schutzhütten,Baden Württemberg,821,1060
2015,Bewirtschaftete Schutzhütten,Bayern,2494,3237
2015,Bewirtschaftete Schutzhütten,Belgien,188,202
2015,Bewirtschaftete Schutzhütten,Berlin,328,458
2015,Bewirtschaftete Schutzhütten,Burgenland,185,215
2015,Bewirtschaftete Schutzhütten,Dänemark,3,3
2015,Bewirtschaftete Schutzhütten,Finnland,2,2
2015,Bewirtschaftete Schutzhütten,Frankreich,181,181
2015,Bewirtschaftete Schutzhütten,Israel,8,8
2015,Bewirtschaftete Schutzhütten,Italien,1199,1244
2015,Bewirtschaftete Schutzhütten,Japan,15,15
2015,Bewirtschaftete Schutzhütten,Kanada,1,1
2015,Bewirtschaftete Schutzhütten,Kroatien,141,141
2015,Bewirtschaftete Schutzhütten,Kärnten,3221,5687
2015,Bewirtschaftete Schutzhütten,Lettland,0,0
2015,Bewirtschaftete Schutzhütten,Litauen,2,2
2015,Bewirtschaftete Schutzhütten,Luxemburg,141,141
2015,Bewirtschaftete Schutzhütten,Mitteldeutschland,557,988
2015,Bewirtschaftete Schutzhütten,Niederlande,836,992
2015,Bewirtschaftete Schutzhütten,Niederösterreich,882,1115
2015,Bewirtschaftete Schutzhütten,Norddeutschland,331,694
2015,Bewirtschaftete Schutzhütten,Nordrhein-Westfalen,835,1392
2015,Bewirtschaftete Schutzhütten,Norwegen,3,3
2015,Bewirtschaftete Schutzhütten,Oberösterreich,858,1033
2015,Bewirtschaftete Schutzhütten,Ostdeutschland,632,1006
2015,Bewirtschaftete Schutzhütten,Polen,541,541
2015,Bewirtschaftete Schutzhütten,Rumänien,31,67
2015,Bewirtschaftete Schutzhütten,Russland,17,65
2015,Bewirtschaftete Schutzhütten,Salzburg,926,1076
2015,Bewirtschaftete Schutzhütten,Schweden,16,18
2015,Bewirtschaftete Schutzhütten,Schweiz und Liechtenstein,112,116
2015,Bewirtschaftete Schutzhütten,Slowakei,451,498
2015,Bewirtschaftete Schutzhütten,Slowenien,479,487
2015,Bewirtschaftete Schutzhütten,Spanien,5,9
2015,Bewirtschaftete Schutzhütten,Steiermark,1423,2195
2015,Bewirtschaftete Schutzhütten,Tirol,658,772
2015,Bewirtschaftete Schutzhütten,Tschechische Republik,969,1040
2015,Bewirtschaftete Schutzhütten,USA,12,12
2015,Bewirtschaftete Schutzhütten,Ukraine,1,1
2015,Bewirtschaftete Schutzhütten,Ungarn,247,347
2015,Bewirtschaftete Schutzhütten,Vereinigtes Königreich,8,8
2015,Bewirtschaftete Schutzhütten,Vorarlberg,61,63
2015,Bewirtschaftete Schutzhütten,Wien,2104,3041
2015,Bewirtschaftete Schutzhütten,Übriges Ausland,254,254
2015,Campingplatz,Arabische Länder Asiens,8,8
2015,Campingplatz,Australien,137,246
2015,Campingplatz,Baden Württemberg,23437,120009
2015,Campingplatz,Bayern,47232,215121
2015,Campingplatz,Belgien,4406,20605
2015,Campingplatz,Berlin,2609,12665
2015,Campingplatz,Brasilien,5,14
2015,Campingplatz,Bulgarien,144,406
2015,Campingplatz,Burgenland,1274,7594
2015,Campingplatz,China,6,18
2015,Campingplatz,Dänemark,7065,32805
2015,Campingplatz,Estland,83,141
2015,Campingplatz,Finnland,259,401
2015,Campingplatz,Frankreich,1631,3709
2015,Campingplatz,Griechenland,33,119
2015,Campingplatz,Irland  (Republik),78,359
2015,Campingplatz,Island,20,75
2015,Campingplatz,Israel,167,306
2015,Campingplatz,Italien,16635,48581
2015,Campingplatz,Japan,5,5
2015,Campingplatz,Kanada,44,160
2015,Campingplatz,Kroatien,213,446
2015,Campingplatz,Kärnten,5306,78140
2015,Campingplatz,Lettland,87,159
2015,Campingplatz,Litauen,176,294
2015,Campingplatz,Luxemburg,123,429
2015,Campingplatz,Malta,22,59
2015,Campingplatz,Mitteldeutschland,16641,94683
2015,Campingplatz,Neuseeland,71,124
2015,Campingplatz,Niederlande,61804,506520
2015,Campingplatz,Niederösterreich,14269,90375
2015,Campingplatz,Norddeutschland,17203,92728
2015,Campingplatz,Nordrhein-Westfalen,25678,169184
2015,Campingplatz,Norwegen,766,1403
2015,Campingplatz,Oberösterreich,11875,63618
2015,Campingplatz,Ostdeutschland,12012,54712
2015,Campingplatz,Polen,2752,6122
2015,Campingplatz,Portugal,46,109
2015,Campingplatz,Rumänien,242,1135
2015,Campingplatz,Russland,188,395
2015,Campingplatz,Salzburg,7897,49333
2015,Campingplatz,Saudi-Arabien,2,2
2015,Campingplatz,Schweden,1868,3488
2015,Campingplatz,Schweiz und Liechtenstein,6979,32079
2015,Campingplatz,Slowakei,934,2899
2015,Campingplatz,Slowenien,1943,4311
2015,Campingplatz,Spanien,330,933
2015,Campingplatz,Steiermark,18912,190263
2015,Campingplatz,Südafrika,16,24
2015,Campingplatz,Südkorea,7,7
2015,Campingplatz,Südostasien,14,19
2015,Campingplatz,Taiwan,2,2
2015,Campingplatz,Tirol,5137,27872
2015,Campingplatz,Tschechische Republik,8373,24768
2015,Campingplatz,Türkei,24,53
2015,Campingplatz,USA,149,297
2015,Campingplatz,Ukraine,180,424
2015,Campingplatz,Ungarn,2086,5905
2015,Campingplatz,Vereinigte Arabische Emirate,21,41
2015,Campingplatz,Vereinigtes Königreich,1568,4632
2015,Campingplatz,Vorarlberg,1181,7985
2015,Campingplatz,Wien,11361,72395
2015,Campingplatz,Zentral- und Südamerika,43,332
2015,Campingplatz,Zypern,4,60
2015,Campingplatz,ehem. Jugoslawien,131,229
2015,Campingplatz,Übriges Afrika,8,8
2015,Campingplatz,Übriges Asien,34,141
2015,Campingplatz,Übriges Ausland,979,3487
2015,Campingplatz,übrige GUS,13,39
2015,Ferienwohnung,Arabische Länder Asiens,278,1839
2015,Ferienwohnung,Australien,204,924
2015,Ferienwohnung,Baden Württemberg,15275,119181
2015,Ferienwohnung,Bayern,33335,208929
2015,Ferienwohnung,Belgien,3845,27995
2015,Ferienwohnung,Berlin,4435,39868
2015,Ferienwohnung,Brasilien,9,27
2015,Ferienwohnung,Bulgarien,467,3453
2015,Ferienwohnung,Burgenland,3270,17494
2015,Ferienwohnung,China,469,753
2015,Ferienwohnung,Dänemark,1440,8224
2015,Ferienwohnung,Estland,114,545
2015,Ferienwohnung,Finnland,369,2180
2015,Ferienwohnung,Frankreich,1016,5402
2015,Ferienwohnung,Griechenland,101,438
2015,Ferienwohnung,Indien,47,213
2015,Ferienwohnung,Irland  (Republik),78,574
2015,Ferienwohnung,Island,24,134
2015,Ferienwohnung,Israel,484,2461
2015,Ferienwohnung,Italien,15969,72736
2015,Ferienwohnung,Japan,53,743
2015,Ferienwohnung,Kanada,79,439
2015,Ferienwohnung,Kroatien,6939,32551
2015,Ferienwohnung,Kärnten,9250,42502
2015,Ferienwohnung,Lettland,177,805
2015,Ferienwohnung,Litauen,204,1112
2015,Ferienwohnung,Luxemburg,143,999
2015,Ferienwohnung,Malta,13,63
2015,Ferienwohnung,Mitteldeutschland,15013,126079
2015,Ferienwohnung,Neuseeland,71,443
2015,Ferienwohnung,Niederlande,29783,233191
2015,Ferienwohnung,Niederösterreich,25460,149194
2015,Ferienwohnung,Norddeutschland,13641,124811
2015,Ferienwohnung,Nordrhein-Westfalen,21098,202684
2015,Ferienwohnung,Norwegen,84,322
2015,Ferienwohnung,Oberösterreich,14229,73194
2015,Ferienwohnung,Ostdeutschland,16047,130097
2015,Ferienwohnung,Polen,8935,53104
2015,Ferienwohnung,Portugal,48,249
2015,Ferienwohnung,Rumänien,2348,16606
2015,Ferienwohnung,Russland,1324,8978
2015,Ferienwohnung,Salzburg,4997,23786
2015,Ferienwohnung,Saudi-Arabien,215,957
2015,Ferienwohnung,Schweden,722,3314
2015,Ferienwohnung,Schweiz und Liechtenstein,2803,18557
2015,Ferienwohnung,Slowakei,5306,27496
2015,Ferienwohnung,Slowenien,10024,48035
2015,Ferienwohnung,Spanien,493,2254
2015,Ferienwohnung,Steiermark,17384,84245
2015,Ferienwohnung,Südafrika,70,361
2015,Ferienwohnung,Südkorea,22,98
2015,Ferienwohnung,Südostasien,53,239
2015,Ferienwohnung,Taiwan,11,27
2015,Ferienwohnung,Tirol,4150,22263
2015,Ferienwohnung,Tschechische Republik,25573,126130
2015,Ferienwohnung,Türkei,60,171
2015,Ferienwohnung,USA,517,2220
2015,Ferienwohnung,Ukraine,639,3138
2015,Ferienwohnung,Ungarn,19099,90922
2015,Ferienwohnung,Vereinigte Arabische Emirate,134,675
2015,Ferienwohnung,Vereinigtes Königreich,2097,11098
2015,Ferienwohnung,Vorarlberg,1234,7253
2015,Ferienwohnung,Wien,37940,215677
2015,Ferienwohnung,Zentral- und Südamerika,128,579
2015,Ferienwohnung,Zypern,21,111
2015,Ferienwohnung,ehem. Jugoslawien,1602,9302
2015,Ferienwohnung,Übriges Afrika,128,878
2015,Ferienwohnung,Übriges Asien,30,107
2015,Ferienwohnung,Übriges Ausland,1933,11125
2015,Ferienwohnung,übrige GUS,144,830
2015,Hotel 1 oder 2*,Arabische Länder Asiens,33,137
2015,Hotel 1 oder 2*,Australien,130,360
2015,Hotel 1 oder 2*,Baden Württemberg,5039,20429
2015,Hotel 1 oder 2*,Bayern,11742,38966
2015,Hotel 1 oder 2*,Belgien,1084,4874
2015,Hotel 1 oder 2*,Berlin,1229,6368
2015,Hotel 1 oder 2*,Brasilien,16,58
2015,Hotel 1 oder 2*,Bulgarien,91,257
2015,Hotel 1 oder 2*,Burgenland,2983,9246
2015,Hotel 1 oder 2*,China,91,175
2015,Hotel 1 oder 2*,Dänemark,639,1700
2015,Hotel 1 oder 2*,Estland,43,78
2015,Hotel 1 oder 2*,Finnland,106,258
2015,Hotel 1 oder 2*,Frankreich,714,1520
2015,Hotel 1 oder 2*,Griechenland,37,75
2015,Hotel 1 oder 2*,Indien,13,13
2015,Hotel 1 oder 2*,Irland  (Republik),118,685
2015,Hotel 1 oder 2*,Island,14,44
2015,Hotel 1 oder 2*,Israel,133,303
2015,Hotel 1 oder 2*,Italien,9687,22127
2015,Hotel 1 oder 2*,Japan,31,74
2015,Hotel 1 oder 2*,Kanada,82,114
2015,Hotel 1 oder 2*,Kroatien,1063,2799
2015,Hotel 1 oder 2*,Kärnten,11413,29155
2015,Hotel 1 oder 2*,Lettland,25,39
2015,Hotel 1 oder 2*,Litauen,82,181
2015,Hotel 1 oder 2*,Luxemburg,28,153
2015,Hotel 1 oder 2*,Malta,14,46
2015,Hotel 1 oder 2*,Mitteldeutschland,4744,22088
2015,Hotel 1 oder 2*,Neuseeland,18,36
2015,Hotel 1 oder 2*,Niederlande,6809,28828
2015,Hotel 1 oder 2*,Niederösterreich,17487,62377
2015,Hotel 1 oder 2*,Norddeutschland,4453,24613
2015,Hotel 1 oder 2*,Nordrhein-Westfalen,6720,38719
2015,Hotel 1 oder 2*,Norwegen,132,442
2015,Hotel 1 oder 2*,Oberösterreich,10511,34282
2015,Hotel 1 oder 2*,Ostdeutschland,5180,22772
2015,Hotel 1 oder 2*,Polen,1948,6079
2015,Hotel 1 oder 2*,Portugal,49,219
2015,Hotel 1 oder 2*,Rumänien,816,3225
2015,Hotel 1 oder 2*,Russland,321,755
2015,Hotel 1 oder 2*,Salzburg,5979,16904
2015,Hotel 1 oder 2*,Saudi-Arabien,2,2
2015,Hotel 1 oder 2*,Schweden,364,560
2015,Hotel 1 oder 2*,Schweiz und Liechtenstein,1920,7175
2015,Hotel 1 oder 2*,Slowakei,1177,4253
2015,Hotel 1 oder 2*,Slowenien,2637,6501
2015,Hotel 1 oder 2*,Spanien,205,538
2015,Hotel 1 oder 2*,Steiermark,17719,49030
2015,Hotel 1 oder 2*,Südafrika,20,140
2015,Hotel 1 oder 2*,Südkorea,16,61
2015,Hotel 1 oder 2*,Südostasien,19,209
2015,Hotel 1 oder 2*,Taiwan,47,47
2015,Hotel 1 oder 2*,Tirol,4219,12136
2015,Hotel 1 oder 2*,Tschechische Republik,3543,11542
2015,Hotel 1 oder 2*,Türkei,80,204
2015,Hotel 1 oder 2*,USA,271,1124
2015,Hotel 1 oder 2*,Ukraine,189,545
2015,Hotel 1 oder 2*,Ungarn,6875,25917
2015,Hotel 1 oder 2*,Vereinigte Arabische Emirate,6,69
2015,Hotel 1 oder 2*,Vereinigtes Königreich,615,2251
2015,Hotel 1 oder 2*,Vorarlberg,2021,5973
2015,Hotel 1 oder 2*,Wien,15241,57587
2015,Hotel 1 oder 2*,Zentral- und Südamerika,95,155
2015,Hotel 1 oder 2*,Zypern,7,14
2015,Hotel 1 oder 2*,ehem. Jugoslawien,336,1580
2015,Hotel 1 oder 2*,Übriges Afrika,54,569
2015,Hotel 1 oder 2*,Übriges Asien,11,14
2015,Hotel 1 oder 2*,Übriges Ausland,831,2385
2015,Hotel 1 oder 2*,übrige GUS,44,109
2015,Hotel 3*,Arabische Länder Asiens,203,411
2015,Hotel 3*,Australien,520,1180
2015,Hotel 3*,Baden Württemberg,24896,96648
2015,Hotel 3*,Bayern,59284,199822
2015,Hotel 3*,Belgien,7313,35025
2015,Hotel 3*,Berlin,6245,29548
2015,Hotel 3*,Brasilien,167,508
2015,Hotel 3*,Bulgarien,674,1873
2015,Hotel 3*,Burgenland,11131,30299
2015,Hotel 3*,China,10155,10835
2015,Hotel 3*,Dänemark,3821,12551
2015,Hotel 3*,Estland,222,347
2015,Hotel 3*,Finnland,651,1404
2015,Hotel 3*,Frankreich,3484,8567
2015,Hotel 3*,Griechenland,265,626
2015,Hotel 3*,Indien,155,493
2015,Hotel 3*,Irland  (Republik),203,537
2015,Hotel 3*,Island,49,152
2015,Hotel 3*,Israel,729,2006
2015,Hotel 3*,Italien,49477,107045
2015,Hotel 3*,Japan,307,596
2015,Hotel 3*,Kanada,493,1074
2015,Hotel 3*,Kroatien,6744,21183
2015,Hotel 3*,Kärnten,37936,87965
2015,Hotel 3*,Lettland,670,1252
2015,Hotel 3*,Litauen,313,765
2015,Hotel 3*,Luxemburg,368,1554
2015,Hotel 3*,Malta,61,125
2015,Hotel 3*,Mitteldeutschland,24660,108217
2015,Hotel 3*,Neuseeland,94,145
2015,Hotel 3*,Niederlande,28298,115009
2015,Hotel 3*,Niederösterreich,68159,212627
2015,Hotel 3*,Norddeutschland,19121,95200
2015,Hotel 3*,Nordrhein-Westfalen,28653,151453
2015,Hotel 3*,Norwegen,683,2235
2015,Hotel 3*,Oberösterreich,46185,131882
2015,Hotel 3*,Ostdeutschland,29930,142872
2015,Hotel 3*,Polen,13494,47920
2015,Hotel 3*,Portugal,154,429
2015,Hotel 3*,Rumänien,3605,13036
2015,Hotel 3*,Russland,2038,5643
2015,Hotel 3*,Salzburg,20769,52555
2015,Hotel 3*,Saudi-Arabien,280,461
2015,Hotel 3*,Schweden,2395,4963
2015,Hotel 3*,Schweiz und Liechtenstein,9600,29775
2015,Hotel 3*,Slowakei,5994,18240
2015,Hotel 3*,Slowenien,7520,18298
2015,Hotel 3*,Spanien,1035,2590
2015,Hotel 3*,Steiermark,62735,149034
2015,Hotel 3*,Südafrika,99,236
2015,Hotel 3*,Südkorea,270,415
2015,Hotel 3*,Südostasien,232,493
2015,Hotel 3*,Taiwan,289,332
2015,Hotel 3*,Tirol,18969,52786
2015,Hotel 3*,Tschechische Republik,18169,63596
2015,Hotel 3*,Türkei,801,2571
2015,Hotel 3*,USA,1885,4615
2015,Hotel 3*,Ukraine,1130,2871
2015,Hotel 3*,Ungarn,22455,84870
2015,Hotel 3*,Vereinigte Arabische Emirate,144,311
2015,Hotel 3*,Vereinigtes Königreich,4291,15934
2015,Hotel 3*,Vorarlberg,5619,18475
2015,Hotel 3*,Wien,65922,211036
2015,Hotel 3*,Zentral- und Südamerika,304,620
2015,Hotel 3*,Zypern,39,92
2015,Hotel 3*,ehem. Jugoslawien,1970,7320
2015,Hotel 3*,Übriges Afrika,181,484
2015,Hotel 3*,Übriges Asien,88,121
2015,Hotel 3*,Übriges Ausland,5046,14432
2015,Hotel 3*,übrige GUS,226,346
2015,Hotel 4*,Arabische Länder Asiens,707,1797
2015,Hotel 4*,Australien,650,1516
2015,Hotel 4*,Baden Württemberg,28683,146919
2015,Hotel 4*,Bayern,75984,313221
2015,Hotel 4*,Belgien,10072,64497
2015,Hotel 4*,Berlin,6399,31576
2015,Hotel 4*,Brasilien,331,544
2015,Hotel 4*,Bulgarien,757,3038
2015,Hotel 4*,Burgenland,15004,49397
2015,Hotel 4*,China,5942,6734
2015,Hotel 4*,Dänemark,2221,8426
2015,Hotel 4*,Estland,377,910
2015,Hotel 4*,Finnland,1339,4896
2015,Hotel 4*,Frankreich,4224,11338
2015,Hotel 4*,Griechenland,336,818
2015,Hotel 4*,Indien,223,526
2015,Hotel 4*,Irland  (Republik),373,1214
2015,Hotel 4*,Island,57,132
2015,Hotel 4*,Israel,980,3204
2015,Hotel 4*,Italien,63043,166793
2015,Hotel 4*,Japan,1531,2933
2015,Hotel 4*,Kanada,590,1309
2015,Hotel 4*,Kroatien,7336,22703
2015,Hotel 4*,Kärnten,59464,167667
2015,Hotel 4*,Lettland,272,403
2015,Hotel 4*,Litauen,192,345
2015,Hotel 4*,Luxemburg,673,3690
2015,Hotel 4*,Malta,99,400
2015,Hotel 4*,Mitteldeutschland,27843,142802
2015,Hotel 4*,Neuseeland,79,147
2015,Hotel 4*,Niederlande,14081,64065
2015,Hotel 4*,Niederösterreich,74115,274471
2015,Hotel 4*,Norddeutschland,20765,122511
2015,Hotel 4*,Nordrhein-Westfalen,29973,179416
2015,Hotel 4*,Norwegen,850,1925
2015,Hotel 4*,Oberösterreich,50486,161000
2015,Hotel 4*,Ostdeutschland,21703,120236
2015,Hotel 4*,Polen,8147,33375
2015,Hotel 4*,Portugal,253,713
2015,Hotel 4*,Rumänien,2689,12723
2015,Hotel 4*,Russland,3839,10215
2015,Hotel 4*,Salzburg,28180,81542
2015,Hotel 4*,Saudi-Arabien,331,617
2015,Hotel 4*,Schweden,1777,3950
2015,Hotel 4*,Schweiz und Liechtenstein,12966,45529
2015,Hotel 4*,Slowakei,5849,20412
2015,Hotel 4*,Slowenien,5479,15722
2015,Hotel 4*,Spanien,3900,11083
2015,Hotel 4*,Steiermark,85845,271834
2015,Hotel 4*,Südafrika,106,287
2015,Hotel 4*,Südkorea,233,321
2015,Hotel 4*,Südostasien,704,1750
2015,Hotel 4*,Taiwan,192,289
2015,Hotel 4*,Tirol,21866,70316
2015,Hotel 4*,Tschechische Republik,15906,61076
2015,Hotel 4*,Türkei,503,1372
2015,Hotel 4*,USA,3744,9252
2015,Hotel 4*,Ukraine,1472,3928
2015,Hotel 4*,Ungarn,14929,60273
2015,Hotel 4*,Vereinigte Arabische Emirate,202,690
2015,Hotel 4*,Vereinigtes Königreich,6091,24659
2015,Hotel 4*,Vorarlberg,5690,20328
2015,Hotel 4*,Wien,96869,326401
2015,Hotel 4*,Zentral- und Südamerika,369,1200
2015,Hotel 4*,Zypern,41,89
2015,Hotel 4*,ehem. Jugoslawien,2608,9272
2015,Hotel 4*,Übriges Afrika,433,2207
2015,Hotel 4*,Übriges Asien,246,495
2015,Hotel 4*,Übriges Ausland,9511,23599
2015,Hotel 4*,übrige GUS,107,316
2015,Hotel 4* Superior,Arabische Länder Asiens,273,837
2015,Hotel 4* Superior,Australien,126,381
2015,Hotel 4* Superior,Baden Württemberg,3286,16519
2015,Hotel 4* Superior,Bayern,12453,47524
2015,Hotel 4* Superior,Belgien,370,1546
2015,Hotel 4* Superior,Berlin,417,2168
2015,Hotel 4* Superior,Brasilien,9,16
2015,Hotel 4* Superior,Bulgarien,65,207
2015,Hotel 4* Superior,Burgenland,1566,4259
2015,Hotel 4* Superior,China,172,373
2015,Hotel 4* Superior,Dänemark,124,330
2015,Hotel 4* Superior,Finnland,51,178
2015,Hotel 4* Superior,Frankreich,456,1509
2015,Hotel 4* Superior,Griechenland,29,84
2015,Hotel 4* Superior,Indien,70,335
2015,Hotel 4* Superior,Irland  (Republik),46,243
2015,Hotel 4* Superior,Island,6,6
2015,Hotel 4* Superior,Israel,169,624
2015,Hotel 4* Superior,Italien,4804,10185
2015,Hotel 4* Superior,Japan,273,1174
2015,Hotel 4* Superior,Kanada,76,263
2015,Hotel 4* Superior,Kroatien,221,455
2015,Hotel 4* Superior,Kärnten,10011,22944
2015,Hotel 4* Superior,Lettland,11,34
2015,Hotel 4* Superior,Litauen,6,22
2015,Hotel 4* Superior,Luxemburg,135,794
2015,Hotel 4* Superior,Malta,5,7
2015,Hotel 4* Superior,Mitteldeutschland,3218,17129
2015,Hotel 4* Superior,Neuseeland,14,50
2015,Hotel 4* Superior,Niederlande,876,3303
2015,Hotel 4* Superior,Niederösterreich,9443,29375
2015,Hotel 4* Superior,Norddeutschland,1962,11350
2015,Hotel 4* Superior,Nordrhein-Westfalen,3678,23149
2015,Hotel 4* Superior,Norwegen,128,385
2015,Hotel 4* Superior,Oberösterreich,6421,15914
2015,Hotel 4* Superior,Ostdeutschland,3036,12216
2015,Hotel 4* Superior,Polen,301,713
2015,Hotel 4* Superior,Portugal,28,93
2015,Hotel 4* Superior,Rumänien,304,1041
2015,Hotel 4* Superior,Russland,445,2366
2015,Hotel 4* Superior,Salzburg,5927,12316
2015,Hotel 4* Superior,Saudi-Arabien,165,388
2015,Hotel 4* Superior,Schweden,182,617
2015,Hotel 4* Superior,Schweiz und Liechtenstein,3120,12209
2015,Hotel 4* Superior,Slowakei,205,635
2015,Hotel 4* Superior,Slowenien,224,500
2015,Hotel 4* Superior,Spanien,344,759
2015,Hotel 4* Superior,Steiermark,11907,26125
2015,Hotel 4* Superior,Südafrika,24,76
2015,Hotel 4* Superior,Südkorea,30,114
2015,Hotel 4* Superior,Südostasien,584,1841
2015,Hotel 4* Superior,Taiwan,49,203
2015,Hotel 4* Superior,Tirol,6134,12632
2015,Hotel 4* Superior,Tschechische Republik,526,1835
2015,Hotel 4* Superior,Türkei,66,217
2015,Hotel 4* Superior,USA,1391,3737
2015,Hotel 4* Superior,Ukraine,170,814
2015,Hotel 4* Superior,Ungarn,381,1168
2015,Hotel 4* Superior,Vereinigte Arabische Emirate,158,472
2015,Hotel 4* Superior,Vereinigtes Königreich,1413,8180
2015,Hotel 4* Superior,Vorarlberg,1328,3323
2015,Hotel 4* Superior,Wien,18962,54391
2015,Hotel 4* Superior,Zentral- und Südamerika,61,187
2015,Hotel 4* Superior,Zypern,2,2
2015,Hotel 4* Superior,ehem. Jugoslawien,175,424
2015,Hotel 4* Superior,Übriges Afrika,32,143
2015,Hotel 4* Superior,Übriges Asien,31,91
2015,Hotel 4* Superior,Übriges Ausland,227,846
2015,Hotel 4* Superior,übrige GUS,11,39
2015,Hotel 5*,Arabische Länder Asiens,160,342
2015,Hotel 5*,Australien,99,185
2015,Hotel 5*,Baden Württemberg,601,2785
2015,Hotel 5*,Bayern,2749,9343
2015,Hotel 5*,Belgien,84,279
2015,Hotel 5*,Berlin,93,387
2015,Hotel 5*,Brasilien,23,39
2015,Hotel 5*,Bulgarien,60,249
2015,Hotel 5*,Burgenland,568,1757
2015,Hotel 5*,China,65,176
2015,Hotel 5*,Dänemark,22,50
2015,Hotel 5*,Estland,15,43
2015,Hotel 5*,Finnland,15,30
2015,Hotel 5*,Frankreich,150,590
2015,Hotel 5*,Griechenland,18,55
2015,Hotel 5*,Indien,1,1
2015,Hotel 5*,Irland  (Republik),12,26
2015,Hotel 5*,Israel,45,116
2015,Hotel 5*,Italien,5975,15784
2015,Hotel 5*,Japan,19,44
2015,Hotel 5*,Kanada,39,135
2015,Hotel 5*,Kroatien,310,935
2015,Hotel 5*,Kärnten,4966,10156
2015,Hotel 5*,Lettland,8,79
2015,Hotel 5*,Litauen,2,14
2015,Hotel 5*,Luxemburg,29,120
2015,Hotel 5*,Malta,4,10
2015,Hotel 5*,Mitteldeutschland,483,2481
2015,Hotel 5*,Neuseeland,10,10
2015,Hotel 5*,Niederlande,150,574
2015,Hotel 5*,Niederösterreich,3071,10914
2015,Hotel 5*,Norddeutschland,486,3005
2015,Hotel 5*,Nordrhein-Westfalen,1009,4777
2015,Hotel 5*,Norwegen,2,4
2015,Hotel 5*,Oberösterreich,1536,5142
2015,Hotel 5*,Ostdeutschland,525,1996
2015,Hotel 5*,Polen,102,385
2015,Hotel 5*,Portugal,8,32
2015,Hotel 5*,Rumänien,144,641
2015,Hotel 5*,Russland,297,2208
2015,Hotel 5*,Salzburg,1918,5205
2015,Hotel 5*,Saudi-Arabien,22,34
2015,Hotel 5*,Schweden,50,175
2015,Hotel 5*,Schweiz und Liechtenstein,594,2079
2015,Hotel 5*,Slowakei,167,475
2015,Hotel 5*,Slowenien,525,1239
2015,Hotel 5*,Spanien,24,80
2015,Hotel 5*,Steiermark,4279,10617
2015,Hotel 5*,Südafrika,8,30
2015,Hotel 5*,Südkorea,2,4
2015,Hotel 5*,Südostasien,46,83
2015,Hotel 5*,Taiwan,1,2
2015,Hotel 5*,Tirol,1122,3306
2015,Hotel 5*,Tschechische Republik,348,1342
2015,Hotel 5*,Türkei,58,166
2015,Hotel 5*,USA,424,1176
2015,Hotel 5*,Ukraine,166,936
2015,Hotel 5*,Ungarn,291,1046
2015,Hotel 5*,Vereinigte Arabische Emirate,15,23
2015,Hotel 5*,Vereinigtes Königreich,964,2526
2015,Hotel 5*,Vorarlberg,395,981
2015,Hotel 5*,Wien,6128,21589
2015,Hotel 5*,Zentral- und Südamerika,35,78
2015,Hotel 5*,Zypern,10,55
2015,Hotel 5*,ehem. Jugoslawien,161,629
2015,Hotel 5*,Übriges Afrika,414,1931
2015,Hotel 5*,Übriges Asien,9,33
2015,Hotel 5*,Übriges Ausland,6,17
2015,Hotel 5*,übrige GUS,64,227
2015,Jugendherbergen u. -gästehäuser,Arabische Länder Asiens,7,64
2015,Jugendherbergen u. -gästehäuser,Australien,56,91
2015,Jugendherbergen u. -gästehäuser,Baden Württemberg,1244,2739
2015,Jugendherbergen u. -gästehäuser,Bayern,2158,4813
2015,Jugendherbergen u. -gästehäuser,Belgien,122,255
2015,Jugendherbergen u. -gästehäuser,Berlin,332,1520
2015,Jugendherbergen u. -gästehäuser,Brasilien,10,15
2015,Jugendherbergen u. -gästehäuser,Bulgarien,54,77
2015,Jugendherbergen u. -gästehäuser,Burgenland,842,2189
2015,Jugendherbergen u. -gästehäuser,China,31,39
2015,Jugendherbergen u. -gästehäuser,Dänemark,58,72
2015,Jugendherbergen u. -gästehäuser,Estland,41,57
2015,Jugendherbergen u. -gästehäuser,Finnland,36,59
2015,Jugendherbergen u. -gästehäuser,Frankreich,268,396
2015,Jugendherbergen u. -gästehäuser,Griechenland,13,22
2015,Jugendherbergen u. -gästehäuser,Indien,44,103
2015,Jugendherbergen u. -gästehäuser,Irland  (Republik),27,37
2015,Jugendherbergen u. -gästehäuser,Island,5,5
2015,Jugendherbergen u. -gästehäuser,Israel,18,37
2015,Jugendherbergen u. -gästehäuser,Italien,2880,4700
2015,Jugendherbergen u. -gästehäuser,Japan,13,17
2015,Jugendherbergen u. -gästehäuser,Kanada,53,97
2015,Jugendherbergen u. -gästehäuser,Kroatien,455,605
2015,Jugendherbergen u. -gästehäuser,Kärnten,7664,20002
2015,Jugendherbergen u. -gästehäuser,Lettland,110,116
2015,Jugendherbergen u. -gästehäuser,Litauen,25,29
2015,Jugendherbergen u. -gästehäuser,Luxemburg,9,20
2015,Jugendherbergen u. -gästehäuser,Malta,5,29
2015,Jugendherbergen u. -gästehäuser,Mitteldeutschland,1642,5294
2015,Jugendherbergen u. -gästehäuser,Neuseeland,20,32
2015,Jugendherbergen u. -gästehäuser,Niederlande,943,2178
2015,Jugendherbergen u. -gästehäuser,Niederösterreich,3272,9520
2015,Jugendherbergen u. -gästehäuser,Norddeutschland,1448,6308
2015,Jugendherbergen u. -gästehäuser,Nordrhein-Westfalen,3421,17520
2015,Jugendherbergen u. -gästehäuser,Norwegen,42,76
2015,Jugendherbergen u. -gästehäuser,Oberösterreich,3021,7362
2015,Jugendherbergen u. -gästehäuser,Ostdeutschland,799,2809
2015,Jugendherbergen u. -gästehäuser,Polen,1479,3048
2015,Jugendherbergen u. -gästehäuser,Portugal,22,45
2015,Jugendherbergen u. -gästehäuser,Rumänien,367,1941
2015,Jugendherbergen u. -gästehäuser,Russland,87,198
2015,Jugendherbergen u. -gästehäuser,Salzburg,1605,3436
2015,Jugendherbergen u. -gästehäuser,Saudi-Arabien,3,3
2015,Jugendherbergen u. -gästehäuser,Schweden,108,240
2015,Jugendherbergen u. -gästehäuser,Schweiz und Liechtenstein,300,601
2015,Jugendherbergen u. -gästehäuser,Slowakei,329,688
2015,Jugendherbergen u. -gästehäuser,Slowenien,1083,1766
2015,Jugendherbergen u. -gästehäuser,Spanien,236,570
2015,Jugendherbergen u. -gästehäuser,Steiermark,7441,18639
2015,Jugendherbergen u. -gästehäuser,Südafrika,3,3
2015,Jugendherbergen u. -gästehäuser,Südkorea,10,11
2015,Jugendherbergen u. -gästehäuser,Südostasien,26,40
2015,Jugendherbergen u. -gästehäuser,Taiwan,39,47
2015,Jugendherbergen u. -gästehäuser,Tirol,1581,2818
2015,Jugendherbergen u. -gästehäuser,Tschechische Republik,1152,2520
2015,Jugendherbergen u. -gästehäuser,Türkei,21,38
2015,Jugendherbergen u. -gästehäuser,USA,131,237
2015,Jugendherbergen u. -gästehäuser,Ukraine,90,192
2015,Jugendherbergen u. -gästehäuser,Ungarn,760,1527
2015,Jugendherbergen u. -gästehäuser,Vereinigtes Königreich,407,1196
2015,Jugendherbergen u. -gästehäuser,Vorarlberg,431,997
2015,Jugendherbergen u. -gästehäuser,Wien,8202,23834
2015,Jugendherbergen u. -gästehäuser,Zentral- und Südamerika,48,88
2015,Jugendherbergen u. -gästehäuser,ehem. Jugoslawien,277,566
2015,Jugendherbergen u. -gästehäuser,Übriges Afrika,10,32
2015,Jugendherbergen u. -gästehäuser,Übriges Asien,4,4
2015,Jugendherbergen u. -gästehäuser,Übriges Ausland,99,262
2015,Jugendherbergen u. -gästehäuser,übrige GUS,32,90
2015,Kinder- u. Jugenderholungsheime,Baden Württemberg,120,840
2015,Kinder- u. Jugenderholungsheime,Bayern,165,246
2015,Kinder- u. Jugenderholungsheime,Belgien,1221,7002
2015,Kinder- u. Jugenderholungsheime,Berlin,18,72
2015,Kinder- u. Jugenderholungsheime,Burgenland,243,533
2015,Kinder- u. Jugenderholungsheime,Dänemark,623,1958
2015,Kinder- u. Jugenderholungsheime,Frankreich,86,602
2015,Kinder- u. Jugenderholungsheime,Italien,11,27
2015,Kinder- u. Jugenderholungsheime,Kroatien,263,300
2015,Kinder- u. Jugenderholungsheime,Kärnten,1713,6513
2015,Kinder- u. Jugenderholungsheime,Mitteldeutschland,5,15
2015,Kinder- u. Jugenderholungsheime,Neuseeland,90,450
2015,Kinder- u. Jugenderholungsheime,Niederösterreich,859,4214
2015,Kinder- u. Jugenderholungsheime,Norddeutschland,43,293
2015,Kinder- u. Jugenderholungsheime,Nordrhein-Westfalen,72,504
2015,Kinder- u. Jugenderholungsheime,Oberösterreich,181,1442
2015,Kinder- u. Jugenderholungsheime,Ostdeutschland,25,77
2015,Kinder- u. Jugenderholungsheime,Polen,432,2864
2015,Kinder- u. Jugenderholungsheime,Rumänien,16,16
2015,Kinder- u. Jugenderholungsheime,Salzburg,165,989
2015,Kinder- u. Jugenderholungsheime,Schweiz und Liechtenstein,6,18
2015,Kinder- u. Jugenderholungsheime,Slowenien,52,52
2015,Kinder- u. Jugenderholungsheime,Steiermark,1700,15701
2015,Kinder- u. Jugenderholungsheime,Tirol,115,575
2015,Kinder- u. Jugenderholungsheime,Tschechische Republik,44,220
2015,Kinder- u. Jugenderholungsheime,Vereinigtes Königreich,746,4533
2015,Kinder- u. Jugenderholungsheime,Wien,2431,14026
2015,Kinder- u. Jugenderholungsheime,Übriges Asien,31,217
2015,Kurheim der Sozialversich.träger,Baden Württemberg,6,92
2015,Kurheim der Sozialversich.träger,Bayern,7,53
2015,Kurheim der Sozialversich.träger,Belgien,1,7
2015,Kurheim der Sozialversich.träger,Berlin,2,21
2015,Kurheim der Sozialversich.träger,Burgenland,283,5034
2015,Kurheim der Sozialversich.träger,Italien,25,86
2015,Kurheim der Sozialversich.träger,Kroatien,4,4
2015,Kurheim der Sozialversich.träger,Kärnten,4761,100490
2015,Kurheim der Sozialversich.träger,Mitteldeutschland,15,240
2015,Kurheim der Sozialversich.träger,Niederlande,1,1
2015,Kurheim der Sozialversich.träger,Niederösterreich,2052,36364
2015,Kurheim der Sozialversich.träger,Nordrhein-Westfalen,2,2
2015,Kurheim der Sozialversich.träger,Oberösterreich,1242,22874
2015,Kurheim der Sozialversich.träger,Ostdeutschland,7,50
2015,Kurheim der Sozialversich.träger,Russland,2,42
2015,Kurheim der Sozialversich.träger,Salzburg,755,14241
2015,Kurheim der Sozialversich.träger,Slowakei,2,31
2015,Kurheim der Sozialversich.träger,Slowenien,6,26
2015,Kurheim der Sozialversich.träger,Steiermark,2801,53337
2015,Kurheim der Sozialversich.träger,Tirol,1010,19613
2015,Kurheim der Sozialversich.träger,Tschechische Republik,4,16
2015,Kurheim der Sozialversich.träger,Ungarn,2,29
2015,Kurheim der Sozialversich.träger,Vereinigte Arabische Emirate,1,14
2015,Kurheim der Sozialversich.träger,Vereinigtes Königreich,1,21
2015,Kurheim der Sozialversich.träger,Vorarlberg,71,1309
2015,Kurheim der Sozialversich.träger,Wien,2189,40315
2015,Kurheim der Sozialversich.träger,Übriges Afrika,8,87
2015,Kurheim der Sozialversich.träger,Übriges Ausland,0,26
2015,Kurheim der Sozialversich.träger,übrige GUS,12,250
2015,Private u. öffentl. Kurheime,Arabische Länder Asiens,98,905
2015,Private u. öffentl. Kurheime,Australien,7,68
2015,Private u. öffentl. Kurheime,Baden Württemberg,64,488
2015,Private u. öffentl. Kurheime,Bayern,131,1115
2015,Private u. öffentl. Kurheime,Belgien,6,47
2015,Private u. öffentl. Kurheime,Berlin,13,119
2015,Private u. öffentl. Kurheime,Burgenland,151,2078
2015,Private u. öffentl. Kurheime,China,5,49
2015,Private u. öffentl. Kurheime,Dänemark,2,25
2015,Private u. öffentl. Kurheime,Finnland,3,37
2015,Private u. öffentl. Kurheime,Frankreich,56,592
2015,Private u. öffentl. Kurheime,Griechenland,19,192
2015,Private u. öffentl. Kurheime,Indien,58,565
2015,Private u. öffentl. Kurheime,Irland  (Republik),10,76
2015,Private u. öffentl. Kurheime,Israel,8,61
2015,Private u. öffentl. Kurheime,Italien,49,253
2015,Private u. öffentl. Kurheime,Kanada,2,15
2015,Private u. öffentl. Kurheime,Kärnten,452,5851
2015,Private u. öffentl. Kurheime,Lettland,3,28
2015,Private u. öffentl. Kurheime,Malta,1,11
2015,Private u. öffentl. Kurheime,Mitteldeutschland,51,492
2015,Private u. öffentl. Kurheime,Neuseeland,1,23
2015,Private u. öffentl. Kurheime,Niederlande,11,79
2015,Private u. öffentl. Kurheime,Niederösterreich,1491,18235
2015,Private u. öffentl. Kurheime,Norddeutschland,54,654
2015,Private u. öffentl. Kurheime,Nordrhein-Westfalen,62,682
2015,Private u. öffentl. Kurheime,Norwegen,2,22
2015,Private u. öffentl. Kurheime,Oberösterreich,597,5998
2015,Private u. öffentl. Kurheime,Ostdeutschland,20,179
2015,Private u. öffentl. Kurheime,Rumänien,3,31
2015,Private u. öffentl. Kurheime,Russland,155,1444
2015,Private u. öffentl. Kurheime,Salzburg,438,5681
2015,Private u. öffentl. Kurheime,Schweden,24,123
2015,Private u. öffentl. Kurheime,Schweiz und Liechtenstein,70,547
2015,Private u. öffentl. Kurheime,Slowakei,2,20
2015,Private u. öffentl. Kurheime,Slowenien,5,27
2015,Private u. öffentl. Kurheime,Spanien,6,68
2015,Private u. öffentl. Kurheime,Steiermark,896,9615
2015,Private u. öffentl. Kurheime,Südafrika,1,1
2015,Private u. öffentl. Kurheime,Südostasien,10,110
2015,Private u. öffentl. Kurheime,Taiwan,1,10
2015,Private u. öffentl. Kurheime,Tirol,470,4904
2015,Private u. öffentl. Kurheime,Tschechische Republik,6,46
2015,Private u. öffentl. Kurheime,Türkei,107,845
2015,Private u. öffentl. Kurheime,USA,69,734
2015,Private u. öffentl. Kurheime,Ukraine,43,425
2015,Private u. öffentl. Kurheime,Ungarn,6,49
2015,Private u. öffentl. Kurheime,Vereinigtes Königreich,484,4196
2015,Private u. öffentl. Kurheime,Vorarlberg,65,945
2015,Private u. öffentl. Kurheime,Wien,1697,22843
2015,Private u. öffentl. Kurheime,Zentral- und Südamerika,7,53
2015,Private u. öffentl. Kurheime,ehem. Jugoslawien,1,31
2015,Private u. öffentl. Kurheime,Übriges Afrika,4,44
2015,Private u. öffentl. Kurheime,Übriges Asien,3,24
2015,Private u. öffentl. Kurheime,Übriges Ausland,1,21
2015,Sonstige Unterkunft,Arabische Länder Asiens,30,56
2015,Sonstige Unterkunft,Australien,45,183
2015,Sonstige Unterkunft,Baden Württemberg,4252,21367
2015,Sonstige Unterkunft,Bayern,8195,34831
2015,Sonstige Unterkunft,Belgien,587,2724
2015,Sonstige Unterkunft,Berlin,887,5964
2015,Sonstige Unterkunft,Brasilien,15,48
2015,Sonstige Unterkunft,Bulgarien,83,191
2015,Sonstige Unterkunft,Burgenland,1589,5375
2015,Sonstige Unterkunft,China,104,105
2015,Sonstige Unterkunft,Dänemark,458,1847
2015,Sonstige Unterkunft,Estland,15,22
2015,Sonstige Unterkunft,Finnland,45,137
2015,Sonstige Unterkunft,Frankreich,479,1218
2015,Sonstige Unterkunft,Griechenland,20,82
2015,Sonstige Unterkunft,Indien,9,32
2015,Sonstige Unterkunft,Irland  (Republik),9,25
2015,Sonstige Unterkunft,Island,11,124
2015,Sonstige Unterkunft,Israel,68,223
2015,Sonstige Unterkunft,Italien,5108,13145
2015,Sonstige Unterkunft,Japan,36,152
2015,Sonstige Unterkunft,Kanada,49,134
2015,Sonstige Unterkunft,Kroatien,789,3071
2015,Sonstige Unterkunft,Kärnten,11036,41034
2015,Sonstige Unterkunft,Lettland,71,136
2015,Sonstige Unterkunft,Litauen,42,90
2015,Sonstige Unterkunft,Luxemburg,57,251
2015,Sonstige Unterkunft,Malta,9,9
2015,Sonstige Unterkunft,Mitteldeutschland,4082,22349
2015,Sonstige Unterkunft,Neuseeland,18,38
2015,Sonstige Unterkunft,Niederlande,3605,15677
2015,Sonstige Unterkunft,Niederösterreich,11903,44384
2015,Sonstige Unterkunft,Norddeutschland,3281,22433
2015,Sonstige Unterkunft,Nordrhein-Westfalen,4634,32626
2015,Sonstige Unterkunft,Norwegen,52,140
2015,Sonstige Unterkunft,Oberösterreich,10662,41298
2015,Sonstige Unterkunft,Ostdeutschland,3612,19317
2015,Sonstige Unterkunft,Polen,2070,10447
2015,Sonstige Unterkunft,Portugal,10,14
2015,Sonstige Unterkunft,Rumänien,307,1717
2015,Sonstige Unterkunft,Russland,173,751
2015,Sonstige Unterkunft,Salzburg,4323,14132
2015,Sonstige Unterkunft,Saudi-Arabien,32,162
2015,Sonstige Unterkunft,Schweden,301,652
2015,Sonstige Unterkunft,Schweiz und Liechtenstein,915,3430
2015,Sonstige Unterkunft,Slowakei,717,3052
2015,Sonstige Unterkunft,Slowenien,2538,6582
2015,Sonstige Unterkunft,Spanien,214,483
2015,Sonstige Unterkunft,Steiermark,12307,40976
2015,Sonstige Unterkunft,Südkorea,11,25
2015,Sonstige Unterkunft,Südostasien,111,252
2015,Sonstige Unterkunft,Taiwan,12,17
2015,Sonstige Unterkunft,Tirol,3782,15734
2015,Sonstige Unterkunft,Tschechische Republik,2285,7517
2015,Sonstige Unterkunft,Türkei,34,94
2015,Sonstige Unterkunft,USA,321,1110
2015,Sonstige Unterkunft,Ukraine,73,196
2015,Sonstige Unterkunft,Ungarn,8557,40260
2015,Sonstige Unterkunft,Vereinigte Arabische Emirate,10,27
2015,Sonstige Unterkunft,Vereinigtes Königreich,620,3153
2015,Sonstige Unterkunft,Vorarlberg,794,2847
2015,Sonstige Unterkunft,Wien,12259,54949
2015,Sonstige Unterkunft,Zentral- und Südamerika,45,238
2015,Sonstige Unterkunft,Zypern,7,8
2015,Sonstige Unterkunft,ehem. Jugoslawien,246,733
2015,Sonstige Unterkunft,Übriges Afrika,66,208
2015,Sonstige Unterkunft,Übriges Asien,45,163
2015,Sonstige Unterkunft,Übriges Ausland,180,1288
2015,Sonstige Unterkunft,übrige GUS,37,80
2015,Unterkunft auf Bauernhof,Arabische Länder Asiens,17,84
2015,Unterkunft auf Bauernhof,Australien,7,15
2015,Unterkunft auf Bauernhof,Baden Württemberg,2824,23579
2015,Unterkunft auf Bauernhof,Bayern,5977,37798
2015,Unterkunft auf Bauernhof,Belgien,433,3436
2015,Unterkunft auf Bauernhof,Berlin,862,7979
2015,Unterkunft auf Bauernhof,Brasilien,4,12
2015,Unterkunft auf Bauernhof,Bulgarien,54,428
2015,Unterkunft auf Bauernhof,Burgenland,606,2844
2015,Unterkunft auf Bauernhof,China,3,12
2015,Unterkunft auf Bauernhof,Dänemark,153,863
2015,Unterkunft auf Bauernhof,Estland,13,47
2015,Unterkunft auf Bauernhof,Finnland,34,257
2015,Unterkunft auf Bauernhof,Frankreich,118,609
2015,Unterkunft auf Bauernhof,Griechenland,14,38
2015,Unterkunft auf Bauernhof,Indien,1,1
2015,Unterkunft auf Bauernhof,Irland  (Republik),2,4
2015,Unterkunft auf Bauernhof,Israel,34,160
2015,Unterkunft auf Bauernhof,Italien,2131,8560
2015,Unterkunft auf Bauernhof,Japan,1,14
2015,Unterkunft auf Bauernhof,Kanada,25,115
2015,Unterkunft auf Bauernhof,Kroatien,495,2197
2015,Unterkunft auf Bauernhof,Kärnten,1756,7358
2015,Unterkunft auf Bauernhof,Lettland,30,163
2015,Unterkunft auf Bauernhof,Litauen,33,216
2015,Unterkunft auf Bauernhof,Luxemburg,3,24
2015,Unterkunft auf Bauernhof,Malta,7,14
2015,Unterkunft auf Bauernhof,Mitteldeutschland,2440,21329
2015,Unterkunft auf Bauernhof,Neuseeland,7,42
2015,Unterkunft auf Bauernhof,Niederlande,1845,15315
2015,Unterkunft auf Bauernhof,Niederösterreich,4165,23411
2015,Unterkunft auf Bauernhof,Norddeutschland,2261,20831
2015,Unterkunft auf Bauernhof,Nordrhein-Westfalen,3996,39216
2015,Unterkunft auf Bauernhof,Norwegen,12,72
2015,Unterkunft auf Bauernhof,Oberösterreich,2063,10384
2015,Unterkunft auf Bauernhof,Ostdeutschland,3602,29704
2015,Unterkunft auf Bauernhof,Polen,863,5643
2015,Unterkunft auf Bauernhof,Rumänien,252,1549
2015,Unterkunft auf Bauernhof,Russland,112,778
2015,Unterkunft auf Bauernhof,Salzburg,622,2655
2015,Unterkunft auf Bauernhof,Schweden,64,320
2015,Unterkunft auf Bauernhof,Schweiz und Liechtenstein,442,2629
2015,Unterkunft auf Bauernhof,Slowakei,500,2618
2015,Unterkunft auf Bauernhof,Slowenien,674,2845
2015,Unterkunft auf Bauernhof,Spanien,39,281
2015,Unterkunft auf Bauernhof,Steiermark,2192,9828
2015,Unterkunft auf Bauernhof,Südafrika,7,32
2015,Unterkunft auf Bauernhof,Südkorea,2,22
2015,Unterkunft auf Bauernhof,Tirol,492,2555
2015,Unterkunft auf Bauernhof,Tschechische Republik,2607,12329
2015,Unterkunft auf Bauernhof,Türkei,6,12
2015,Unterkunft auf Bauernhof,USA,92,466
2015,Unterkunft auf Bauernhof,Ukraine,43,255
2015,Unterkunft auf Bauernhof,Ungarn,1597,7805
2015,Unterkunft auf Bauernhof,Vereinigte Arabische Emirate,4,12
2015,Unterkunft auf Bauernhof,Vereinigtes Königreich,121,782
2015,Unterkunft auf Bauernhof,Vorarlberg,164,803
2015,Unterkunft auf Bauernhof,Wien,3988,25783
2015,Unterkunft auf Bauernhof,Zentral- und Südamerika,21,122
2015,Unterkunft auf Bauernhof,ehem. Jugoslawien,163,1265
2015,Unterkunft auf Bauernhof,Übriges Afrika,7,88
2015,Unterkunft auf Bauernhof,Übriges Asien,1,1
2015,Unterkunft auf Bauernhof,Übriges Ausland,80,497
2015,Unterkunft auf Bauernhof,übrige GUS,13,13
2016,Bewirtschaftete Schutzhütten,Australien,8,12
2016,Bewirtschaftete Schutzhütten,Baden Württemberg,1151,1300
2016,Bewirtschaftete Schutzhütten,Bayern,4246,5120
2016,Bewirtschaftete Schutzhütten,Belgien,132,132
2016,Bewirtschaftete Schutzhütten,Berlin,289,397
2016,Bewirtschaftete Schutzhütten,Bulgarien,24,24
2016,Bewirtschaftete Schutzhütten,Burgenland,196,240
2016,Bewirtschaftete Schutzhütten,Dänemark,9,9
2016,Bewirtschaftete Schutzhütten,Finnland,5,5
2016,Bewirtschaftete Schutzhütten,Frankreich,116,117
2016,Bewirtschaftete Schutzhütten,Indien,2,2
2016,Bewirtschaftete Schutzhütten,Irland  (Republik),5,5
2016,Bewirtschaftete Schutzhütten,Israel,2,2
2016,Bewirtschaftete Schutzhütten,Italien,1282,1312
2016,Bewirtschaftete Schutzhütten,Japan,2,2
2016,Bewirtschaftete Schutzhütten,Kanada,12,12
2016,Bewirtschaftete Schutzhütten,Kroatien,44,120
2016,Bewirtschaftete Schutzhütten,Kärnten,3092,4364
2016,Bewirtschaftete Schutzhütten,Luxemburg,10,10
2016,Bewirtschaftete Schutzhütten,Mitteldeutschland,718,999
2016,Bewirtschaftete Schutzhütten,Niederlande,598,677
2016,Bewirtschaftete Schutzhütten,Niederösterreich,754,978
2016,Bewirtschaftete Schutzhütten,Norddeutschland,343,626
2016,Bewirtschaftete Schutzhütten,Nordrhein-Westfalen,828,1604
2016,Bewirtschaftete Schutzhütten,Norwegen,6,30
2016,Bewirtschaftete Schutzhütten,Oberösterreich,656,747
2016,Bewirtschaftete Schutzhütten,Ostdeutschland,959,1227
2016,Bewirtschaftete Schutzhütten,Polen,201,230
2016,Bewirtschaftete Schutzhütten,Rumänien,15,15
2016,Bewirtschaftete Schutzhütten,Russland,21,45
2016,Bewirtschaftete Schutzhütten,Salzburg,804,889
2016,Bewirtschaftete Schutzhütten,Schweden,9,9
2016,Bewirtschaftete Schutzhütten,Schweiz und Liechtenstein,145,169
2016,Bewirtschaftete Schutzhütten,Slowakei,169,177
2016,Bewirtschaftete Schutzhütten,Slowenien,509,545
2016,Bewirtschaftete Schutzhütten,Spanien,3,3
2016,Bewirtschaftete Schutzhütten,Steiermark,1439,2171
2016,Bewirtschaftete Schutzhütten,Südafrika,6,6
2016,Bewirtschaftete Schutzhütten,Tirol,534,588
2016,Bewirtschaftete Schutzhütten,Tschechische Republik,793,833
2016,Bewirtschaftete Schutzhütten,USA,20,22
2016,Bewirtschaftete Schutzhütten,Ungarn,128,188
2016,Bewirtschaftete Schutzhütten,Vereinigtes Königreich,22,26
2016,Bewirtschaftete Schutzhütten,Vorarlberg,98,123
2016,Bewirtschaftete Schutzhütten,Wien,1333,1929
2016,Bewirtschaftete Schutzhütten,Übriges Ausland,119,137
2016,Campingplatz,Arabische Länder Asiens,7,18
2016,Campingplatz,Australien,85,138
2016,Campingplatz,Baden Württemberg,26173,133983
2016,Campingplatz,Bayern,52578,244014
2016,Campingplatz,Belgien,4805,22817
2016,Campingplatz,Berlin,3219,14213
2016,Campingplatz,Brasilien,34,103
2016,Campingplatz,Bulgarien,128,376
2016,Campingplatz,Burgenland,1321,8065
2016,Campingplatz,China,12,28
2016,Campingplatz,Dänemark,8380,33331
2016,Campingplatz,Estland,101,126
2016,Campingplatz,Finnland,309,769
2016,Campingplatz,Frankreich,2448,5421
2016,Campingplatz,Griechenland,144,397
2016,Campingplatz,Indien,5,9
2016,Campingplatz,Irland  (Republik),137,570
2016,Campingplatz,Island,10,48
2016,Campingplatz,Israel,132,186
2016,Campingplatz,Italien,17781,51654
2016,Campingplatz,Japan,4,11
2016,Campingplatz,Kanada,61,268
2016,Campingplatz,Kroatien,214,495
2016,Campingplatz,Kärnten,7373,98368
2016,Campingplatz,Lettland,162,513
2016,Campingplatz,Litauen,148,247
2016,Campingplatz,Luxemburg,190,597
2016,Campingplatz,Malta,13,13
2016,Campingplatz,Mitteldeutschland,19060,96405
2016,Campingplatz,Neuseeland,58,140
2016,Campingplatz,Niederlande,67320,539442
2016,Campingplatz,Niederösterreich,15415,114539
2016,Campingplatz,Norddeutschland,21906,110787
2016,Campingplatz,Nordrhein-Westfalen,30506,191900
2016,Campingplatz,Norwegen,812,1596
2016,Campingplatz,Oberösterreich,12323,69181
2016,Campingplatz,Ostdeutschland,15456,68795
2016,Campingplatz,Polen,3711,7475
2016,Campingplatz,Portugal,76,127
2016,Campingplatz,Rumänien,281,971
2016,Campingplatz,Russland,246,573
2016,Campingplatz,Salzburg,8812,55107
2016,Campingplatz,Saudi-Arabien,1,1
2016,Campingplatz,Schweden,2368,4159
2016,Campingplatz,Schweiz und Liechtenstein,7350,32994
2016,Campingplatz,Slowakei,1105,2798
2016,Campingplatz,Slowenien,2635,6575
2016,Campingplatz,Spanien,512,1379
2016,Campingplatz,Steiermark,22138,249017
2016,Campingplatz,Südafrika,18,56
2016,Campingplatz,Südkorea,6,6
2016,Campingplatz,Südostasien,25,55
2016,Campingplatz,Taiwan,3,4
2016,Campingplatz,Tirol,6241,30669
2016,Campingplatz,Tschechische Republik,9902,30163
2016,Campingplatz,Türkei,30,52
2016,Campingplatz,USA,161,408
2016,Campingplatz,Ukraine,207,592
2016,Campingplatz,Ungarn,2543,7048
2016,Campingplatz,Vereinigte Arabische Emirate,9,9
2016,Campingplatz,Vereinigtes Königreich,2127,6875
2016,Campingplatz,Vorarlberg,1294,8309
2016,Campingplatz,Wien,10065,67272
2016,Campingplatz,Zentral- und Südamerika,45,213
2016,Campingplatz,ehem. Jugoslawien,32,111
2016,Campingplatz,Übriges Afrika,24,78
2016,Campingplatz,Übriges Asien,6,10
2016,Campingplatz,Übriges Ausland,574,1764
2016,Campingplatz,übrige GUS,42,269
2016,Ferienwohnung,Arabische Länder Asiens,356,1734
2016,Ferienwohnung,Australien,186,968
2016,Ferienwohnung,Baden Württemberg,16053,120754
2016,Ferienwohnung,Bayern,35222,214473
2016,Ferienwohnung,Belgien,4194,30363
2016,Ferienwohnung,Berlin,4976,43519
2016,Ferienwohnung,Brasilien,43,314
2016,Ferienwohnung,Bulgarien,585,3254
2016,Ferienwohnung,Burgenland,3750,17150
2016,Ferienwohnung,China,1057,1374
2016,Ferienwohnung,Dänemark,1514,7539
2016,Ferienwohnung,Estland,94,485
2016,Ferienwohnung,Finnland,274,1504
2016,Ferienwohnung,Frankreich,1262,7667
2016,Ferienwohnung,Griechenland,94,501
2016,Ferienwohnung,Indien,45,217
2016,Ferienwohnung,Irland  (Republik),174,741
2016,Ferienwohnung,Island,55,258
2016,Ferienwohnung,Israel,656,3182
2016,Ferienwohnung,Italien,17117,79448
2016,Ferienwohnung,Japan,51,523
2016,Ferienwohnung,Kanada,174,731
2016,Ferienwohnung,Kroatien,7392,36042
2016,Ferienwohnung,Kärnten,9161,38050
2016,Ferienwohnung,Lettland,97,581
2016,Ferienwohnung,Litauen,235,1037
2016,Ferienwohnung,Luxemburg,155,949
2016,Ferienwohnung,Malta,41,180
2016,Ferienwohnung,Mitteldeutschland,15056,122263
2016,Ferienwohnung,Neuseeland,117,694
2016,Ferienwohnung,Niederlande,30114,238189
2016,Ferienwohnung,Niederösterreich,26755,148840
2016,Ferienwohnung,Norddeutschland,14142,127060
2016,Ferienwohnung,Nordrhein-Westfalen,20575,195118
2016,Ferienwohnung,Norwegen,139,702
2016,Ferienwohnung,Oberösterreich,15343,76748
2016,Ferienwohnung,Ostdeutschland,16833,133809
2016,Ferienwohnung,Polen,8370,47872
2016,Ferienwohnung,Portugal,106,796
2016,Ferienwohnung,Rumänien,2501,16228
2016,Ferienwohnung,Russland,1668,10316
2016,Ferienwohnung,Salzburg,5661,25434
2016,Ferienwohnung,Saudi-Arabien,335,1176
2016,Ferienwohnung,Schweden,733,3265
2016,Ferienwohnung,Schweiz und Liechtenstein,2966,19283
2016,Ferienwohnung,Slowakei,5910,29256
2016,Ferienwohnung,Slowenien,11164,52137
2016,Ferienwohnung,Spanien,460,2440
2016,Ferienwohnung,Steiermark,18671,86580
2016,Ferienwohnung,Südafrika,49,274
2016,Ferienwohnung,Südkorea,37,137
2016,Ferienwohnung,Südostasien,131,550
2016,Ferienwohnung,Taiwan,28,124
2016,Ferienwohnung,Tirol,4515,22670
2016,Ferienwohnung,Tschechische Republik,26805,133284
2016,Ferienwohnung,Türkei,105,671
2016,Ferienwohnung,USA,814,3370
2016,Ferienwohnung,Ukraine,671,3235
2016,Ferienwohnung,Ungarn,20660,99845
2016,Ferienwohnung,Vereinigte Arabische Emirate,229,1344
2016,Ferienwohnung,Vereinigtes Königreich,2081,11262
2016,Ferienwohnung,Vorarlberg,1430,7861
2016,Ferienwohnung,Wien,39090,205248
2016,Ferienwohnung,Zentral- und Südamerika,144,661
2016,Ferienwohnung,Zypern,10,74
2016,Ferienwohnung,ehem. Jugoslawien,1854,10957
2016,Ferienwohnung,Übriges Afrika,142,1091
2016,Ferienwohnung,Übriges Asien,66,280
2016,Ferienwohnung,Übriges Ausland,2515,13810
2016,Ferienwohnung,übrige GUS,208,1012
2016,Hotel 1 oder 2*,Arabische Länder Asiens,39,84
2016,Hotel 1 oder 2*,Australien,135,270
2016,Hotel 1 oder 2*,Baden Württemberg,5858,20610
2016,Hotel 1 oder 2*,Bayern,13322,40598
2016,Hotel 1 oder 2*,Belgien,1151,3990
2016,Hotel 1 oder 2*,Berlin,1415,6068
2016,Hotel 1 oder 2*,Brasilien,17,70
2016,Hotel 1 oder 2*,Bulgarien,106,315
2016,Hotel 1 oder 2*,Burgenland,2954,8504
2016,Hotel 1 oder 2*,China,255,339
2016,Hotel 1 oder 2*,Dänemark,599,1406
2016,Hotel 1 oder 2*,Estland,82,109
2016,Hotel 1 oder 2*,Finnland,109,245
2016,Hotel 1 oder 2*,Frankreich,718,1442
2016,Hotel 1 oder 2*,Griechenland,42,64
2016,Hotel 1 oder 2*,Indien,20,45
2016,Hotel 1 oder 2*,Irland  (Republik),48,112
2016,Hotel 1 oder 2*,Island,29,38
2016,Hotel 1 oder 2*,Israel,149,325
2016,Hotel 1 oder 2*,Italien,10010,21977
2016,Hotel 1 oder 2*,Japan,30,127
2016,Hotel 1 oder 2*,Kanada,108,267
2016,Hotel 1 oder 2*,Kroatien,1166,3246
2016,Hotel 1 oder 2*,Kärnten,11807,30336
2016,Hotel 1 oder 2*,Lettland,150,628
2016,Hotel 1 oder 2*,Litauen,94,224
2016,Hotel 1 oder 2*,Luxemburg,51,207
2016,Hotel 1 oder 2*,Malta,14,66
2016,Hotel 1 oder 2*,Mitteldeutschland,5421,22915
2016,Hotel 1 oder 2*,Neuseeland,24,35
2016,Hotel 1 oder 2*,Niederlande,7207,24009
2016,Hotel 1 oder 2*,Niederösterreich,18771,59519
2016,Hotel 1 oder 2*,Norddeutschland,5022,25594
2016,Hotel 1 oder 2*,Nordrhein-Westfalen,7425,38013
2016,Hotel 1 oder 2*,Norwegen,153,304
2016,Hotel 1 oder 2*,Oberösterreich,11103,32637
2016,Hotel 1 oder 2*,Ostdeutschland,6414,25971
2016,Hotel 1 oder 2*,Polen,2430,6588
2016,Hotel 1 oder 2*,Portugal,19,635
2016,Hotel 1 oder 2*,Rumänien,848,4888
2016,Hotel 1 oder 2*,Russland,586,1440
2016,Hotel 1 oder 2*,Salzburg,6115,16811
2016,Hotel 1 oder 2*,Saudi-Arabien,45,156
2016,Hotel 1 oder 2*,Schweden,467,929
2016,Hotel 1 oder 2*,Schweiz und Liechtenstein,2196,6946
2016,Hotel 1 oder 2*,Slowakei,1456,4230
2016,Hotel 1 oder 2*,Slowenien,2095,5176
2016,Hotel 1 oder 2*,Spanien,243,516
2016,Hotel 1 oder 2*,Steiermark,19426,50624
2016,Hotel 1 oder 2*,Südafrika,34,59
2016,Hotel 1 oder 2*,Südkorea,18,46
2016,Hotel 1 oder 2*,Südostasien,43,74
2016,Hotel 1 oder 2*,Taiwan,26,38
2016,Hotel 1 oder 2*,Tirol,4613,13396
2016,Hotel 1 oder 2*,Tschechische Republik,3708,10045
2016,Hotel 1 oder 2*,Türkei,89,168
2016,Hotel 1 oder 2*,USA,392,1082
2016,Hotel 1 oder 2*,Ukraine,255,440
2016,Hotel 1 oder 2*,Ungarn,7114,27361
2016,Hotel 1 oder 2*,Vereinigte Arabische Emirate,37,55
2016,Hotel 1 oder 2*,Vereinigtes Königreich,979,3440
2016,Hotel 1 oder 2*,Vorarlberg,2185,6053
2016,Hotel 1 oder 2*,Wien,17583,63649
2016,Hotel 1 oder 2*,Zentral- und Südamerika,65,171
2016,Hotel 1 oder 2*,Zypern,10,30
2016,Hotel 1 oder 2*,ehem. Jugoslawien,297,1581
2016,Hotel 1 oder 2*,Übriges Afrika,51,170
2016,Hotel 1 oder 2*,Übriges Asien,22,53
2016,Hotel 1 oder 2*,Übriges Ausland,642,1329
2016,Hotel 1 oder 2*,übrige GUS,132,394
2016,Hotel 3*,Arabische Länder Asiens,214,442
2016,Hotel 3*,Australien,711,1341
2016,Hotel 3*,Baden Württemberg,26418,99468
2016,Hotel 3*,Bayern,61698,203198
2016,Hotel 3*,Belgien,7487,34813
2016,Hotel 3*,Berlin,7638,33092
2016,Hotel 3*,Brasilien,147,305
2016,Hotel 3*,Bulgarien,604,1530
2016,Hotel 3*,Burgenland,12315,31788
2016,Hotel 3*,China,9344,10021
2016,Hotel 3*,Dänemark,4067,11490
2016,Hotel 3*,Estland,269,353
2016,Hotel 3*,Finnland,711,1411
2016,Hotel 3*,Frankreich,3637,8574
2016,Hotel 3*,Griechenland,288,793
2016,Hotel 3*,Indien,180,588
2016,Hotel 3*,Irland  (Republik),278,720
2016,Hotel 3*,Island,48,72
2016,Hotel 3*,Israel,819,2144
2016,Hotel 3*,Italien,51437,108273
2016,Hotel 3*,Japan,453,1018
2016,Hotel 3*,Kanada,517,1148
2016,Hotel 3*,Kroatien,6387,18260
2016,Hotel 3*,Kärnten,38164,88715
2016,Hotel 3*,Lettland,505,906
2016,Hotel 3*,Litauen,342,552
2016,Hotel 3*,Luxemburg,426,1387
2016,Hotel 3*,Malta,50,93
2016,Hotel 3*,Mitteldeutschland,26075,104686
2016,Hotel 3*,Neuseeland,77,136
2016,Hotel 3*,Niederlande,30573,121917
2016,Hotel 3*,Niederösterreich,68581,214498
2016,Hotel 3*,Norddeutschland,20525,98769
2016,Hotel 3*,Nordrhein-Westfalen,29959,152405
2016,Hotel 3*,Norwegen,760,1582
2016,Hotel 3*,Oberösterreich,46705,134837
2016,Hotel 3*,Ostdeutschland,30848,144635
2016,Hotel 3*,Polen,14214,47892
2016,Hotel 3*,Portugal,170,395
2016,Hotel 3*,Rumänien,4167,13398
2016,Hotel 3*,Russland,3056,7620
2016,Hotel 3*,Salzburg,21534,54232
2016,Hotel 3*,Saudi-Arabien,211,421
2016,Hotel 3*,Schweden,2545,4896
2016,Hotel 3*,Schweiz und Liechtenstein,10671,33258
2016,Hotel 3*,Slowakei,5994,18201
2016,Hotel 3*,Slowenien,8786,20135
2016,Hotel 3*,Spanien,1177,3424
2016,Hotel 3*,Steiermark,65838,154192
2016,Hotel 3*,Südafrika,126,246
2016,Hotel 3*,Südkorea,259,331
2016,Hotel 3*,Südostasien,1550,2336
2016,Hotel 3*,Taiwan,190,244
2016,Hotel 3*,Tirol,20073,53142
2016,Hotel 3*,Tschechische Republik,18796,63470
2016,Hotel 3*,Türkei,846,2069
2016,Hotel 3*,USA,2134,5043
2016,Hotel 3*,Ukraine,1351,2967
2016,Hotel 3*,Ungarn,23272,87372
2016,Hotel 3*,Vereinigte Arabische Emirate,136,271
2016,Hotel 3*,Vereinigtes Königreich,4138,13637
2016,Hotel 3*,Vorarlberg,5739,16999
2016,Hotel 3*,Wien,71501,214234
2016,Hotel 3*,Zentral- und Südamerika,444,885
2016,Hotel 3*,Zypern,14,39
2016,Hotel 3*,ehem. Jugoslawien,2295,7920
2016,Hotel 3*,Übriges Afrika,167,453
2016,Hotel 3*,Übriges Asien,134,416
2016,Hotel 3*,Übriges Ausland,4470,10198
2016,Hotel 3*,übrige GUS,369,841
2016,Hotel 4*,Arabische Länder Asiens,617,1671
2016,Hotel 4*,Australien,694,1499
2016,Hotel 4*,Baden Württemberg,27048,128244
2016,Hotel 4*,Bayern,75860,303962
2016,Hotel 4*,Belgien,9531,56829
2016,Hotel 4*,Berlin,11385,62029
2016,Hotel 4*,Brasilien,276,453
2016,Hotel 4*,Bulgarien,649,2479
2016,Hotel 4*,Burgenland,13689,44571
2016,Hotel 4*,China,7282,9111
2016,Hotel 4*,Dänemark,2746,9515
2016,Hotel 4*,Estland,370,999
2016,Hotel 4*,Finnland,1339,4119
2016,Hotel 4*,Frankreich,4997,11185
2016,Hotel 4*,Griechenland,390,969
2016,Hotel 4*,Indien,197,516
2016,Hotel 4*,Irland  (Republik),364,1184
2016,Hotel 4*,Island,58,180
2016,Hotel 4*,Israel,1021,3499
2016,Hotel 4*,Italien,56339,150536
2016,Hotel 4*,Japan,868,1896
2016,Hotel 4*,Kanada,678,1385
2016,Hotel 4*,Kroatien,7480,24361
2016,Hotel 4*,Kärnten,50777,145823
2016,Hotel 4*,Lettland,184,303
2016,Hotel 4*,Litauen,221,571
2016,Hotel 4*,Luxemburg,749,3698
2016,Hotel 4*,Malta,148,309
2016,Hotel 4*,Mitteldeutschland,25798,126571
2016,Hotel 4*,Neuseeland,129,264
2016,Hotel 4*,Niederlande,14157,63346
2016,Hotel 4*,Niederösterreich,70981,248978
2016,Hotel 4*,Norddeutschland,20258,114224
2016,Hotel 4*,Nordrhein-Westfalen,26881,152245
2016,Hotel 4*,Norwegen,778,1927
2016,Hotel 4*,Oberösterreich,47128,148787
2016,Hotel 4*,Ostdeutschland,23090,121691
2016,Hotel 4*,Polen,7837,30316
2016,Hotel 4*,Portugal,303,643
2016,Hotel 4*,Rumänien,2290,8071
2016,Hotel 4*,Russland,3408,10483
2016,Hotel 4*,Salzburg,26782,76178
2016,Hotel 4*,Saudi-Arabien,282,578
2016,Hotel 4*,Schweden,1761,4505
2016,Hotel 4*,Schweiz und Liechtenstein,12770,43176
2016,Hotel 4*,Slowakei,6045,19969
2016,Hotel 4*,Slowenien,5712,15638
2016,Hotel 4*,Spanien,2319,5996
2016,Hotel 4*,Steiermark,75817,227544
2016,Hotel 4*,Südafrika,180,279
2016,Hotel 4*,Südkorea,395,478
2016,Hotel 4*,Südostasien,1140,2231
2016,Hotel 4*,Taiwan,257,335
2016,Hotel 4*,Tirol,20273,63419
2016,Hotel 4*,Tschechische Republik,16043,60564
2016,Hotel 4*,Türkei,808,1538
2016,Hotel 4*,USA,5018,11254
2016,Hotel 4*,Ukraine,1006,2906
2016,Hotel 4*,Ungarn,14206,57071
2016,Hotel 4*,Vereinigte Arabische Emirate,254,646
2016,Hotel 4*,Vereinigtes Königreich,5837,21326
2016,Hotel 4*,Vorarlberg,5774,19684
2016,Hotel 4*,Wien,123087,395190
2016,Hotel 4*,Zentral- und Südamerika,455,1147
2016,Hotel 4*,Zypern,53,234
2016,Hotel 4*,ehem. Jugoslawien,2714,10133
2016,Hotel 4*,Übriges Afrika,649,2170
2016,Hotel 4*,Übriges Asien,197,526
2016,Hotel 4*,Übriges Ausland,7011,14966
2016,Hotel 4*,übrige GUS,220,905
2016,Hotel 4* Superior,Arabische Länder Asiens,136,399
2016,Hotel 4* Superior,Australien,99,364
2016,Hotel 4* Superior,Baden Württemberg,3583,17763
2016,Hotel 4* Superior,Bayern,12409,49379
2016,Hotel 4* Superior,Belgien,359,1558
2016,Hotel 4* Superior,Berlin,3948,7481
2016,Hotel 4* Superior,Brasilien,10,16
2016,Hotel 4* Superior,Bulgarien,98,387
2016,Hotel 4* Superior,Burgenland,1680,4601
2016,Hotel 4* Superior,China,324,633
2016,Hotel 4* Superior,Dänemark,112,319
2016,Hotel 4* Superior,Estland,16,69
2016,Hotel 4* Superior,Finnland,72,203
2016,Hotel 4* Superior,Frankreich,431,1653
2016,Hotel 4* Superior,Griechenland,26,75
2016,Hotel 4* Superior,Indien,94,503
2016,Hotel 4* Superior,Irland  (Republik),41,248
2016,Hotel 4* Superior,Island,2,16
2016,Hotel 4* Superior,Israel,146,458
2016,Hotel 4* Superior,Italien,5182,12255
2016,Hotel 4* Superior,Japan,230,972
2016,Hotel 4* Superior,Kanada,106,361
2016,Hotel 4* Superior,Kroatien,206,535
2016,Hotel 4* Superior,Kärnten,12645,27364
2016,Hotel 4* Superior,Lettland,5,7
2016,Hotel 4* Superior,Litauen,19,82
2016,Hotel 4* Superior,Luxemburg,112,671
2016,Hotel 4* Superior,Malta,15,59
2016,Hotel 4* Superior,Mitteldeutschland,4597,24111
2016,Hotel 4* Superior,Neuseeland,13,35
2016,Hotel 4* Superior,Niederlande,1000,3264
2016,Hotel 4* Superior,Niederösterreich,10050,30683
2016,Hotel 4* Superior,Norddeutschland,3728,15577
2016,Hotel 4* Superior,Nordrhein-Westfalen,4441,25012
2016,Hotel 4* Superior,Norwegen,119,448
2016,Hotel 4* Superior,Oberösterreich,5896,16601
2016,Hotel 4* Superior,Ostdeutschland,2411,9961
2016,Hotel 4* Superior,Polen,536,2399
2016,Hotel 4* Superior,Portugal,30,129
2016,Hotel 4* Superior,Rumänien,308,1048
2016,Hotel 4* Superior,Russland,540,2630
2016,Hotel 4* Superior,Salzburg,5944,13353
2016,Hotel 4* Superior,Saudi-Arabien,128,395
2016,Hotel 4* Superior,Schweden,147,648
2016,Hotel 4* Superior,Schweiz und Liechtenstein,2742,10967
2016,Hotel 4* Superior,Slowakei,224,509
2016,Hotel 4* Superior,Slowenien,258,622
2016,Hotel 4* Superior,Spanien,215,405
2016,Hotel 4* Superior,Steiermark,12755,29237
2016,Hotel 4* Superior,Südafrika,38,100
2016,Hotel 4* Superior,Südkorea,21,78
2016,Hotel 4* Superior,Südostasien,558,1938
2016,Hotel 4* Superior,Taiwan,76,168
2016,Hotel 4* Superior,Tirol,5374,12082
2016,Hotel 4* Superior,Tschechische Republik,760,2039
2016,Hotel 4* Superior,Türkei,115,281
2016,Hotel 4* Superior,USA,1118,3965
2016,Hotel 4* Superior,Ukraine,120,863
2016,Hotel 4* Superior,Ungarn,536,1609
2016,Hotel 4* Superior,Vereinigte Arabische Emirate,105,379
2016,Hotel 4* Superior,Vereinigtes Königreich,1668,9850
2016,Hotel 4* Superior,Vorarlberg,1296,3250
2016,Hotel 4* Superior,Wien,21684,64364
2016,Hotel 4* Superior,Zentral- und Südamerika,62,170
2016,Hotel 4* Superior,Zypern,7,39
2016,Hotel 4* Superior,ehem. Jugoslawien,118,217
2016,Hotel 4* Superior,Übriges Afrika,88,200
2016,Hotel 4* Superior,Übriges Asien,35,113
2016,Hotel 4* Superior,Übriges Ausland,730,2135
2016,Hotel 4* Superior,übrige GUS,21,77
2016,Hotel 5*,Arabische Länder Asiens,131,315
2016,Hotel 5*,Australien,111,215
2016,Hotel 5*,Baden Württemberg,558,2400
2016,Hotel 5*,Bayern,3282,9195
2016,Hotel 5*,Belgien,130,459
2016,Hotel 5*,Berlin,121,467
2016,Hotel 5*,Brasilien,7,11
2016,Hotel 5*,Bulgarien,55,173
2016,Hotel 5*,Burgenland,488,1743
2016,Hotel 5*,China,66,164
2016,Hotel 5*,Dänemark,68,129
2016,Hotel 5*,Estland,21,49
2016,Hotel 5*,Finnland,28,34
2016,Hotel 5*,Frankreich,118,513
2016,Hotel 5*,Griechenland,25,37
2016,Hotel 5*,Indien,11,31
2016,Hotel 5*,Irland  (Republik),11,31
2016,Hotel 5*,Island,7,7
2016,Hotel 5*,Israel,57,185
2016,Hotel 5*,Italien,5574,13529
2016,Hotel 5*,Japan,21,53
2016,Hotel 5*,Kanada,87,189
2016,Hotel 5*,Kroatien,306,867
2016,Hotel 5*,Kärnten,4093,8193
2016,Hotel 5*,Lettland,6,48
2016,Hotel 5*,Litauen,8,20
2016,Hotel 5*,Luxemburg,99,582
2016,Hotel 5*,Malta,3,12
2016,Hotel 5*,Mitteldeutschland,580,2457
2016,Hotel 5*,Neuseeland,2,4
2016,Hotel 5*,Niederlande,217,663
2016,Hotel 5*,Niederösterreich,2954,10979
2016,Hotel 5*,Norddeutschland,483,2827
2016,Hotel 5*,Nordrhein-Westfalen,1296,4955
2016,Hotel 5*,Norwegen,68,84
2016,Hotel 5*,Oberösterreich,1432,4618
2016,Hotel 5*,Ostdeutschland,555,2043
2016,Hotel 5*,Polen,142,397
2016,Hotel 5*,Portugal,29,37
2016,Hotel 5*,Rumänien,146,534
2016,Hotel 5*,Russland,331,2620
2016,Hotel 5*,Salzburg,1595,4864
2016,Hotel 5*,Saudi-Arabien,16,33
2016,Hotel 5*,Schweden,135,225
2016,Hotel 5*,Schweiz und Liechtenstein,582,1855
2016,Hotel 5*,Slowakei,174,490
2016,Hotel 5*,Slowenien,510,1242
2016,Hotel 5*,Spanien,228,259
2016,Hotel 5*,Steiermark,4258,10249
2016,Hotel 5*,Südafrika,4,20
2016,Hotel 5*,Südkorea,21,53
2016,Hotel 5*,Südostasien,24,57
2016,Hotel 5*,Taiwan,2,4
2016,Hotel 5*,Tirol,1180,3283
2016,Hotel 5*,Tschechische Republik,344,1239
2016,Hotel 5*,Türkei,22,36
2016,Hotel 5*,USA,466,1109
2016,Hotel 5*,Ukraine,124,646
2016,Hotel 5*,Ungarn,308,966
2016,Hotel 5*,Vereinigte Arabische Emirate,24,45
2016,Hotel 5*,Vereinigtes Königreich,1053,3054
2016,Hotel 5*,Vorarlberg,248,586
2016,Hotel 5*,Wien,6502,23117
2016,Hotel 5*,Zentral- und Südamerika,35,111
2016,Hotel 5*,Zypern,4,8
2016,Hotel 5*,ehem. Jugoslawien,168,577
2016,Hotel 5*,Übriges Afrika,553,2111
2016,Hotel 5*,Übriges Asien,17,66
2016,Hotel 5*,Übriges Ausland,2,8
2016,Hotel 5*,übrige GUS,25,99
2016,Jugendherbergen u. -gästehäuser,Arabische Länder Asiens,2,2
2016,Jugendherbergen u. -gästehäuser,Australien,62,103
2016,Jugendherbergen u. -gästehäuser,Baden Württemberg,1373,2512
2016,Jugendherbergen u. -gästehäuser,Bayern,1981,4479
2016,Jugendherbergen u. -gästehäuser,Belgien,213,460
2016,Jugendherbergen u. -gästehäuser,Berlin,292,1130
2016,Jugendherbergen u. -gästehäuser,Brasilien,11,11
2016,Jugendherbergen u. -gästehäuser,Bulgarien,35,47
2016,Jugendherbergen u. -gästehäuser,Burgenland,567,1206
2016,Jugendherbergen u. -gästehäuser,China,6,9
2016,Jugendherbergen u. -gästehäuser,Dänemark,140,178
2016,Jugendherbergen u. -gästehäuser,Estland,216,225
2016,Jugendherbergen u. -gästehäuser,Finnland,61,85
2016,Jugendherbergen u. -gästehäuser,Frankreich,184,298
2016,Jugendherbergen u. -gästehäuser,Griechenland,23,43
2016,Jugendherbergen u. -gästehäuser,Indien,13,20
2016,Jugendherbergen u. -gästehäuser,Irland  (Republik),28,37
2016,Jugendherbergen u. -gästehäuser,Island,5,5
2016,Jugendherbergen u. -gästehäuser,Israel,14,36
2016,Jugendherbergen u. -gästehäuser,Italien,3081,5081
2016,Jugendherbergen u. -gästehäuser,Japan,18,31
2016,Jugendherbergen u. -gästehäuser,Kanada,160,294
2016,Jugendherbergen u. -gästehäuser,Kroatien,578,841
2016,Jugendherbergen u. -gästehäuser,Kärnten,6118,14913
2016,Jugendherbergen u. -gästehäuser,Lettland,71,90
2016,Jugendherbergen u. -gästehäuser,Litauen,48,49
2016,Jugendherbergen u. -gästehäuser,Luxemburg,13,46
2016,Jugendherbergen u. -gästehäuser,Mitteldeutschland,1881,5187
2016,Jugendherbergen u. -gästehäuser,Neuseeland,14,18
2016,Jugendherbergen u. -gästehäuser,Niederlande,1075,2364
2016,Jugendherbergen u. -gästehäuser,Niederösterreich,3153,8120
2016,Jugendherbergen u. -gästehäuser,Norddeutschland,1221,5542
2016,Jugendherbergen u. -gästehäuser,Nordrhein-Westfalen,2243,10976
2016,Jugendherbergen u. -gästehäuser,Norwegen,35,49
2016,Jugendherbergen u. -gästehäuser,Oberösterreich,2423,5252
2016,Jugendherbergen u. -gästehäuser,Ostdeutschland,983,2367
2016,Jugendherbergen u. -gästehäuser,Polen,1304,1848
2016,Jugendherbergen u. -gästehäuser,Portugal,18,33
2016,Jugendherbergen u. -gästehäuser,Rumänien,613,2830
2016,Jugendherbergen u. -gästehäuser,Russland,103,279
2016,Jugendherbergen u. -gästehäuser,Salzburg,1615,3560
2016,Jugendherbergen u. -gästehäuser,Saudi-Arabien,17,17
2016,Jugendherbergen u. -gästehäuser,Schweden,138,268
2016,Jugendherbergen u. -gästehäuser,Schweiz und Liechtenstein,389,771
2016,Jugendherbergen u. -gästehäuser,Slowakei,250,694
2016,Jugendherbergen u. -gästehäuser,Slowenien,809,1294
2016,Jugendherbergen u. -gästehäuser,Spanien,151,381
2016,Jugendherbergen u. -gästehäuser,Steiermark,5295,13243
2016,Jugendherbergen u. -gästehäuser,Südkorea,6,10
2016,Jugendherbergen u. -gästehäuser,Südostasien,28,54
2016,Jugendherbergen u. -gästehäuser,Taiwan,4,7
2016,Jugendherbergen u. -gästehäuser,Tirol,1244,2662
2016,Jugendherbergen u. -gästehäuser,Tschechische Republik,1312,3300
2016,Jugendherbergen u. -gästehäuser,Türkei,18,33
2016,Jugendherbergen u. -gästehäuser,USA,90,156
2016,Jugendherbergen u. -gästehäuser,Ukraine,64,87
2016,Jugendherbergen u. -gästehäuser,Ungarn,1231,4003
2016,Jugendherbergen u. -gästehäuser,Vereinigte Arabische Emirate,8,8
2016,Jugendherbergen u. -gästehäuser,Vereinigtes Königreich,270,678
2016,Jugendherbergen u. -gästehäuser,Vorarlberg,631,2012
2016,Jugendherbergen u. -gästehäuser,Wien,8095,21177
2016,Jugendherbergen u. -gästehäuser,Zentral- und Südamerika,73,141
2016,Jugendherbergen u. -gästehäuser,ehem. Jugoslawien,316,647
2016,Jugendherbergen u. -gästehäuser,Übriges Afrika,16,41
2016,Jugendherbergen u. -gästehäuser,Übriges Asien,11,18
2016,Jugendherbergen u. -gästehäuser,Übriges Ausland,81,218
2016,Jugendherbergen u. -gästehäuser,übrige GUS,47,100
2016,Kinder- u. Jugenderholungsheime,Baden Württemberg,97,579
2016,Kinder- u. Jugenderholungsheime,Bayern,120,399
2016,Kinder- u. Jugenderholungsheime,Belgien,2030,13591
2016,Kinder- u. Jugenderholungsheime,Burgenland,197,996
2016,Kinder- u. Jugenderholungsheime,Dänemark,918,3691
2016,Kinder- u. Jugenderholungsheime,Frankreich,70,490
2016,Kinder- u. Jugenderholungsheime,Italien,74,281
2016,Kinder- u. Jugenderholungsheime,Kroatien,152,692
2016,Kinder- u. Jugenderholungsheime,Kärnten,1770,7831
2016,Kinder- u. Jugenderholungsheime,Luxemburg,3,9
2016,Kinder- u. Jugenderholungsheime,Mitteldeutschland,8,40
2016,Kinder- u. Jugenderholungsheime,Niederlande,2,6
2016,Kinder- u. Jugenderholungsheime,Niederösterreich,868,4572
2016,Kinder- u. Jugenderholungsheime,Norddeutschland,28,196
2016,Kinder- u. Jugenderholungsheime,Nordrhein-Westfalen,212,748
2016,Kinder- u. Jugenderholungsheime,Oberösterreich,196,1251
2016,Kinder- u. Jugenderholungsheime,Ostdeutschland,102,614
2016,Kinder- u. Jugenderholungsheime,Polen,637,4226
2016,Kinder- u. Jugenderholungsheime,Salzburg,178,1006
2016,Kinder- u. Jugenderholungsheime,Schweiz und Liechtenstein,31,68
2016,Kinder- u. Jugenderholungsheime,Slowakei,1,6
2016,Kinder- u. Jugenderholungsheime,Slowenien,58,129
2016,Kinder- u. Jugenderholungsheime,Spanien,1,2
2016,Kinder- u. Jugenderholungsheime,Steiermark,1590,14101
2016,Kinder- u. Jugenderholungsheime,Tirol,191,1175
2016,Kinder- u. Jugenderholungsheime,Tschechische Republik,68,340
2016,Kinder- u. Jugenderholungsheime,Ungarn,7,22
2016,Kinder- u. Jugenderholungsheime,Vereinigtes Königreich,743,4344
2016,Kinder- u. Jugenderholungsheime,Wien,2262,13590
2016,Kurheim der Sozialversich.träger,Baden Württemberg,9,150
2016,Kurheim der Sozialversich.träger,Bayern,25,135
2016,Kurheim der Sozialversich.träger,Berlin,1,7
2016,Kurheim der Sozialversich.träger,Burgenland,340,6462
2016,Kurheim der Sozialversich.träger,Italien,20,56
2016,Kurheim der Sozialversich.träger,Kroatien,1,2
2016,Kurheim der Sozialversich.träger,Kärnten,5348,110821
2016,Kurheim der Sozialversich.träger,Mitteldeutschland,15,134
2016,Kurheim der Sozialversich.träger,Niederlande,11,40
2016,Kurheim der Sozialversich.träger,Niederösterreich,1790,30818
2016,Kurheim der Sozialversich.träger,Norddeutschland,1,4
2016,Kurheim der Sozialversich.träger,Nordrhein-Westfalen,5,44
2016,Kurheim der Sozialversich.träger,Oberösterreich,1223,21777
2016,Kurheim der Sozialversich.träger,Ostdeutschland,8,92
2016,Kurheim der Sozialversich.träger,Rumänien,2,28
2016,Kurheim der Sozialversich.träger,Salzburg,701,12245
2016,Kurheim der Sozialversich.träger,Schweiz und Liechtenstein,1,28
2016,Kurheim der Sozialversich.träger,Slowakei,7,111
2016,Kurheim der Sozialversich.träger,Slowenien,1,70
2016,Kurheim der Sozialversich.träger,Steiermark,2470,45729
2016,Kurheim der Sozialversich.träger,Tirol,691,12619
2016,Kurheim der Sozialversich.träger,Tschechische Republik,3,44
2016,Kurheim der Sozialversich.träger,Ungarn,29,199
2016,Kurheim der Sozialversich.träger,Vorarlberg,159,2926
2016,Kurheim der Sozialversich.träger,Wien,2109,35403
2016,Private u. öffentl. Kurheime,Arabische Länder Asiens,30,348
2016,Private u. öffentl. Kurheime,Australien,12,150
2016,Private u. öffentl. Kurheime,Baden Württemberg,59,530
2016,Private u. öffentl. Kurheime,Bayern,97,919
2016,Private u. öffentl. Kurheime,Belgien,4,33
2016,Private u. öffentl. Kurheime,Berlin,18,183
2016,Private u. öffentl. Kurheime,Bulgarien,5,35
2016,Private u. öffentl. Kurheime,Burgenland,205,2990
2016,Private u. öffentl. Kurheime,China,10,117
2016,Private u. öffentl. Kurheime,Dänemark,2,32
2016,Private u. öffentl. Kurheime,Finnland,7,57
2016,Private u. öffentl. Kurheime,Frankreich,36,327
2016,Private u. öffentl. Kurheime,Griechenland,17,151
2016,Private u. öffentl. Kurheime,Indien,81,821
2016,Private u. öffentl. Kurheime,Irland  (Republik),12,79
2016,Private u. öffentl. Kurheime,Israel,11,90
2016,Private u. öffentl. Kurheime,Italien,16,143
2016,Private u. öffentl. Kurheime,Japan,6,47
2016,Private u. öffentl. Kurheime,Kanada,5,48
2016,Private u. öffentl. Kurheime,Kroatien,2,14
2016,Private u. öffentl. Kurheime,Kärnten,780,10532
2016,Private u. öffentl. Kurheime,Luxemburg,2,14
2016,Private u. öffentl. Kurheime,Malta,1,10
2016,Private u. öffentl. Kurheime,Mitteldeutschland,65,608
2016,Private u. öffentl. Kurheime,Neuseeland,2,14
2016,Private u. öffentl. Kurheime,Niederlande,11,125
2016,Private u. öffentl. Kurheime,Niederösterreich,1683,23088
2016,Private u. öffentl. Kurheime,Norddeutschland,54,643
2016,Private u. öffentl. Kurheime,Nordrhein-Westfalen,56,555
2016,Private u. öffentl. Kurheime,Norwegen,4,44
2016,Private u. öffentl. Kurheime,Oberösterreich,786,9623
2016,Private u. öffentl. Kurheime,Ostdeutschland,29,342
2016,Private u. öffentl. Kurheime,Polen,3,37
2016,Private u. öffentl. Kurheime,Portugal,2,16
2016,Private u. öffentl. Kurheime,Rumänien,4,34
2016,Private u. öffentl. Kurheime,Russland,145,1261
2016,Private u. öffentl. Kurheime,Salzburg,431,6780
2016,Private u. öffentl. Kurheime,Saudi-Arabien,5,67
2016,Private u. öffentl. Kurheime,Schweden,16,166
2016,Private u. öffentl. Kurheime,Schweiz und Liechtenstein,66,573
2016,Private u. öffentl. Kurheime,Slowakei,5,46
2016,Private u. öffentl. Kurheime,Slowenien,9,78
2016,Private u. öffentl. Kurheime,Spanien,19,171
2016,Private u. öffentl. Kurheime,Steiermark,1572,17385
2016,Private u. öffentl. Kurheime,Südafrika,3,31
2016,Private u. öffentl. Kurheime,Südostasien,11,114
2016,Private u. öffentl. Kurheime,Tirol,508,6296
2016,Private u. öffentl. Kurheime,Tschechische Republik,9,72
2016,Private u. öffentl. Kurheime,Türkei,111,892
2016,Private u. öffentl. Kurheime,USA,73,780
2016,Private u. öffentl. Kurheime,Ukraine,60,595
2016,Private u. öffentl. Kurheime,Ungarn,3,9
2016,Private u. öffentl. Kurheime,Vereinigte Arabische Emirate,62,551
2016,Private u. öffentl. Kurheime,Vereinigtes Königreich,430,3934
2016,Private u. öffentl. Kurheime,Vorarlberg,87,1400
2016,Private u. öffentl. Kurheime,Wien,1682,26118
2016,Private u. öffentl. Kurheime,Zentral- und Südamerika,3,30
2016,Private u. öffentl. Kurheime,Zypern,5,31
2016,Private u. öffentl. Kurheime,ehem. Jugoslawien,4,28
2016,Private u. öffentl. Kurheime,Übriges Afrika,4,29
2016,Private u. öffentl. Kurheime,Übriges Asien,2,16
2016,Private u. öffentl. Kurheime,Übriges Ausland,2,5
2016,Private u. öffentl. Kurheime,übrige GUS,7,52
2016,Sonstige Unterkunft,Arabische Länder Asiens,18,65
2016,Sonstige Unterkunft,Australien,108,221
2016,Sonstige Unterkunft,Baden Württemberg,4305,22357
2016,Sonstige Unterkunft,Bayern,9323,37833
2016,Sonstige Unterkunft,Belgien,801,3569
2016,Sonstige Unterkunft,Berlin,1023,6082
2016,Sonstige Unterkunft,Brasilien,5,5
2016,Sonstige Unterkunft,Bulgarien,128,373
2016,Sonstige Unterkunft,Burgenland,1629,5281
2016,Sonstige Unterkunft,China,338,503
2016,Sonstige Unterkunft,Dänemark,500,2012
2016,Sonstige Unterkunft,Estland,62,119
2016,Sonstige Unterkunft,Finnland,89,238
2016,Sonstige Unterkunft,Frankreich,583,1359
2016,Sonstige Unterkunft,Griechenland,44,197
2016,Sonstige Unterkunft,Indien,20,57
2016,Sonstige Unterkunft,Irland  (Republik),29,116
2016,Sonstige Unterkunft,Island,5,35
2016,Sonstige Unterkunft,Israel,107,354
2016,Sonstige Unterkunft,Italien,6219,14784
2016,Sonstige Unterkunft,Japan,33,106
2016,Sonstige Unterkunft,Kanada,78,202
2016,Sonstige Unterkunft,Kroatien,958,3578
2016,Sonstige Unterkunft,Kärnten,10197,38943
2016,Sonstige Unterkunft,Lettland,18,28
2016,Sonstige Unterkunft,Litauen,124,341
2016,Sonstige Unterkunft,Luxemburg,47,254
2016,Sonstige Unterkunft,Malta,13,51
2016,Sonstige Unterkunft,Mitteldeutschland,4384,21915
2016,Sonstige Unterkunft,Neuseeland,26,41
2016,Sonstige Unterkunft,Niederlande,3727,15205
2016,Sonstige Unterkunft,Niederösterreich,10574,41993
2016,Sonstige Unterkunft,Norddeutschland,3530,22677
2016,Sonstige Unterkunft,Nordrhein-Westfalen,4554,29665
2016,Sonstige Unterkunft,Norwegen,102,191
2016,Sonstige Unterkunft,Oberösterreich,7840,33059
2016,Sonstige Unterkunft,Ostdeutschland,3698,17888
2016,Sonstige Unterkunft,Polen,2001,8543
2016,Sonstige Unterkunft,Portugal,24,56
2016,Sonstige Unterkunft,Rumänien,517,2638
2016,Sonstige Unterkunft,Russland,279,843
2016,Sonstige Unterkunft,Salzburg,3990,13005
2016,Sonstige Unterkunft,Saudi-Arabien,43,108
2016,Sonstige Unterkunft,Schweden,271,726
2016,Sonstige Unterkunft,Schweiz und Liechtenstein,946,3498
2016,Sonstige Unterkunft,Slowakei,800,5041
2016,Sonstige Unterkunft,Slowenien,2624,6427
2016,Sonstige Unterkunft,Spanien,138,385
2016,Sonstige Unterkunft,Steiermark,10787,36412
2016,Sonstige Unterkunft,Südafrika,6,46
2016,Sonstige Unterkunft,Südkorea,36,109
2016,Sonstige Unterkunft,Südostasien,19,43
2016,Sonstige Unterkunft,Taiwan,20,192
2016,Sonstige Unterkunft,Tirol,3676,13531
2016,Sonstige Unterkunft,Tschechische Republik,2353,7430
2016,Sonstige Unterkunft,Türkei,40,94
2016,Sonstige Unterkunft,USA,412,1737
2016,Sonstige Unterkunft,Ukraine,314,729
2016,Sonstige Unterkunft,Ungarn,8879,38839
2016,Sonstige Unterkunft,Vereinigte Arabische Emirate,12,44
2016,Sonstige Unterkunft,Vereinigtes Königreich,693,2911
2016,Sonstige Unterkunft,Vorarlberg,728,2943
2016,Sonstige Unterkunft,Wien,12839,60552
2016,Sonstige Unterkunft,Zentral- und Südamerika,89,391
2016,Sonstige Unterkunft,Zypern,4,4
2016,Sonstige Unterkunft,ehem. Jugoslawien,279,1118
2016,Sonstige Unterkunft,Übriges Afrika,32,117
2016,Sonstige Unterkunft,Übriges Asien,6,21
2016,Sonstige Unterkunft,Übriges Ausland,122,925
2016,Sonstige Unterkunft,übrige GUS,61,182
2016,Unterkunft auf Bauernhof,Arabische Länder Asiens,8,40
2016,Unterkunft auf Bauernhof,Australien,22,84
2016,Unterkunft auf Bauernhof,Baden Württemberg,2879,23016
2016,Unterkunft auf Bauernhof,Bayern,6095,38094
2016,Unterkunft auf Bauernhof,Belgien,478,3825
2016,Unterkunft auf Bauernhof,Berlin,956,8502
2016,Unterkunft auf Bauernhof,Brasilien,4,16
2016,Unterkunft auf Bauernhof,Bulgarien,37,219
2016,Unterkunft auf Bauernhof,Burgenland,603,2521
2016,Unterkunft auf Bauernhof,China,17,130
2016,Unterkunft auf Bauernhof,Dänemark,130,646
2016,Unterkunft auf Bauernhof,Estland,6,30
2016,Unterkunft auf Bauernhof,Finnland,12,51
2016,Unterkunft auf Bauernhof,Frankreich,130,713
2016,Unterkunft auf Bauernhof,Griechenland,14,46
2016,Unterkunft auf Bauernhof,Indien,3,18
2016,Unterkunft auf Bauernhof,Irland  (Republik),8,40
2016,Unterkunft auf Bauernhof,Israel,67,271
2016,Unterkunft auf Bauernhof,Italien,1826,7807
2016,Unterkunft auf Bauernhof,Kanada,36,155
2016,Unterkunft auf Bauernhof,Kroatien,527,2277
2016,Unterkunft auf Bauernhof,Kärnten,1678,7729
2016,Unterkunft auf Bauernhof,Lettland,34,130
2016,Unterkunft auf Bauernhof,Litauen,49,339
2016,Unterkunft auf Bauernhof,Luxemburg,4,44
2016,Unterkunft auf Bauernhof,Mitteldeutschland,2596,21994
2016,Unterkunft auf Bauernhof,Neuseeland,4,6
2016,Unterkunft auf Bauernhof,Niederlande,1926,15669
2016,Unterkunft auf Bauernhof,Niederösterreich,3848,21644
2016,Unterkunft auf Bauernhof,Norddeutschland,2394,22248
2016,Unterkunft auf Bauernhof,Nordrhein-Westfalen,3802,36191
2016,Unterkunft auf Bauernhof,Norwegen,17,35
2016,Unterkunft auf Bauernhof,Oberösterreich,2118,10589
2016,Unterkunft auf Bauernhof,Ostdeutschland,3507,27612
2016,Unterkunft auf Bauernhof,Polen,843,5215
2016,Unterkunft auf Bauernhof,Portugal,2,2
2016,Unterkunft auf Bauernhof,Rumänien,238,2029
2016,Unterkunft auf Bauernhof,Russland,107,551
2016,Unterkunft auf Bauernhof,Salzburg,556,2441
2016,Unterkunft auf Bauernhof,Saudi-Arabien,8,22
2016,Unterkunft auf Bauernhof,Schweden,61,229
2016,Unterkunft auf Bauernhof,Schweiz und Liechtenstein,399,2574
2016,Unterkunft auf Bauernhof,Slowakei,560,3416
2016,Unterkunft auf Bauernhof,Slowenien,705,3482
2016,Unterkunft auf Bauernhof,Spanien,30,76
2016,Unterkunft auf Bauernhof,Steiermark,2221,10604
2016,Unterkunft auf Bauernhof,Südafrika,7,9
2016,Unterkunft auf Bauernhof,Südkorea,4,24
2016,Unterkunft auf Bauernhof,Südostasien,10,49
2016,Unterkunft auf Bauernhof,Tirol,536,2780
2016,Unterkunft auf Bauernhof,Tschechische Republik,2432,12223
2016,Unterkunft auf Bauernhof,Türkei,9,27
2016,Unterkunft auf Bauernhof,USA,86,482
2016,Unterkunft auf Bauernhof,Ukraine,71,607
2016,Unterkunft auf Bauernhof,Ungarn,1701,9404
2016,Unterkunft auf Bauernhof,Vereinigte Arabische Emirate,11,77
2016,Unterkunft auf Bauernhof,Vereinigtes Königreich,157,855
2016,Unterkunft auf Bauernhof,Vorarlberg,186,1093
2016,Unterkunft auf Bauernhof,Wien,4107,24862
2016,Unterkunft auf Bauernhof,Zentral- und Südamerika,11,73
2016,Unterkunft auf Bauernhof,Zypern,6,12
2016,Unterkunft auf Bauernhof,ehem. Jugoslawien,175,1213
2016,Unterkunft auf Bauernhof,Übriges Afrika,9,54
2016,Unterkunft auf Bauernhof,Übriges Asien,12,86
2016,Unterkunft auf Bauernhof,Übriges Ausland,51,260
2016,Unterkunft auf Bauernhof,übrige GUS,13,63
2017,Bewirtschaftete Schutzhütten,Arabische Länder Asiens,0,0
2017,Bewirtschaftete Schutzhütten,Australien,34,34
2017,Bewirtschaftete Schutzhütten,Baden Württemberg,1023,1129
2017,Bewirtschaftete Schutzhütten,Bayern,5178,5939
2017,Bewirtschaftete Schutzhütten,Belgien,88,108
2017,Bewirtschaftete Schutzhütten,Berlin,286,456
2017,Bewirtschaftete Schutzhütten,Brasilien,2,2
2017,Bewirtschaftete Schutzhütten,Bulgarien,3,3
2017,Bewirtschaftete Schutzhütten,Burgenland,168,211
2017,Bewirtschaftete Schutzhütten,China,1,1
2017,Bewirtschaftete Schutzhütten,Dänemark,8,12
2017,Bewirtschaftete Schutzhütten,Estland,1,1
2017,Bewirtschaftete Schutzhütten,Finnland,4,4
2017,Bewirtschaftete Schutzhütten,Frankreich,262,262
2017,Bewirtschaftete Schutzhütten,Griechenland,0,0
2017,Bewirtschaftete Schutzhütten,Indien,6,6
2017,Bewirtschaftete Schutzhütten,Irland  (Republik),3,3
2017,Bewirtschaftete Schutzhütten,Island,0,0
2017,Bewirtschaftete Schutzhütten,Israel,8,8
2017,Bewirtschaftete Schutzhütten,Italien,1260,1279
2017,Bewirtschaftete Schutzhütten,Japan,3,3
2017,Bewirtschaftete Schutzhütten,Kanada,29,43
2017,Bewirtschaftete Schutzhütten,Kroatien,50,74
2017,Bewirtschaftete Schutzhütten,Kärnten,3767,5116
2017,Bewirtschaftete Schutzhütten,Lettland,0,0
2017,Bewirtschaftete Schutzhütten,Litauen,1,1
2017,Bewirtschaftete Schutzhütten,Luxemburg,14,14
2017,Bewirtschaftete Schutzhütten,Malta,0,0
2017,Bewirtschaftete Schutzhütten,Mitteldeutschland,838,1133
2017,Bewirtschaftete Schutzhütten,Neuseeland,4,10
2017,Bewirtschaftete Schutzhütten,Niederlande,1165,1274
2017,Bewirtschaftete Schutzhütten,Niederösterreich,851,1239
2017,Bewirtschaftete Schutzhütten,Norddeutschland,695,977
2017,Bewirtschaftete Schutzhütten,Nordrhein-Westfalen,915,1881
2017,Bewirtschaftete Schutzhütten,Norwegen,4,4
2017,Bewirtschaftete Schutzhütten,Oberösterreich,1105,1332
2017,Bewirtschaftete Schutzhütten,Ostdeutschland,1188,1326
2017,Bewirtschaftete Schutzhütten,Polen,129,151
2017,Bewirtschaftete Schutzhütten,Portugal,0,0
2017,Bewirtschaftete Schutzhütten,Rumänien,2,2
2017,Bewirtschaftete Schutzhütten,Russland,3,3
2017,Bewirtschaftete Schutzhütten,Salzburg,1093,1412
2017,Bewirtschaftete Schutzhütten,Saudi-Arabien,0,0
2017,Bewirtschaftete Schutzhütten,Schweden,27,31
2017,Bewirtschaftete Schutzhütten,Schweiz und Liechtenstein,198,207
2017,Bewirtschaftete Schutzhütten,Slowakei,288,296
2017,Bewirtschaftete Schutzhütten,Slowenien,502,535
2017,Bewirtschaftete Schutzhütten,Spanien,4,4
2017,Bewirtschaftete Schutzhütten,Steiermark,1539,1888
2017,Bewirtschaftete Schutzhütten,Südafrika,3,3
2017,Bewirtschaftete Schutzhütten,Südkorea,0,0
2017,Bewirtschaftete Schutzhütten,Südostasien,0,0
2017,Bewirtschaftete Schutzhütten,Taiwan,0,0
2017,Bewirtschaftete Schutzhütten,Tirol,989,1243
2017,Bewirtschaftete Schutzhütten,Tschechische Republik,907,1020
2017,Bewirtschaftete Schutzhütten,Türkei,2,2
2017,Bewirtschaftete Schutzhütten,USA,50,51
2017,Bewirtschaftete Schutzhütten,Ukraine,9,29
2017,Bewirtschaftete Schutzhütten,Ungarn,128,136
2017,Bewirtschaftete Schutzhütten,Vereinigte Arabische Emirate,0,0
2017,Bewirtschaftete Schutzhütten,Vereinigtes Königreich,57,90
2017,Bewirtschaftete Schutzhütten,Vorarlberg,94,105
2017,Bewirtschaftete Schutzhütten,Wien,1471,2062
2017,Bewirtschaftete Schutzhütten,Zentral- und Südamerika,0,0
2017,Bewirtschaftete Schutzhütten,Zypern,0,0
2017,Bewirtschaftete Schutzhütten,ehem. Jugoslawien,1,1
2017,Bewirtschaftete Schutzhütten,Übriges Afrika,0,0
2017,Bewirtschaftete Schutzhütten,Übriges Asien,0,0
2017,Bewirtschaftete Schutzhütten,Übriges Ausland,10,20
2017,Bewirtschaftete Schutzhütten,übrige GUS,0,0
2017,Campingplatz,Arabische Länder Asiens,21,69
2017,Campingplatz,Australien,140,222
2017,Campingplatz,Baden Württemberg,25134,128909
2017,Campingplatz,Bayern,54542,244605
2017,Campingplatz,Belgien,4273,21148
2017,Campingplatz,Berlin,3587,15653
2017,Campingplatz,Brasilien,15,17
2017,Campingplatz,Bulgarien,95,289
2017,Campingplatz,Burgenland,1369,9876
2017,Campingplatz,China,16,32
2017,Campingplatz,Dänemark,5731,26186
2017,Campingplatz,Estland,77,145
2017,Campingplatz,Finnland,368,657
2017,Campingplatz,Frankreich,2291,5230
2017,Campingplatz,Griechenland,30,63
2017,Campingplatz,Indien,4,70
2017,Campingplatz,Irland  (Republik),122,396
2017,Campingplatz,Island,17,55
2017,Campingplatz,Israel,242,421
2017,Campingplatz,Italien,17678,52922
2017,Campingplatz,Japan,5,11
2017,Campingplatz,Kanada,61,142
2017,Campingplatz,Kroatien,223,495
2017,Campingplatz,Kärnten,7105,109409
2017,Campingplatz,Lettland,77,107
2017,Campingplatz,Litauen,167,271
2017,Campingplatz,Luxemburg,207,631
2017,Campingplatz,Malta,20,51
2017,Campingplatz,Mitteldeutschland,19547,100109
2017,Campingplatz,Neuseeland,76,125
2017,Campingplatz,Niederlande,62850,504429
2017,Campingplatz,Niederösterreich,16113,123325
2017,Campingplatz,Norddeutschland,22951,110475
2017,Campingplatz,Nordrhein-Westfalen,32280,192204
2017,Campingplatz,Norwegen,811,1347
2017,Campingplatz,Oberösterreich,12366,68398
2017,Campingplatz,Ostdeutschland,16331,73524
2017,Campingplatz,Polen,2649,7364
2017,Campingplatz,Portugal,73,195
2017,Campingplatz,Rumänien,343,968
2017,Campingplatz,Russland,194,476
2017,Campingplatz,Salzburg,11105,66668
2017,Campingplatz,Saudi-Arabien,16,40
2017,Campingplatz,Schweden,2204,3812
2017,Campingplatz,Schweiz und Liechtenstein,8316,33652
2017,Campingplatz,Slowakei,1072,2640
2017,Campingplatz,Slowenien,2807,6560
2017,Campingplatz,Spanien,393,1040
2017,Campingplatz,Steiermark,22257,278000
2017,Campingplatz,Südafrika,30,54
2017,Campingplatz,Südkorea,14,27
2017,Campingplatz,Südostasien,21,26
2017,Campingplatz,Taiwan,0,0
2017,Campingplatz,Tirol,5483,33317
2017,Campingplatz,Tschechische Republik,10574,29849
2017,Campingplatz,Türkei,23,63
2017,Campingplatz,USA,141,309
2017,Campingplatz,Ukraine,218,428
2017,Campingplatz,Ungarn,2550,8468
2017,Campingplatz,Vereinigte Arabische Emirate,1,1
2017,Campingplatz,Vereinigtes Königreich,2319,6876
2017,Campingplatz,Vorarlberg,1235,8793
2017,Campingplatz,Wien,9510,68859
2017,Campingplatz,Zentral- und Südamerika,47,181
2017,Campingplatz,Zypern,0,0
2017,Campingplatz,ehem. Jugoslawien,64,176
2017,Campingplatz,Übriges Afrika,31,95
2017,Campingplatz,Übriges Asien,7,13
2017,Campingplatz,Übriges Ausland,421,1512
2017,Campingplatz,übrige GUS,58,163
2017,Ferienwohnung,Arabische Länder Asiens,342,2241
2017,Ferienwohnung,Australien,283,1481
2017,Ferienwohnung,Baden Württemberg,16869,123750
2017,Ferienwohnung,Bayern,37571,223453
2017,Ferienwohnung,Belgien,3911,26977
2017,Ferienwohnung,Berlin,5638,46214
2017,Ferienwohnung,Brasilien,31,164
2017,Ferienwohnung,Bulgarien,476,2642
2017,Ferienwohnung,Burgenland,3674,16554
2017,Ferienwohnung,China,1002,1420
2017,Ferienwohnung,Dänemark,1758,9157
2017,Ferienwohnung,Estland,158,704
2017,Ferienwohnung,Finnland,309,1554
2017,Ferienwohnung,Frankreich,1390,8335
2017,Ferienwohnung,Griechenland,87,532
2017,Ferienwohnung,Indien,71,422
2017,Ferienwohnung,Irland  (Republik),238,1345
2017,Ferienwohnung,Island,23,108
2017,Ferienwohnung,Israel,1110,5509
2017,Ferienwohnung,Italien,18254,79724
2017,Ferienwohnung,Japan,54,162
2017,Ferienwohnung,Kanada,180,576
2017,Ferienwohnung,Kroatien,8266,37610
2017,Ferienwohnung,Kärnten,9816,42494
2017,Ferienwohnung,Lettland,113,413
2017,Ferienwohnung,Litauen,483,3003
2017,Ferienwohnung,Luxemburg,169,1066
2017,Ferienwohnung,Malta,43,155
2017,Ferienwohnung,Mitteldeutschland,15610,123337
2017,Ferienwohnung,Neuseeland,109,588
2017,Ferienwohnung,Niederlande,31634,238992
2017,Ferienwohnung,Niederösterreich,28622,152881
2017,Ferienwohnung,Norddeutschland,14621,126228
2017,Ferienwohnung,Nordrhein-Westfalen,23690,218525
2017,Ferienwohnung,Norwegen,180,684
2017,Ferienwohnung,Oberösterreich,16683,81833
2017,Ferienwohnung,Ostdeutschland,18980,147956
2017,Ferienwohnung,Polen,9409,51733
2017,Ferienwohnung,Portugal,130,887
2017,Ferienwohnung,Rumänien,2990,19359
2017,Ferienwohnung,Russland,2059,11577
2017,Ferienwohnung,Salzburg,7455,31537
2017,Ferienwohnung,Saudi-Arabien,377,1644
2017,Ferienwohnung,Schweden,803,3308
2017,Ferienwohnung,Schweiz und Liechtenstein,3287,19613
2017,Ferienwohnung,Slowakei,7047,33985
2017,Ferienwohnung,Slowenien,12234,54548
2017,Ferienwohnung,Spanien,484,2441
2017,Ferienwohnung,Steiermark,21784,93649
2017,Ferienwohnung,Südafrika,80,439
2017,Ferienwohnung,Südkorea,67,186
2017,Ferienwohnung,Südostasien,152,1263
2017,Ferienwohnung,Taiwan,20,52
2017,Ferienwohnung,Tirol,4920,24377
2017,Ferienwohnung,Tschechische Republik,30172,150095
2017,Ferienwohnung,Türkei,60,226
2017,Ferienwohnung,USA,665,2792
2017,Ferienwohnung,Ukraine,962,4914
2017,Ferienwohnung,Ungarn,25825,121397
2017,Ferienwohnung,Vereinigte Arabische Emirate,371,1951
2017,Ferienwohnung,Vereinigtes Königreich,2347,12141
2017,Ferienwohnung,Vorarlberg,1885,10555
2017,Ferienwohnung,Wien,34914,190226
2017,Ferienwohnung,Zentral- und Südamerika,151,690
2017,Ferienwohnung,Zypern,67,452
2017,Ferienwohnung,ehem. Jugoslawien,1962,11396
2017,Ferienwohnung,Übriges Afrika,145,852
2017,Ferienwohnung,Übriges Asien,47,174
2017,Ferienwohnung,Übriges Ausland,2612,12661
2017,Ferienwohnung,übrige GUS,150,659
2017,Hotel 1 oder 2*,Arabische Länder Asiens,55,99
2017,Hotel 1 oder 2*,Australien,208,330
2017,Hotel 1 oder 2*,Baden Württemberg,5720,19751
2017,Hotel 1 oder 2*,Bayern,13267,40471
2017,Hotel 1 oder 2*,Belgien,1013,3364
2017,Hotel 1 oder 2*,Berlin,1852,7406
2017,Hotel 1 oder 2*,Brasilien,45,83
2017,Hotel 1 oder 2*,Bulgarien,174,427
2017,Hotel 1 oder 2*,Burgenland,2550,7130
2017,Hotel 1 oder 2*,China,191,227
2017,Hotel 1 oder 2*,Dänemark,602,1307
2017,Hotel 1 oder 2*,Estland,56,134
2017,Hotel 1 oder 2*,Finnland,156,541
2017,Hotel 1 oder 2*,Frankreich,692,1226
2017,Hotel 1 oder 2*,Griechenland,76,136
2017,Hotel 1 oder 2*,Indien,33,174
2017,Hotel 1 oder 2*,Irland  (Republik),51,160
2017,Hotel 1 oder 2*,Island,10,14
2017,Hotel 1 oder 2*,Israel,149,296
2017,Hotel 1 oder 2*,Italien,9416,20407
2017,Hotel 1 oder 2*,Japan,13,27
2017,Hotel 1 oder 2*,Kanada,107,310
2017,Hotel 1 oder 2*,Kroatien,955,2272
2017,Hotel 1 oder 2*,Kärnten,11743,34664
2017,Hotel 1 oder 2*,Lettland,45,312
2017,Hotel 1 oder 2*,Litauen,124,265
2017,Hotel 1 oder 2*,Luxemburg,112,312
2017,Hotel 1 oder 2*,Malta,3,6
2017,Hotel 1 oder 2*,Mitteldeutschland,5688,21974
2017,Hotel 1 oder 2*,Neuseeland,16,20
2017,Hotel 1 oder 2*,Niederlande,5626,18245
2017,Hotel 1 oder 2*,Niederösterreich,17274,55076
2017,Hotel 1 oder 2*,Norddeutschland,4824,22762
2017,Hotel 1 oder 2*,Nordrhein-Westfalen,6874,34387
2017,Hotel 1 oder 2*,Norwegen,151,341
2017,Hotel 1 oder 2*,Oberösterreich,10109,29189
2017,Hotel 1 oder 2*,Ostdeutschland,6158,24176
2017,Hotel 1 oder 2*,Polen,2778,6063
2017,Hotel 1 oder 2*,Portugal,34,137
2017,Hotel 1 oder 2*,Rumänien,969,3162
2017,Hotel 1 oder 2*,Russland,586,1287
2017,Hotel 1 oder 2*,Salzburg,5958,16074
2017,Hotel 1 oder 2*,Saudi-Arabien,43,85
2017,Hotel 1 oder 2*,Schweden,447,781
2017,Hotel 1 oder 2*,Schweiz und Liechtenstein,2322,7079
2017,Hotel 1 oder 2*,Slowakei,1630,5247
2017,Hotel 1 oder 2*,Slowenien,2197,5291
2017,Hotel 1 oder 2*,Spanien,272,695
2017,Hotel 1 oder 2*,Steiermark,18804,48847
2017,Hotel 1 oder 2*,Südafrika,17,38
2017,Hotel 1 oder 2*,Südkorea,20,64
2017,Hotel 1 oder 2*,Südostasien,41,95
2017,Hotel 1 oder 2*,Taiwan,19,23
2017,Hotel 1 oder 2*,Tirol,4757,12674
2017,Hotel 1 oder 2*,Tschechische Republik,3727,10358
2017,Hotel 1 oder 2*,Türkei,59,174
2017,Hotel 1 oder 2*,USA,498,1248
2017,Hotel 1 oder 2*,Ukraine,233,566
2017,Hotel 1 oder 2*,Ungarn,8966,33526
2017,Hotel 1 oder 2*,Vereinigte Arabische Emirate,39,87
2017,Hotel 1 oder 2*,Vereinigtes Königreich,765,2477
2017,Hotel 1 oder 2*,Vorarlberg,2269,5866
2017,Hotel 1 oder 2*,Wien,17537,60022
2017,Hotel 1 oder 2*,Zentral- und Südamerika,59,123
2017,Hotel 1 oder 2*,Zypern,1,2
2017,Hotel 1 oder 2*,ehem. Jugoslawien,374,1159
2017,Hotel 1 oder 2*,Übriges Afrika,60,170
2017,Hotel 1 oder 2*,Übriges Asien,45,62
2017,Hotel 1 oder 2*,Übriges Ausland,456,1032
2017,Hotel 1 oder 2*,übrige GUS,97,360
2017,Hotel 3*,Arabische Länder Asiens,225,2093
2017,Hotel 3*,Australien,833,1511
2017,Hotel 3*,Baden Württemberg,26307,95852
2017,Hotel 3*,Bayern,62161,196921
2017,Hotel 3*,Belgien,7254,33493
2017,Hotel 3*,Berlin,8082,35479
2017,Hotel 3*,Brasilien,119,388
2017,Hotel 3*,Bulgarien,782,2449
2017,Hotel 3*,Burgenland,12768,34421
2017,Hotel 3*,China,12102,13492
2017,Hotel 3*,Dänemark,3732,10152
2017,Hotel 3*,Estland,337,456
2017,Hotel 3*,Finnland,719,1244
2017,Hotel 3*,Frankreich,3825,8703
2017,Hotel 3*,Griechenland,256,512
2017,Hotel 3*,Indien,192,948
2017,Hotel 3*,Irland  (Republik),288,725
2017,Hotel 3*,Island,49,65
2017,Hotel 3*,Israel,1198,4132
2017,Hotel 3*,Italien,49729,104209
2017,Hotel 3*,Japan,564,1218
2017,Hotel 3*,Kanada,511,1063
2017,Hotel 3*,Kroatien,7801,21216
2017,Hotel 3*,Kärnten,39488,89810
2017,Hotel 3*,Lettland,691,934
2017,Hotel 3*,Litauen,388,754
2017,Hotel 3*,Luxemburg,502,1426
2017,Hotel 3*,Malta,73,170
2017,Hotel 3*,Mitteldeutschland,25592,101874
2017,Hotel 3*,Neuseeland,119,203
2017,Hotel 3*,Niederlande,29590,116937
2017,Hotel 3*,Niederösterreich,70808,214743
2017,Hotel 3*,Norddeutschland,18749,86583
2017,Hotel 3*,Nordrhein-Westfalen,30017,148205
2017,Hotel 3*,Norwegen,795,1631
2017,Hotel 3*,Oberösterreich,49523,138836
2017,Hotel 3*,Ostdeutschland,31079,143299
2017,Hotel 3*,Polen,14598,51100
2017,Hotel 3*,Portugal,203,721
2017,Hotel 3*,Rumänien,4010,14091
2017,Hotel 3*,Russland,3452,7082
2017,Hotel 3*,Salzburg,21167,51105
2017,Hotel 3*,Saudi-Arabien,256,455
2017,Hotel 3*,Schweden,2343,4641
2017,Hotel 3*,Schweiz und Liechtenstein,10661,34318
2017,Hotel 3*,Slowakei,6702,20817
2017,Hotel 3*,Slowenien,7835,18236
2017,Hotel 3*,Spanien,1396,2888
2017,Hotel 3*,Steiermark,69270,160177
2017,Hotel 3*,Südafrika,118,322
2017,Hotel 3*,Südkorea,378,457
2017,Hotel 3*,Südostasien,702,1476
2017,Hotel 3*,Taiwan,255,506
2017,Hotel 3*,Tirol,19712,54044
2017,Hotel 3*,Tschechische Republik,20056,70457
2017,Hotel 3*,Türkei,360,972
2017,Hotel 3*,USA,2119,5241
2017,Hotel 3*,Ukraine,1427,2994
2017,Hotel 3*,Ungarn,24681,82535
2017,Hotel 3*,Vereinigte Arabische Emirate,167,363
2017,Hotel 3*,Vereinigtes Königreich,4358,13947
2017,Hotel 3*,Vorarlberg,6017,17163
2017,Hotel 3*,Wien,69008,211519
2017,Hotel 3*,Zentral- und Südamerika,397,963
2017,Hotel 3*,Zypern,26,74
2017,Hotel 3*,ehem. Jugoslawien,2243,6850
2017,Hotel 3*,Übriges Afrika,248,580
2017,Hotel 3*,Übriges Asien,151,207
2017,Hotel 3*,Übriges Ausland,4999,12297
2017,Hotel 3*,übrige GUS,557,1034
2017,Hotel 4*,Arabische Länder Asiens,691,1854
2017,Hotel 4*,Australien,823,1845
2017,Hotel 4*,Baden Württemberg,27782,128329
2017,Hotel 4*,Bayern,76216,297874
2017,Hotel 4*,Belgien,8883,53786
2017,Hotel 4*,Berlin,12150,62742
2017,Hotel 4*,Brasilien,171,577
2017,Hotel 4*,Bulgarien,659,2687
2017,Hotel 4*,Burgenland,15289,48274
2017,Hotel 4*,China,9936,11389
2017,Hotel 4*,Dänemark,2548,10002
2017,Hotel 4*,Estland,222,667
2017,Hotel 4*,Finnland,785,2192
2017,Hotel 4*,Frankreich,4586,10768
2017,Hotel 4*,Griechenland,280,691
2017,Hotel 4*,Indien,306,994
2017,Hotel 4*,Irland  (Republik),343,1213
2017,Hotel 4*,Island,95,256
2017,Hotel 4*,Israel,1031,3186
2017,Hotel 4*,Italien,55268,144580
2017,Hotel 4*,Japan,1059,1582
2017,Hotel 4*,Kanada,567,1168
2017,Hotel 4*,Kroatien,8957,30046
2017,Hotel 4*,Kärnten,49940,135848
2017,Hotel 4*,Lettland,220,508
2017,Hotel 4*,Litauen,218,689
2017,Hotel 4*,Luxemburg,729,3506
2017,Hotel 4*,Malta,117,486
2017,Hotel 4*,Mitteldeutschland,25568,133629
2017,Hotel 4*,Neuseeland,197,301
2017,Hotel 4*,Niederlande,13897,63009
2017,Hotel 4*,Niederösterreich,74326,254621
2017,Hotel 4*,Norddeutschland,20653,117341
2017,Hotel 4*,Nordrhein-Westfalen,27770,157344
2017,Hotel 4*,Norwegen,749,1539
2017,Hotel 4*,Oberösterreich,50598,158324
2017,Hotel 4*,Ostdeutschland,25641,126037
2017,Hotel 4*,Polen,9341,38621
2017,Hotel 4*,Portugal,253,668
2017,Hotel 4*,Rumänien,2333,7706
2017,Hotel 4*,Russland,2827,9265
2017,Hotel 4*,Salzburg,27173,76844
2017,Hotel 4*,Saudi-Arabien,243,480
2017,Hotel 4*,Schweden,1515,3718
2017,Hotel 4*,Schweiz und Liechtenstein,12360,42203
2017,Hotel 4*,Slowakei,6141,21667
2017,Hotel 4*,Slowenien,7608,20029
2017,Hotel 4*,Spanien,1347,3512
2017,Hotel 4*,Steiermark,79799,226573
2017,Hotel 4*,Südafrika,273,924
2017,Hotel 4*,Südkorea,762,842
2017,Hotel 4*,Südostasien,848,1691
2017,Hotel 4*,Taiwan,519,783
2017,Hotel 4*,Tirol,21847,66941
2017,Hotel 4*,Tschechische Republik,18090,68041
2017,Hotel 4*,Türkei,444,1142
2017,Hotel 4*,USA,4417,9885
2017,Hotel 4*,Ukraine,1097,3220
2017,Hotel 4*,Ungarn,18697,71871
2017,Hotel 4*,Vereinigte Arabische Emirate,206,440
2017,Hotel 4*,Vereinigtes Königreich,5958,21793
2017,Hotel 4*,Vorarlberg,6349,19333
2017,Hotel 4*,Wien,122699,418240
2017,Hotel 4*,Zentral- und Südamerika,452,1201
2017,Hotel 4*,Zypern,54,216
2017,Hotel 4*,ehem. Jugoslawien,3121,10425
2017,Hotel 4*,Übriges Afrika,601,2579
2017,Hotel 4*,Übriges Asien,292,599
2017,Hotel 4*,Übriges Ausland,4535,13940
2017,Hotel 4*,übrige GUS,307,1265
2017,Hotel 4* Superior,Arabische Länder Asiens,124,620
2017,Hotel 4* Superior,Australien,85,369
2017,Hotel 4* Superior,Baden Württemberg,4227,22095
2017,Hotel 4* Superior,Bayern,14960,63040
2017,Hotel 4* Superior,Belgien,485,2681
2017,Hotel 4* Superior,Berlin,2136,6398
2017,Hotel 4* Superior,Brasilien,29,92
2017,Hotel 4* Superior,Bulgarien,279,791
2017,Hotel 4* Superior,Burgenland,2395,6887
2017,Hotel 4* Superior,China,393,955
2017,Hotel 4* Superior,Dänemark,119,400
2017,Hotel 4* Superior,Estland,19,33
2017,Hotel 4* Superior,Finnland,97,317
2017,Hotel 4* Superior,Frankreich,557,2106
2017,Hotel 4* Superior,Griechenland,25,99
2017,Hotel 4* Superior,Indien,89,380
2017,Hotel 4* Superior,Irland  (Republik),71,470
2017,Hotel 4* Superior,Island,10,17
2017,Hotel 4* Superior,Israel,175,691
2017,Hotel 4* Superior,Italien,6108,17202
2017,Hotel 4* Superior,Japan,336,1188
2017,Hotel 4* Superior,Kanada,86,305
2017,Hotel 4* Superior,Kroatien,343,879
2017,Hotel 4* Superior,Kärnten,16220,35757
2017,Hotel 4* Superior,Lettland,11,70
2017,Hotel 4* Superior,Litauen,18,108
2017,Hotel 4* Superior,Luxemburg,108,538
2017,Hotel 4* Superior,Malta,36,88
2017,Hotel 4* Superior,Mitteldeutschland,4193,24277
2017,Hotel 4* Superior,Neuseeland,27,69
2017,Hotel 4* Superior,Niederlande,749,3226
2017,Hotel 4* Superior,Niederösterreich,12223,41609
2017,Hotel 4* Superior,Norddeutschland,2766,18253
2017,Hotel 4* Superior,Nordrhein-Westfalen,5208,33760
2017,Hotel 4* Superior,Norwegen,101,383
2017,Hotel 4* Superior,Oberösterreich,6614,20739
2017,Hotel 4* Superior,Ostdeutschland,2173,11994
2017,Hotel 4* Superior,Polen,441,1777
2017,Hotel 4* Superior,Portugal,42,204
2017,Hotel 4* Superior,Rumänien,279,898
2017,Hotel 4* Superior,Russland,491,2875
2017,Hotel 4* Superior,Salzburg,6058,15465
2017,Hotel 4* Superior,Saudi-Arabien,141,322
2017,Hotel 4* Superior,Schweden,220,1025
2017,Hotel 4* Superior,Schweiz und Liechtenstein,2560,10399
2017,Hotel 4* Superior,Slowakei,311,820
2017,Hotel 4* Superior,Slowenien,521,1243
2017,Hotel 4* Superior,Spanien,335,701
2017,Hotel 4* Superior,Steiermark,16171,39821
2017,Hotel 4* Superior,Südafrika,37,185
2017,Hotel 4* Superior,Südkorea,50,117
2017,Hotel 4* Superior,Südostasien,558,1786
2017,Hotel 4* Superior,Taiwan,44,148
2017,Hotel 4* Superior,Tirol,4641,12543
2017,Hotel 4* Superior,Tschechische Republik,694,2614
2017,Hotel 4* Superior,Türkei,86,257
2017,Hotel 4* Superior,USA,1162,4239
2017,Hotel 4* Superior,Ukraine,192,961
2017,Hotel 4* Superior,Ungarn,779,2598
2017,Hotel 4* Superior,Vereinigte Arabische Emirate,100,326
2017,Hotel 4* Superior,Vereinigtes Königreich,1519,9192
2017,Hotel 4* Superior,Vorarlberg,1282,3593
2017,Hotel 4* Superior,Wien,20045,65669
2017,Hotel 4* Superior,Zentral- und Südamerika,94,248
2017,Hotel 4* Superior,Zypern,10,73
2017,Hotel 4* Superior,ehem. Jugoslawien,185,767
2017,Hotel 4* Superior,Übriges Afrika,95,266
2017,Hotel 4* Superior,Übriges Asien,52,177
2017,Hotel 4* Superior,Übriges Ausland,558,1821
2017,Hotel 4* Superior,übrige GUS,48,125
2017,Hotel 5*,Arabische Länder Asiens,184,450
2017,Hotel 5*,Australien,62,111
2017,Hotel 5*,Baden Württemberg,592,2484
2017,Hotel 5*,Bayern,2541,8144
2017,Hotel 5*,Belgien,63,264
2017,Hotel 5*,Berlin,106,464
2017,Hotel 5*,Brasilien,10,22
2017,Hotel 5*,Bulgarien,30,102
2017,Hotel 5*,Burgenland,564,1778
2017,Hotel 5*,China,81,134
2017,Hotel 5*,Dänemark,38,165
2017,Hotel 5*,Estland,33,97
2017,Hotel 5*,Finnland,4,14
2017,Hotel 5*,Frankreich,125,358
2017,Hotel 5*,Griechenland,13,50
2017,Hotel 5*,Indien,2,9
2017,Hotel 5*,Irland  (Republik),25,114
2017,Hotel 5*,Island,0,0
2017,Hotel 5*,Israel,116,405
2017,Hotel 5*,Italien,4422,11940
2017,Hotel 5*,Japan,18,33
2017,Hotel 5*,Kanada,55,230
2017,Hotel 5*,Kroatien,338,994
2017,Hotel 5*,Kärnten,4902,10011
2017,Hotel 5*,Lettland,3,14
2017,Hotel 5*,Litauen,6,16
2017,Hotel 5*,Luxemburg,20,69
2017,Hotel 5*,Malta,2,14
2017,Hotel 5*,Mitteldeutschland,554,2598
2017,Hotel 5*,Neuseeland,0,0
2017,Hotel 5*,Niederlande,159,546
2017,Hotel 5*,Niederösterreich,2919,11093
2017,Hotel 5*,Norddeutschland,649,3212
2017,Hotel 5*,Nordrhein-Westfalen,851,4236
2017,Hotel 5*,Norwegen,12,35
2017,Hotel 5*,Oberösterreich,1490,4890
2017,Hotel 5*,Ostdeutschland,706,2223
2017,Hotel 5*,Polen,197,652
2017,Hotel 5*,Portugal,3,5
2017,Hotel 5*,Rumänien,88,579
2017,Hotel 5*,Russland,390,3970
2017,Hotel 5*,Salzburg,1680,5280
2017,Hotel 5*,Saudi-Arabien,49,94
2017,Hotel 5*,Schweden,244,373
2017,Hotel 5*,Schweiz und Liechtenstein,556,1931
2017,Hotel 5*,Slowakei,175,455
2017,Hotel 5*,Slowenien,465,1214
2017,Hotel 5*,Spanien,22,81
2017,Hotel 5*,Steiermark,4347,10418
2017,Hotel 5*,Südafrika,25,71
2017,Hotel 5*,Südkorea,5,10
2017,Hotel 5*,Südostasien,26,45
2017,Hotel 5*,Taiwan,3,5
2017,Hotel 5*,Tirol,1089,3181
2017,Hotel 5*,Tschechische Republik,424,1561
2017,Hotel 5*,Türkei,15,48
2017,Hotel 5*,USA,578,1391
2017,Hotel 5*,Ukraine,291,1225
2017,Hotel 5*,Ungarn,346,925
2017,Hotel 5*,Vereinigte Arabische Emirate,34,110
2017,Hotel 5*,Vereinigtes Königreich,748,2613
2017,Hotel 5*,Vorarlberg,196,460
2017,Hotel 5*,Wien,6614,21457
2017,Hotel 5*,Zentral- und Südamerika,15,45
2017,Hotel 5*,Zypern,4,12
2017,Hotel 5*,ehem. Jugoslawien,115,398
2017,Hotel 5*,Übriges Afrika,392,1801
2017,Hotel 5*,Übriges Asien,54,122
2017,Hotel 5*,Übriges Ausland,10,23
2017,Hotel 5*,übrige GUS,44,151
2017,Jugendherbergen u. -gästehäuser,Arabische Länder Asiens,3,13
2017,Jugendherbergen u. -gästehäuser,Australien,65,98
2017,Jugendherbergen u. -gästehäuser,Baden Württemberg,1370,2623
2017,Jugendherbergen u. -gästehäuser,Bayern,2466,5334
2017,Jugendherbergen u. -gästehäuser,Belgien,285,424
2017,Jugendherbergen u. -gästehäuser,Berlin,402,2108
2017,Jugendherbergen u. -gästehäuser,Brasilien,7,21
2017,Jugendherbergen u. -gästehäuser,Bulgarien,31,64
2017,Jugendherbergen u. -gästehäuser,Burgenland,665,1582
2017,Jugendherbergen u. -gästehäuser,China,38,75
2017,Jugendherbergen u. -gästehäuser,Dänemark,100,156
2017,Jugendherbergen u. -gästehäuser,Estland,283,434
2017,Jugendherbergen u. -gästehäuser,Finnland,43,63
2017,Jugendherbergen u. -gästehäuser,Frankreich,328,493
2017,Jugendherbergen u. -gästehäuser,Griechenland,26,56
2017,Jugendherbergen u. -gästehäuser,Indien,37,88
2017,Jugendherbergen u. -gästehäuser,Irland  (Republik),13,13
2017,Jugendherbergen u. -gästehäuser,Island,6,6
2017,Jugendherbergen u. -gästehäuser,Israel,50,72
2017,Jugendherbergen u. -gästehäuser,Italien,3453,5662
2017,Jugendherbergen u. -gästehäuser,Japan,20,54
2017,Jugendherbergen u. -gästehäuser,Kanada,61,158
2017,Jugendherbergen u. -gästehäuser,Kroatien,675,970
2017,Jugendherbergen u. -gästehäuser,Kärnten,6083,16686
2017,Jugendherbergen u. -gästehäuser,Lettland,106,109
2017,Jugendherbergen u. -gästehäuser,Litauen,86,98
2017,Jugendherbergen u. -gästehäuser,Luxemburg,27,28
2017,Jugendherbergen u. -gästehäuser,Malta,5,5
2017,Jugendherbergen u. -gästehäuser,Mitteldeutschland,2037,5534
2017,Jugendherbergen u. -gästehäuser,Neuseeland,11,26
2017,Jugendherbergen u. -gästehäuser,Niederlande,1457,2593
2017,Jugendherbergen u. -gästehäuser,Niederösterreich,3203,8688
2017,Jugendherbergen u. -gästehäuser,Norddeutschland,1767,8140
2017,Jugendherbergen u. -gästehäuser,Nordrhein-Westfalen,2298,10492
2017,Jugendherbergen u. -gästehäuser,Norwegen,23,29
2017,Jugendherbergen u. -gästehäuser,Oberösterreich,2348,5417
2017,Jugendherbergen u. -gästehäuser,Ostdeutschland,1507,3304
2017,Jugendherbergen u. -gästehäuser,Polen,1294,1806
2017,Jugendherbergen u. -gästehäuser,Portugal,21,46
2017,Jugendherbergen u. -gästehäuser,Rumänien,617,2970
2017,Jugendherbergen u. -gästehäuser,Russland,142,286
2017,Jugendherbergen u. -gästehäuser,Salzburg,1745,3838
2017,Jugendherbergen u. -gästehäuser,Saudi-Arabien,8,8
2017,Jugendherbergen u. -gästehäuser,Schweden,162,433
2017,Jugendherbergen u. -gästehäuser,Schweiz und Liechtenstein,382,666
2017,Jugendherbergen u. -gästehäuser,Slowakei,363,737
2017,Jugendherbergen u. -gästehäuser,Slowenien,1123,1946
2017,Jugendherbergen u. -gästehäuser,Spanien,278,989
2017,Jugendherbergen u. -gästehäuser,Steiermark,6079,13526
2017,Jugendherbergen u. -gästehäuser,Südafrika,92,182
2017,Jugendherbergen u. -gästehäuser,Südkorea,12,12
2017,Jugendherbergen u. -gästehäuser,Südostasien,36,57
2017,Jugendherbergen u. -gästehäuser,Taiwan,13,14
2017,Jugendherbergen u. -gästehäuser,Tirol,1551,2977
2017,Jugendherbergen u. -gästehäuser,Tschechische Republik,1052,1845
2017,Jugendherbergen u. -gästehäuser,Türkei,8,48
2017,Jugendherbergen u. -gästehäuser,USA,93,149
2017,Jugendherbergen u. -gästehäuser,Ukraine,247,417
2017,Jugendherbergen u. -gästehäuser,Ungarn,2130,7758
2017,Jugendherbergen u. -gästehäuser,Vereinigte Arabische Emirate,0,0
2017,Jugendherbergen u. -gästehäuser,Vereinigtes Königreich,319,1028
2017,Jugendherbergen u. -gästehäuser,Vorarlberg,649,1756
2017,Jugendherbergen u. -gästehäuser,Wien,8539,23637
2017,Jugendherbergen u. -gästehäuser,Zentral- und Südamerika,69,154
2017,Jugendherbergen u. -gästehäuser,Zypern,3,3
2017,Jugendherbergen u. -gästehäuser,ehem. Jugoslawien,117,216
2017,Jugendherbergen u. -gästehäuser,Übriges Afrika,11,43
2017,Jugendherbergen u. -gästehäuser,Übriges Asien,10,35
2017,Jugendherbergen u. -gästehäuser,Übriges Ausland,76,137
2017,Jugendherbergen u. -gästehäuser,übrige GUS,13,225
2017,Kinder- u. Jugenderholungsheime,Arabische Länder Asiens,0,0
2017,Kinder- u. Jugenderholungsheime,Australien,0,0
2017,Kinder- u. Jugenderholungsheime,Baden Württemberg,74,413
2017,Kinder- u. Jugenderholungsheime,Bayern,138,607
2017,Kinder- u. Jugenderholungsheime,Belgien,2216,10754
2017,Kinder- u. Jugenderholungsheime,Berlin,0,0
2017,Kinder- u. Jugenderholungsheime,Brasilien,0,0
2017,Kinder- u. Jugenderholungsheime,Bulgarien,0,0
2017,Kinder- u. Jugenderholungsheime,Burgenland,137,726
2017,Kinder- u. Jugenderholungsheime,China,0,0
2017,Kinder- u. Jugenderholungsheime,Dänemark,780,3348
2017,Kinder- u. Jugenderholungsheime,Estland,0,0
2017,Kinder- u. Jugenderholungsheime,Finnland,0,0
2017,Kinder- u. Jugenderholungsheime,Frankreich,28,196
2017,Kinder- u. Jugenderholungsheime,Griechenland,0,0
2017,Kinder- u. Jugenderholungsheime,Indien,3,3
2017,Kinder- u. Jugenderholungsheime,Irland  (Republik),0,0
2017,Kinder- u. Jugenderholungsheime,Island,0,0
2017,Kinder- u. Jugenderholungsheime,Israel,0,0
2017,Kinder- u. Jugenderholungsheime,Italien,108,355
2017,Kinder- u. Jugenderholungsheime,Japan,0,0
2017,Kinder- u. Jugenderholungsheime,Kanada,0,0
2017,Kinder- u. Jugenderholungsheime,Kroatien,128,600
2017,Kinder- u. Jugenderholungsheime,Kärnten,1500,5780
2017,Kinder- u. Jugenderholungsheime,Lettland,0,0
2017,Kinder- u. Jugenderholungsheime,Litauen,0,0
2017,Kinder- u. Jugenderholungsheime,Luxemburg,0,0
2017,Kinder- u. Jugenderholungsheime,Malta,0,0
2017,Kinder- u. Jugenderholungsheime,Mitteldeutschland,3,12
2017,Kinder- u. Jugenderholungsheime,Neuseeland,0,0
2017,Kinder- u. Jugenderholungsheime,Niederlande,73,146
2017,Kinder- u. Jugenderholungsheime,Niederösterreich,963,5007
2017,Kinder- u. Jugenderholungsheime,Norddeutschland,8,27
2017,Kinder- u. Jugenderholungsheime,Nordrhein-Westfalen,71,460
2017,Kinder- u. Jugenderholungsheime,Norwegen,0,0
2017,Kinder- u. Jugenderholungsheime,Oberösterreich,203,1161
2017,Kinder- u. Jugenderholungsheime,Ostdeutschland,304,624
2017,Kinder- u. Jugenderholungsheime,Polen,477,3243
2017,Kinder- u. Jugenderholungsheime,Portugal,0,0
2017,Kinder- u. Jugenderholungsheime,Rumänien,0,0
2017,Kinder- u. Jugenderholungsheime,Russland,0,0
2017,Kinder- u. Jugenderholungsheime,Salzburg,155,914
2017,Kinder- u. Jugenderholungsheime,Saudi-Arabien,0,0
2017,Kinder- u. Jugenderholungsheime,Schweden,6,11
2017,Kinder- u. Jugenderholungsheime,Schweiz und Liechtenstein,0,0
2017,Kinder- u. Jugenderholungsheime,Slowakei,41,201
2017,Kinder- u. Jugenderholungsheime,Slowenien,52,122
2017,Kinder- u. Jugenderholungsheime,Spanien,0,0
2017,Kinder- u. Jugenderholungsheime,Steiermark,2034,18029
2017,Kinder- u. Jugenderholungsheime,Südafrika,0,0
2017,Kinder- u. Jugenderholungsheime,Südkorea,0,0
2017,Kinder- u. Jugenderholungsheime,Südostasien,0,0
2017,Kinder- u. Jugenderholungsheime,Taiwan,0,0
2017,Kinder- u. Jugenderholungsheime,Tirol,195,1165
2017,Kinder- u. Jugenderholungsheime,Tschechische Republik,32,72
2017,Kinder- u. Jugenderholungsheime,Türkei,0,0
2017,Kinder- u. Jugenderholungsheime,USA,0,0
2017,Kinder- u. Jugenderholungsheime,Ukraine,0,0
2017,Kinder- u. Jugenderholungsheime,Ungarn,3,9
2017,Kinder- u. Jugenderholungsheime,Vereinigte Arabische Emirate,0,0
2017,Kinder- u. Jugenderholungsheime,Vereinigtes Königreich,716,4402
2017,Kinder- u. Jugenderholungsheime,Vorarlberg,0,0
2017,Kinder- u. Jugenderholungsheime,Wien,2418,14618
2017,Kinder- u. Jugenderholungsheime,Zentral- und Südamerika,0,0
2017,Kinder- u. Jugenderholungsheime,Zypern,0,0
2017,Kinder- u. Jugenderholungsheime,ehem. Jugoslawien,0,0
2017,Kinder- u. Jugenderholungsheime,Übriges Afrika,0,0
2017,Kinder- u. Jugenderholungsheime,Übriges Asien,0,0
2017,Kinder- u. Jugenderholungsheime,Übriges Ausland,0,0
2017,Kinder- u. Jugenderholungsheime,übrige GUS,0,0
2017,Kurheim der Sozialversich.träger,Arabische Länder Asiens,0,0
2017,Kurheim der Sozialversich.träger,Australien,0,0
2017,Kurheim der Sozialversich.träger,Baden Württemberg,6,159
2017,Kurheim der Sozialversich.träger,Bayern,182,379
2017,Kurheim der Sozialversich.träger,Belgien,1,21
2017,Kurheim der Sozialversich.träger,Berlin,0,0
2017,Kurheim der Sozialversich.träger,Brasilien,0,0
2017,Kurheim der Sozialversich.träger,Bulgarien,0,0
2017,Kurheim der Sozialversich.träger,Burgenland,405,7216
2017,Kurheim der Sozialversich.träger,China,0,0
2017,Kurheim der Sozialversich.träger,Dänemark,1,6
2017,Kurheim der Sozialversich.träger,Estland,0,0
2017,Kurheim der Sozialversich.träger,Finnland,0,0
2017,Kurheim der Sozialversich.träger,Frankreich,0,0
2017,Kurheim der Sozialversich.träger,Griechenland,0,0
2017,Kurheim der Sozialversich.träger,Indien,0,0
2017,Kurheim der Sozialversich.träger,Irland  (Republik),0,0
2017,Kurheim der Sozialversich.träger,Island,0,0
2017,Kurheim der Sozialversich.träger,Israel,0,0
2017,Kurheim der Sozialversich.träger,Italien,20,63
2017,Kurheim der Sozialversich.träger,Japan,0,0
2017,Kurheim der Sozialversich.träger,Kanada,0,0
2017,Kurheim der Sozialversich.träger,Kroatien,1,6
2017,Kurheim der Sozialversich.träger,Kärnten,4990,110367
2017,Kurheim der Sozialversich.träger,Lettland,0,0
2017,Kurheim der Sozialversich.träger,Litauen,0,0
2017,Kurheim der Sozialversich.träger,Luxemburg,0,0
2017,Kurheim der Sozialversich.träger,Malta,0,0
2017,Kurheim der Sozialversich.träger,Mitteldeutschland,6,39
2017,Kurheim der Sozialversich.träger,Neuseeland,0,0
2017,Kurheim der Sozialversich.träger,Niederlande,2,2
2017,Kurheim der Sozialversich.träger,Niederösterreich,1561,27536
2017,Kurheim der Sozialversich.träger,Norddeutschland,26,50
2017,Kurheim der Sozialversich.träger,Nordrhein-Westfalen,4,6
2017,Kurheim der Sozialversich.träger,Norwegen,2,2
2017,Kurheim der Sozialversich.träger,Oberösterreich,840,14131
2017,Kurheim der Sozialversich.träger,Ostdeutschland,3,29
2017,Kurheim der Sozialversich.träger,Polen,1,5
2017,Kurheim der Sozialversich.träger,Portugal,0,0
2017,Kurheim der Sozialversich.träger,Rumänien,4,12
2017,Kurheim der Sozialversich.träger,Russland,0,0
2017,Kurheim der Sozialversich.träger,Salzburg,924,14686
2017,Kurheim der Sozialversich.träger,Saudi-Arabien,0,0
2017,Kurheim der Sozialversich.träger,Schweden,0,0
2017,Kurheim der Sozialversich.träger,Schweiz und Liechtenstein,4,54
2017,Kurheim der Sozialversich.träger,Slowakei,4,66
2017,Kurheim der Sozialversich.träger,Slowenien,7,109
2017,Kurheim der Sozialversich.träger,Spanien,0,0
2017,Kurheim der Sozialversich.träger,Steiermark,2609,48275
2017,Kurheim der Sozialversich.träger,Südafrika,0,0
2017,Kurheim der Sozialversich.träger,Südkorea,0,0
2017,Kurheim der Sozialversich.träger,Südostasien,0,0
2017,Kurheim der Sozialversich.träger,Taiwan,0,0
2017,Kurheim der Sozialversich.träger,Tirol,844,15359
2017,Kurheim der Sozialversich.träger,Tschechische Republik,2,7
2017,Kurheim der Sozialversich.träger,Türkei,0,0
2017,Kurheim der Sozialversich.träger,USA,0,0
2017,Kurheim der Sozialversich.träger,Ukraine,0,0
2017,Kurheim der Sozialversich.träger,Ungarn,56,301
2017,Kurheim der Sozialversich.träger,Vereinigte Arabische Emirate,0,0
2017,Kurheim der Sozialversich.träger,Vereinigtes Königreich,0,0
2017,Kurheim der Sozialversich.träger,Vorarlberg,207,3730
2017,Kurheim der Sozialversich.träger,Wien,2105,38549
2017,Kurheim der Sozialversich.träger,Zentral- und Südamerika,0,0
2017,Kurheim der Sozialversich.träger,Zypern,0,0
2017,Kurheim der Sozialversich.träger,ehem. Jugoslawien,4,12
2017,Kurheim der Sozialversich.träger,Übriges Afrika,0,0
2017,Kurheim der Sozialversich.träger,Übriges Asien,0,0
2017,Kurheim der Sozialversich.träger,Übriges Ausland,16,18
2017,Kurheim der Sozialversich.träger,übrige GUS,0,5
2017,Private u. öffentl. Kurheime,Arabische Länder Asiens,25,248
2017,Private u. öffentl. Kurheime,Australien,14,211
2017,Private u. öffentl. Kurheime,Baden Württemberg,45,475
2017,Private u. öffentl. Kurheime,Bayern,103,864
2017,Private u. öffentl. Kurheime,Belgien,8,62
2017,Private u. öffentl. Kurheime,Berlin,12,128
2017,Private u. öffentl. Kurheime,Brasilien,3,18
2017,Private u. öffentl. Kurheime,Bulgarien,2,20
2017,Private u. öffentl. Kurheime,Burgenland,196,2672
2017,Private u. öffentl. Kurheime,China,5,65
2017,Private u. öffentl. Kurheime,Dänemark,4,61
2017,Private u. öffentl. Kurheime,Estland,0,0
2017,Private u. öffentl. Kurheime,Finnland,5,40
2017,Private u. öffentl. Kurheime,Frankreich,42,392
2017,Private u. öffentl. Kurheime,Griechenland,16,148
2017,Private u. öffentl. Kurheime,Indien,60,616
2017,Private u. öffentl. Kurheime,Irland  (Republik),11,108
2017,Private u. öffentl. Kurheime,Island,0,0
2017,Private u. öffentl. Kurheime,Israel,12,109
2017,Private u. öffentl. Kurheime,Italien,39,293
2017,Private u. öffentl. Kurheime,Japan,2,23
2017,Private u. öffentl. Kurheime,Kanada,8,60
2017,Private u. öffentl. Kurheime,Kroatien,1,21
2017,Private u. öffentl. Kurheime,Kärnten,725,9712
2017,Private u. öffentl. Kurheime,Lettland,1,13
2017,Private u. öffentl. Kurheime,Litauen,0,0
2017,Private u. öffentl. Kurheime,Luxemburg,0,0
2017,Private u. öffentl. Kurheime,Malta,0,0
2017,Private u. öffentl. Kurheime,Mitteldeutschland,48,515
2017,Private u. öffentl. Kurheime,Neuseeland,0,0
2017,Private u. öffentl. Kurheime,Niederlande,13,76
2017,Private u. öffentl. Kurheime,Niederösterreich,1699,23216
2017,Private u. öffentl. Kurheime,Norddeutschland,49,592
2017,Private u. öffentl. Kurheime,Nordrhein-Westfalen,51,569
2017,Private u. öffentl. Kurheime,Norwegen,6,45
2017,Private u. öffentl. Kurheime,Oberösterreich,755,8596
2017,Private u. öffentl. Kurheime,Ostdeutschland,24,231
2017,Private u. öffentl. Kurheime,Polen,14,132
2017,Private u. öffentl. Kurheime,Portugal,2,28
2017,Private u. öffentl. Kurheime,Rumänien,11,92
2017,Private u. öffentl. Kurheime,Russland,116,1090
2017,Private u. öffentl. Kurheime,Salzburg,463,6508
2017,Private u. öffentl. Kurheime,Saudi-Arabien,15,125
2017,Private u. öffentl. Kurheime,Schweden,14,151
2017,Private u. öffentl. Kurheime,Schweiz und Liechtenstein,86,698
2017,Private u. öffentl. Kurheime,Slowakei,7,89
2017,Private u. öffentl. Kurheime,Slowenien,15,136
2017,Private u. öffentl. Kurheime,Spanien,11,145
2017,Private u. öffentl. Kurheime,Steiermark,1434,15640
2017,Private u. öffentl. Kurheime,Südafrika,2,16
2017,Private u. öffentl. Kurheime,Südkorea,0,0
2017,Private u. öffentl. Kurheime,Südostasien,6,63
2017,Private u. öffentl. Kurheime,Taiwan,0,0
2017,Private u. öffentl. Kurheime,Tirol,620,7799
2017,Private u. öffentl. Kurheime,Tschechische Republik,13,124
2017,Private u. öffentl. Kurheime,Türkei,157,1180
2017,Private u. öffentl. Kurheime,USA,85,922
2017,Private u. öffentl. Kurheime,Ukraine,59,517
2017,Private u. öffentl. Kurheime,Ungarn,7,27
2017,Private u. öffentl. Kurheime,Vereinigte Arabische Emirate,43,429
2017,Private u. öffentl. Kurheime,Vereinigtes Königreich,419,3675
2017,Private u. öffentl. Kurheime,Vorarlberg,114,1603
2017,Private u. öffentl. Kurheime,Wien,1861,24636
2017,Private u. öffentl. Kurheime,Zentral- und Südamerika,1,12
2017,Private u. öffentl. Kurheime,Zypern,7,59
2017,Private u. öffentl. Kurheime,ehem. Jugoslawien,4,23
2017,Private u. öffentl. Kurheime,Übriges Afrika,24,236
2017,Private u. öffentl. Kurheime,Übriges Asien,1,6
2017,Private u. öffentl. Kurheime,Übriges Ausland,2,5
2017,Private u. öffentl. Kurheime,übrige GUS,13,121
2017,Sonstige Unterkunft,Arabische Länder Asiens,37,134
2017,Sonstige Unterkunft,Australien,126,357
2017,Sonstige Unterkunft,Baden Württemberg,3779,19167
2017,Sonstige Unterkunft,Bayern,9017,36707
2017,Sonstige Unterkunft,Belgien,645,2375
2017,Sonstige Unterkunft,Berlin,1226,7178
2017,Sonstige Unterkunft,Brasilien,18,46
2017,Sonstige Unterkunft,Bulgarien,309,2313
2017,Sonstige Unterkunft,Burgenland,1613,5941
2017,Sonstige Unterkunft,China,332,403
2017,Sonstige Unterkunft,Dänemark,469,1912
2017,Sonstige Unterkunft,Estland,37,287
2017,Sonstige Unterkunft,Finnland,63,100
2017,Sonstige Unterkunft,Frankreich,477,1336
2017,Sonstige Unterkunft,Griechenland,207,669
2017,Sonstige Unterkunft,Indien,110,380
2017,Sonstige Unterkunft,Irland  (Republik),31,110
2017,Sonstige Unterkunft,Island,0,0
2017,Sonstige Unterkunft,Israel,116,362
2017,Sonstige Unterkunft,Italien,5830,14631
2017,Sonstige Unterkunft,Japan,43,246
2017,Sonstige Unterkunft,Kanada,73,267
2017,Sonstige Unterkunft,Kroatien,1187,3510
2017,Sonstige Unterkunft,Kärnten,10454,38628
2017,Sonstige Unterkunft,Lettland,68,86
2017,Sonstige Unterkunft,Litauen,120,477
2017,Sonstige Unterkunft,Luxemburg,42,159
2017,Sonstige Unterkunft,Malta,6,8
2017,Sonstige Unterkunft,Mitteldeutschland,4339,23687
2017,Sonstige Unterkunft,Neuseeland,25,69
2017,Sonstige Unterkunft,Niederlande,3675,16201
2017,Sonstige Unterkunft,Niederösterreich,10343,41756
2017,Sonstige Unterkunft,Norddeutschland,3121,20333
2017,Sonstige Unterkunft,Nordrhein-Westfalen,4952,35211
2017,Sonstige Unterkunft,Norwegen,73,224
2017,Sonstige Unterkunft,Oberösterreich,7448,31289
2017,Sonstige Unterkunft,Ostdeutschland,3739,19236
2017,Sonstige Unterkunft,Polen,2093,9721
2017,Sonstige Unterkunft,Portugal,27,99
2017,Sonstige Unterkunft,Rumänien,475,2181
2017,Sonstige Unterkunft,Russland,371,1248
2017,Sonstige Unterkunft,Salzburg,4208,13143
2017,Sonstige Unterkunft,Saudi-Arabien,108,324
2017,Sonstige Unterkunft,Schweden,263,562
2017,Sonstige Unterkunft,Schweiz und Liechtenstein,917,3382
2017,Sonstige Unterkunft,Slowakei,903,3498
2017,Sonstige Unterkunft,Slowenien,2670,6886
2017,Sonstige Unterkunft,Spanien,225,754
2017,Sonstige Unterkunft,Steiermark,11139,37167
2017,Sonstige Unterkunft,Südafrika,46,71
2017,Sonstige Unterkunft,Südkorea,55,110
2017,Sonstige Unterkunft,Südostasien,101,294
2017,Sonstige Unterkunft,Taiwan,38,55
2017,Sonstige Unterkunft,Tirol,3503,11919
2017,Sonstige Unterkunft,Tschechische Republik,2504,8577
2017,Sonstige Unterkunft,Türkei,32,110
2017,Sonstige Unterkunft,USA,447,1816
2017,Sonstige Unterkunft,Ukraine,296,1250
2017,Sonstige Unterkunft,Ungarn,8781,41679
2017,Sonstige Unterkunft,Vereinigte Arabische Emirate,26,94
2017,Sonstige Unterkunft,Vereinigtes Königreich,725,3368
2017,Sonstige Unterkunft,Vorarlberg,772,2948
2017,Sonstige Unterkunft,Wien,12822,56715
2017,Sonstige Unterkunft,Zentral- und Südamerika,99,362
2017,Sonstige Unterkunft,Zypern,10,70
2017,Sonstige Unterkunft,ehem. Jugoslawien,425,1751
2017,Sonstige Unterkunft,Übriges Afrika,36,159
2017,Sonstige Unterkunft,Übriges Asien,34,168
2017,Sonstige Unterkunft,Übriges Ausland,140,690
2017,Sonstige Unterkunft,übrige GUS,31,79
2017,Unterkunft auf Bauernhof,Arabische Länder Asiens,4,4
2017,Unterkunft auf Bauernhof,Australien,46,126
2017,Unterkunft auf Bauernhof,Baden Württemberg,2778,22838
2017,Unterkunft auf Bauernhof,Bayern,6227,38298
2017,Unterkunft auf Bauernhof,Belgien,439,3440
2017,Unterkunft auf Bauernhof,Berlin,1081,9715
2017,Unterkunft auf Bauernhof,Brasilien,2,2
2017,Unterkunft auf Bauernhof,Bulgarien,60,390
2017,Unterkunft auf Bauernhof,Burgenland,590,2731
2017,Unterkunft auf Bauernhof,China,8,8
2017,Unterkunft auf Bauernhof,Dänemark,119,592
2017,Unterkunft auf Bauernhof,Estland,14,82
2017,Unterkunft auf Bauernhof,Finnland,33,87
2017,Unterkunft auf Bauernhof,Frankreich,178,850
2017,Unterkunft auf Bauernhof,Griechenland,4,26
2017,Unterkunft auf Bauernhof,Indien,10,87
2017,Unterkunft auf Bauernhof,Irland  (Republik),28,94
2017,Unterkunft auf Bauernhof,Island,7,84
2017,Unterkunft auf Bauernhof,Israel,67,312
2017,Unterkunft auf Bauernhof,Italien,2032,8513
2017,Unterkunft auf Bauernhof,Japan,3,15
2017,Unterkunft auf Bauernhof,Kanada,42,222
2017,Unterkunft auf Bauernhof,Kroatien,592,2477
2017,Unterkunft auf Bauernhof,Kärnten,1497,6252
2017,Unterkunft auf Bauernhof,Lettland,18,60
2017,Unterkunft auf Bauernhof,Litauen,33,179
2017,Unterkunft auf Bauernhof,Luxemburg,27,188
2017,Unterkunft auf Bauernhof,Malta,0,0
2017,Unterkunft auf Bauernhof,Mitteldeutschland,2712,22875
2017,Unterkunft auf Bauernhof,Neuseeland,2,6
2017,Unterkunft auf Bauernhof,Niederlande,2209,16673
2017,Unterkunft auf Bauernhof,Niederösterreich,3754,19730
2017,Unterkunft auf Bauernhof,Norddeutschland,2400,21414
2017,Unterkunft auf Bauernhof,Nordrhein-Westfalen,4026,37876
2017,Unterkunft auf Bauernhof,Norwegen,41,269
2017,Unterkunft auf Bauernhof,Oberösterreich,1977,9160
2017,Unterkunft auf Bauernhof,Ostdeutschland,3754,29610
2017,Unterkunft auf Bauernhof,Polen,882,6493
2017,Unterkunft auf Bauernhof,Portugal,5,14
2017,Unterkunft auf Bauernhof,Rumänien,318,2414
2017,Unterkunft auf Bauernhof,Russland,147,803
2017,Unterkunft auf Bauernhof,Salzburg,553,2217
2017,Unterkunft auf Bauernhof,Saudi-Arabien,25,62
2017,Unterkunft auf Bauernhof,Schweden,94,340
2017,Unterkunft auf Bauernhof,Schweiz und Liechtenstein,381,2338
2017,Unterkunft auf Bauernhof,Slowakei,747,5467
2017,Unterkunft auf Bauernhof,Slowenien,750,4367
2017,Unterkunft auf Bauernhof,Spanien,42,233
2017,Unterkunft auf Bauernhof,Steiermark,2219,13498
2017,Unterkunft auf Bauernhof,Südafrika,3,3
2017,Unterkunft auf Bauernhof,Südkorea,10,22
2017,Unterkunft auf Bauernhof,Südostasien,8,36
2017,Unterkunft auf Bauernhof,Taiwan,0,0
2017,Unterkunft auf Bauernhof,Tirol,528,2431
2017,Unterkunft auf Bauernhof,Tschechische Republik,2932,14220
2017,Unterkunft auf Bauernhof,Türkei,2,14
2017,Unterkunft auf Bauernhof,USA,83,361
2017,Unterkunft auf Bauernhof,Ukraine,63,333
2017,Unterkunft auf Bauernhof,Ungarn,2166,12373
2017,Unterkunft auf Bauernhof,Vereinigte Arabische Emirate,10,48
2017,Unterkunft auf Bauernhof,Vereinigtes Königreich,158,662
2017,Unterkunft auf Bauernhof,Vorarlberg,263,1413
2017,Unterkunft auf Bauernhof,Wien,4437,25758
2017,Unterkunft auf Bauernhof,Zentral- und Südamerika,24,231
2017,Unterkunft auf Bauernhof,Zypern,4,24
2017,Unterkunft auf Bauernhof,ehem. Jugoslawien,203,1637
2017,Unterkunft auf Bauernhof,Übriges Afrika,8,59
2017,Unterkunft auf Bauernhof,Übriges Asien,0,0
2017,Unterkunft auf Bauernhof,Übriges Ausland,47,358
2017,Unterkunft auf Bauernhof,übrige GUS,3,6
2018,Bewirtschaftete Schutzhütten,Arabische Länder Asiens,0,0
2018,Bewirtschaftete Schutzhütten,Australien,15,15
2018,Bewirtschaftete Schutzhütten,Baden Württemberg,1452,1669
2018,Bewirtschaftete Schutzhütten,Bayern,5155,6636
2018,Bewirtschaftete Schutzhütten,Belgien,85,119
2018,Bewirtschaftete Schutzhütten,Berlin,658,798
2018,Bewirtschaftete Schutzhütten,Brasilien,0,0
2018,Bewirtschaftete Schutzhütten,Bulgarien,0,0
2018,Bewirtschaftete Schutzhütten,Burgenland,227,549
2018,Bewirtschaftete Schutzhütten,China,0,0
2018,Bewirtschaftete Schutzhütten,Dänemark,30,34
2018,Bewirtschaftete Schutzhütten,Estland,7,7
2018,Bewirtschaftete Schutzhütten,Finnland,7,7
2018,Bewirtschaftete Schutzhütten,Frankreich,301,307
2018,Bewirtschaftete Schutzhütten,Griechenland,0,0
2018,Bewirtschaftete Schutzhütten,Indien,1,3
2018,Bewirtschaftete Schutzhütten,Irland  (Republik),2,2
2018,Bewirtschaftete Schutzhütten,Island,7,7
2018,Bewirtschaftete Schutzhütten,Israel,4,4
2018,Bewirtschaftete Schutzhütten,Italien,739,821
2018,Bewirtschaftete Schutzhütten,Japan,4,4
2018,Bewirtschaftete Schutzhütten,Kanada,6,6
2018,Bewirtschaftete Schutzhütten,Kroatien,68,85
2018,Bewirtschaftete Schutzhütten,Kärnten,3735,5911
2018,Bewirtschaftete Schutzhütten,Lettland,1,1
2018,Bewirtschaftete Schutzhütten,Litauen,2,2
2018,Bewirtschaftete Schutzhütten,Luxemburg,7,7
2018,Bewirtschaftete Schutzhütten,Malta,0,0
2018,Bewirtschaftete Schutzhütten,Mitteldeutschland,1154,1883
2018,Bewirtschaftete Schutzhütten,Neuseeland,2,2
2018,Bewirtschaftete Schutzhütten,Niederlande,2134,2257
2018,Bewirtschaftete Schutzhütten,Niederösterreich,1258,1618
2018,Bewirtschaftete Schutzhütten,Norddeutschland,473,791
2018,Bewirtschaftete Schutzhütten,Nordrhein-Westfalen,1178,2014
2018,Bewirtschaftete Schutzhütten,Norwegen,2,2
2018,Bewirtschaftete Schutzhütten,Oberösterreich,1055,1239
2018,Bewirtschaftete Schutzhütten,Ostdeutschland,1074,1253
2018,Bewirtschaftete Schutzhütten,Polen,472,472
2018,Bewirtschaftete Schutzhütten,Portugal,0,0
2018,Bewirtschaftete Schutzhütten,Rumänien,77,77
2018,Bewirtschaftete Schutzhütten,Russland,13,13
2018,Bewirtschaftete Schutzhütten,Salzburg,936,1066
2018,Bewirtschaftete Schutzhütten,Saudi-Arabien,0,0
2018,Bewirtschaftete Schutzhütten,Schweden,7,7
2018,Bewirtschaftete Schutzhütten,Schweiz und Liechtenstein,356,371
2018,Bewirtschaftete Schutzhütten,Slowakei,153,155
2018,Bewirtschaftete Schutzhütten,Slowenien,379,389
2018,Bewirtschaftete Schutzhütten,Spanien,2,2
2018,Bewirtschaftete Schutzhütten,Steiermark,1768,2160
2018,Bewirtschaftete Schutzhütten,Südafrika,0,0
2018,Bewirtschaftete Schutzhütten,Südkorea,0,0
2018,Bewirtschaftete Schutzhütten,Südostasien,4,4
2018,Bewirtschaftete Schutzhütten,Taiwan,0,0
2018,Bewirtschaftete Schutzhütten,Tirol,852,1052
2018,Bewirtschaftete Schutzhütten,Tschechische Republik,1210,1338
2018,Bewirtschaftete Schutzhütten,Türkei,0,0
2018,Bewirtschaftete Schutzhütten,USA,20,20
2018,Bewirtschaftete Schutzhütten,Ukraine,5,5
2018,Bewirtschaftete Schutzhütten,Ungarn,147,212
2018,Bewirtschaftete Schutzhütten,Vereinigte Arabische Emirate,0,0
2018,Bewirtschaftete Schutzhütten,Vereinigtes Königreich,105,111
2018,Bewirtschaftete Schutzhütten,Vorarlberg,195,200
2018,Bewirtschaftete Schutzhütten,Wien,1514,1899
2018,Bewirtschaftete Schutzhütten,Zentral- und Südamerika,0,0
2018,Bewirtschaftete Schutzhütten,Zypern,0,0
2018,Bewirtschaftete Schutzhütten,ehem. Jugoslawien,0,0
2018,Bewirtschaftete Schutzhütten,Übriges Afrika,0,0
2018,Bewirtschaftete Schutzhütten,Übriges Asien,0,0
2018,Bewirtschaftete Schutzhütten,Übriges Ausland,4,4
2018,Bewirtschaftete Schutzhütten,übrige GUS,0,0
2018,Campingplatz,Arabische Länder Asiens,9,21
2018,Campingplatz,Australien,175,295
2018,Campingplatz,Baden Württemberg,29577,144091
2018,Campingplatz,Bayern,61316,265349
2018,Campingplatz,Belgien,4613,24825
2018,Campingplatz,Berlin,3853,15890
2018,Campingplatz,Brasilien,11,13
2018,Campingplatz,Bulgarien,115,331
2018,Campingplatz,Burgenland,1489,9468
2018,Campingplatz,China,124,124
2018,Campingplatz,Dänemark,4790,21628
2018,Campingplatz,Estland,93,162
2018,Campingplatz,Finnland,355,999
2018,Campingplatz,Frankreich,2349,4748
2018,Campingplatz,Griechenland,38,124
2018,Campingplatz,Indien,6,8
2018,Campingplatz,Irland  (Republik),169,591
2018,Campingplatz,Island,56,115
2018,Campingplatz,Israel,202,377
2018,Campingplatz,Italien,16378,51053
2018,Campingplatz,Japan,7,11
2018,Campingplatz,Kanada,68,195
2018,Campingplatz,Kroatien,315,943
2018,Campingplatz,Kärnten,6674,115921
2018,Campingplatz,Lettland,109,207
2018,Campingplatz,Litauen,264,546
2018,Campingplatz,Luxemburg,249,939
2018,Campingplatz,Malta,27,55
2018,Campingplatz,Mitteldeutschland,20300,95893
2018,Campingplatz,Neuseeland,239,1710
2018,Campingplatz,Niederlande,61800,487947
2018,Campingplatz,Niederösterreich,16208,120977
2018,Campingplatz,Norddeutschland,22843,110599
2018,Campingplatz,Nordrhein-Westfalen,34022,194294
2018,Campingplatz,Norwegen,623,1031
2018,Campingplatz,Oberösterreich,12541,68317
2018,Campingplatz,Ostdeutschland,17555,74388
2018,Campingplatz,Polen,2990,7576
2018,Campingplatz,Portugal,38,59
2018,Campingplatz,Rumänien,401,1048
2018,Campingplatz,Russland,315,655
2018,Campingplatz,Salzburg,8905,62417
2018,Campingplatz,Saudi-Arabien,13,23
2018,Campingplatz,Schweden,1971,3326
2018,Campingplatz,Schweiz und Liechtenstein,8340,34244
2018,Campingplatz,Slowakei,1514,3814
2018,Campingplatz,Slowenien,3308,7847
2018,Campingplatz,Spanien,540,1686
2018,Campingplatz,Steiermark,24701,267364
2018,Campingplatz,Südafrika,4,4
2018,Campingplatz,Südkorea,13,21
2018,Campingplatz,Südostasien,12,21
2018,Campingplatz,Taiwan,3,6
2018,Campingplatz,Tirol,6140,34083
2018,Campingplatz,Tschechische Republik,11596,33136
2018,Campingplatz,Türkei,10,10
2018,Campingplatz,USA,159,444
2018,Campingplatz,Ukraine,255,504
2018,Campingplatz,Ungarn,2690,8288
2018,Campingplatz,Vereinigte Arabische Emirate,3,5
2018,Campingplatz,Vereinigtes Königreich,2020,5603
2018,Campingplatz,Vorarlberg,1387,9703
2018,Campingplatz,Wien,11916,71168
2018,Campingplatz,Zentral- und Südamerika,50,193
2018,Campingplatz,Zypern,12,34
2018,Campingplatz,ehem. Jugoslawien,78,270
2018,Campingplatz,Übriges Afrika,58,88
2018,Campingplatz,Übriges Asien,26,66
2018,Campingplatz,Übriges Ausland,1252,8303
2018,Campingplatz,übrige GUS,44,92
2018,Ferienwohnung,Arabische Länder Asiens,240,1128
2018,Ferienwohnung,Australien,285,1267
2018,Ferienwohnung,Baden Württemberg,17016,119558
2018,Ferienwohnung,Bayern,38460,221912
2018,Ferienwohnung,Belgien,4053,27335
2018,Ferienwohnung,Berlin,4741,38128
2018,Ferienwohnung,Brasilien,42,261
2018,Ferienwohnung,Bulgarien,506,2889
2018,Ferienwohnung,Burgenland,4117,17788
2018,Ferienwohnung,China,1013,1310
2018,Ferienwohnung,Dänemark,1425,7400
2018,Ferienwohnung,Estland,115,597
2018,Ferienwohnung,Finnland,321,1357
2018,Ferienwohnung,Frankreich,1421,6922
2018,Ferienwohnung,Griechenland,138,740
2018,Ferienwohnung,Indien,73,433
2018,Ferienwohnung,Irland  (Republik),160,990
2018,Ferienwohnung,Island,11,39
2018,Ferienwohnung,Israel,1501,7621
2018,Ferienwohnung,Italien,17408,77244
2018,Ferienwohnung,Japan,30,156
2018,Ferienwohnung,Kanada,210,835
2018,Ferienwohnung,Kroatien,8190,37454
2018,Ferienwohnung,Kärnten,10257,44727
2018,Ferienwohnung,Lettland,170,740
2018,Ferienwohnung,Litauen,443,1934
2018,Ferienwohnung,Luxemburg,192,1214
2018,Ferienwohnung,Malta,34,125
2018,Ferienwohnung,Mitteldeutschland,15679,118689
2018,Ferienwohnung,Neuseeland,170,820
2018,Ferienwohnung,Niederlande,31234,234753
2018,Ferienwohnung,Niederösterreich,29616,156810
2018,Ferienwohnung,Norddeutschland,13232,112526
2018,Ferienwohnung,Nordrhein-Westfalen,23097,211786
2018,Ferienwohnung,Norwegen,148,710
2018,Ferienwohnung,Oberösterreich,17750,84842
2018,Ferienwohnung,Ostdeutschland,18698,141797
2018,Ferienwohnung,Polen,10766,59034
2018,Ferienwohnung,Portugal,162,2396
2018,Ferienwohnung,Rumänien,2806,19232
2018,Ferienwohnung,Russland,2003,11474
2018,Ferienwohnung,Salzburg,6763,27856
2018,Ferienwohnung,Saudi-Arabien,463,1981
2018,Ferienwohnung,Schweden,732,3340
2018,Ferienwohnung,Schweiz und Liechtenstein,3306,19119
2018,Ferienwohnung,Slowakei,7564,37460
2018,Ferienwohnung,Slowenien,12674,55327
2018,Ferienwohnung,Spanien,483,2292
2018,Ferienwohnung,Steiermark,23318,97338
2018,Ferienwohnung,Südafrika,45,210
2018,Ferienwohnung,Südkorea,35,115
2018,Ferienwohnung,Südostasien,204,1686
2018,Ferienwohnung,Taiwan,30,148
2018,Ferienwohnung,Tirol,5501,26128
2018,Ferienwohnung,Tschechische Republik,30678,148441
2018,Ferienwohnung,Türkei,72,227
2018,Ferienwohnung,USA,899,4366
2018,Ferienwohnung,Ukraine,1054,4375
2018,Ferienwohnung,Ungarn,26119,121194
2018,Ferienwohnung,Vereinigte Arabische Emirate,217,1177
2018,Ferienwohnung,Vereinigtes Königreich,2605,12139
2018,Ferienwohnung,Vorarlberg,1742,9279
2018,Ferienwohnung,Wien,33833,183658
2018,Ferienwohnung,Zentral- und Südamerika,190,1328
2018,Ferienwohnung,Zypern,42,239
2018,Ferienwohnung,ehem. Jugoslawien,2193,12484
2018,Ferienwohnung,Übriges Afrika,125,612
2018,Ferienwohnung,Übriges Asien,64,264
2018,Ferienwohnung,Übriges Ausland,1503,7778
2018,Ferienwohnung,übrige GUS,204,749
2018,Hotel 1 oder 2*,Arabische Länder Asiens,44,101
2018,Hotel 1 oder 2*,Australien,201,292
2018,Hotel 1 oder 2*,Baden Württemberg,5822,19140
2018,Hotel 1 oder 2*,Bayern,14014,40155
2018,Hotel 1 oder 2*,Belgien,1302,4731
2018,Hotel 1 oder 2*,Berlin,1565,7051
2018,Hotel 1 oder 2*,Brasilien,40,79
2018,Hotel 1 oder 2*,Bulgarien,128,672
2018,Hotel 1 oder 2*,Burgenland,3106,7793
2018,Hotel 1 oder 2*,China,909,2175
2018,Hotel 1 oder 2*,Dänemark,598,1398
2018,Hotel 1 oder 2*,Estland,48,69
2018,Hotel 1 oder 2*,Finnland,167,400
2018,Hotel 1 oder 2*,Frankreich,747,1301
2018,Hotel 1 oder 2*,Griechenland,55,348
2018,Hotel 1 oder 2*,Indien,37,64
2018,Hotel 1 oder 2*,Irland  (Republik),48,260
2018,Hotel 1 oder 2*,Island,13,13
2018,Hotel 1 oder 2*,Israel,197,369
2018,Hotel 1 oder 2*,Italien,9707,21154
2018,Hotel 1 oder 2*,Japan,12,35
2018,Hotel 1 oder 2*,Kanada,124,188
2018,Hotel 1 oder 2*,Kroatien,1150,3272
2018,Hotel 1 oder 2*,Kärnten,10943,32016
2018,Hotel 1 oder 2*,Lettland,79,108
2018,Hotel 1 oder 2*,Litauen,167,220
2018,Hotel 1 oder 2*,Luxemburg,161,459
2018,Hotel 1 oder 2*,Malta,21,38
2018,Hotel 1 oder 2*,Mitteldeutschland,5591,22028
2018,Hotel 1 oder 2*,Neuseeland,29,57
2018,Hotel 1 oder 2*,Niederlande,7312,22638
2018,Hotel 1 oder 2*,Niederösterreich,17565,54626
2018,Hotel 1 oder 2*,Norddeutschland,4304,19655
2018,Hotel 1 oder 2*,Nordrhein-Westfalen,7499,35032
2018,Hotel 1 oder 2*,Norwegen,126,222
2018,Hotel 1 oder 2*,Oberösterreich,10378,29335
2018,Hotel 1 oder 2*,Ostdeutschland,6419,23999
2018,Hotel 1 oder 2*,Polen,3799,10614
2018,Hotel 1 oder 2*,Portugal,27,80
2018,Hotel 1 oder 2*,Rumänien,969,3133
2018,Hotel 1 oder 2*,Russland,656,1314
2018,Hotel 1 oder 2*,Salzburg,5594,13990
2018,Hotel 1 oder 2*,Saudi-Arabien,38,55
2018,Hotel 1 oder 2*,Schweden,402,696
2018,Hotel 1 oder 2*,Schweiz und Liechtenstein,2339,6677
2018,Hotel 1 oder 2*,Slowakei,1548,6095
2018,Hotel 1 oder 2*,Slowenien,2359,6320
2018,Hotel 1 oder 2*,Spanien,245,584
2018,Hotel 1 oder 2*,Steiermark,20302,49340
2018,Hotel 1 oder 2*,Südafrika,4,4
2018,Hotel 1 oder 2*,Südkorea,5,6
2018,Hotel 1 oder 2*,Südostasien,56,104
2018,Hotel 1 oder 2*,Taiwan,12,16
2018,Hotel 1 oder 2*,Tirol,4803,11986
2018,Hotel 1 oder 2*,Tschechische Republik,3884,10071
2018,Hotel 1 oder 2*,Türkei,96,226
2018,Hotel 1 oder 2*,USA,445,1065
2018,Hotel 1 oder 2*,Ukraine,269,405
2018,Hotel 1 oder 2*,Ungarn,9368,35707
2018,Hotel 1 oder 2*,Vereinigte Arabische Emirate,16,96
2018,Hotel 1 oder 2*,Vereinigtes Königreich,877,3088
2018,Hotel 1 oder 2*,Vorarlberg,2647,7160
2018,Hotel 1 oder 2*,Wien,16779,56033
2018,Hotel 1 oder 2*,Zentral- und Südamerika,82,163
2018,Hotel 1 oder 2*,Zypern,9,25
2018,Hotel 1 oder 2*,ehem. Jugoslawien,594,2214
2018,Hotel 1 oder 2*,Übriges Afrika,45,178
2018,Hotel 1 oder 2*,Übriges Asien,17,27
2018,Hotel 1 oder 2*,Übriges Ausland,357,695
2018,Hotel 1 oder 2*,übrige GUS,73,258
2018,Hotel 3*,Arabische Länder Asiens,201,1064
2018,Hotel 3*,Australien,824,1561
2018,Hotel 3*,Baden Württemberg,26714,96358
2018,Hotel 3*,Bayern,63069,197006
2018,Hotel 3*,Belgien,7204,29880
2018,Hotel 3*,Berlin,6472,28924
2018,Hotel 3*,Brasilien,234,450
2018,Hotel 3*,Bulgarien,710,1989
2018,Hotel 3*,Burgenland,12204,33297
2018,Hotel 3*,China,14971,15704
2018,Hotel 3*,Dänemark,3412,8562
2018,Hotel 3*,Estland,198,336
2018,Hotel 3*,Finnland,913,1751
2018,Hotel 3*,Frankreich,3964,8525
2018,Hotel 3*,Griechenland,234,449
2018,Hotel 3*,Indien,172,577
2018,Hotel 3*,Irland  (Republik),257,626
2018,Hotel 3*,Island,59,71
2018,Hotel 3*,Israel,949,2142
2018,Hotel 3*,Italien,45667,97653
2018,Hotel 3*,Japan,404,923
2018,Hotel 3*,Kanada,509,937
2018,Hotel 3*,Kroatien,7454,19340
2018,Hotel 3*,Kärnten,39223,87722
2018,Hotel 3*,Lettland,413,692
2018,Hotel 3*,Litauen,543,1437
2018,Hotel 3*,Luxemburg,404,1295
2018,Hotel 3*,Malta,89,247
2018,Hotel 3*,Mitteldeutschland,25185,96850
2018,Hotel 3*,Neuseeland,104,238
2018,Hotel 3*,Niederlande,27767,105364
2018,Hotel 3*,Niederösterreich,69458,209711
2018,Hotel 3*,Norddeutschland,18276,82830
2018,Hotel 3*,Nordrhein-Westfalen,30119,142784
2018,Hotel 3*,Norwegen,794,1478
2018,Hotel 3*,Oberösterreich,47753,130667
2018,Hotel 3*,Ostdeutschland,30216,134262
2018,Hotel 3*,Polen,14830,51386
2018,Hotel 3*,Portugal,179,380
2018,Hotel 3*,Rumänien,3849,13345
2018,Hotel 3*,Russland,3144,7481
2018,Hotel 3*,Salzburg,20913,51219
2018,Hotel 3*,Saudi-Arabien,250,499
2018,Hotel 3*,Schweden,2440,4541
2018,Hotel 3*,Schweiz und Liechtenstein,10858,34558
2018,Hotel 3*,Slowakei,6751,21495
2018,Hotel 3*,Slowenien,8873,19789
2018,Hotel 3*,Spanien,1240,2516
2018,Hotel 3*,Steiermark,70148,161839
2018,Hotel 3*,Südafrika,91,236
2018,Hotel 3*,Südkorea,326,670
2018,Hotel 3*,Südostasien,3008,3917
2018,Hotel 3*,Taiwan,178,393
2018,Hotel 3*,Tirol,21025,56503
2018,Hotel 3*,Tschechische Republik,21286,72187
2018,Hotel 3*,Türkei,302,770
2018,Hotel 3*,USA,2510,6312
2018,Hotel 3*,Ukraine,1540,3297
2018,Hotel 3*,Ungarn,25676,87551
2018,Hotel 3*,Vereinigte Arabische Emirate,196,397
2018,Hotel 3*,Vereinigtes Königreich,4612,16110
2018,Hotel 3*,Vorarlberg,6605,17665
2018,Hotel 3*,Wien,64435,195125
2018,Hotel 3*,Zentral- und Südamerika,412,1045
2018,Hotel 3*,Zypern,55,154
2018,Hotel 3*,ehem. Jugoslawien,2304,4952
2018,Hotel 3*,Übriges Afrika,249,684
2018,Hotel 3*,Übriges Asien,106,217
2018,Hotel 3*,Übriges Ausland,3889,10497
2018,Hotel 3*,übrige GUS,430,872
2018,Hotel 4*,Arabische Länder Asiens,470,1166
2018,Hotel 4*,Australien,746,1504
2018,Hotel 4*,Baden Württemberg,28676,127686
2018,Hotel 4*,Bayern,78514,301773
2018,Hotel 4*,Belgien,7932,47185
2018,Hotel 4*,Berlin,8608,49690
2018,Hotel 4*,Brasilien,206,583
2018,Hotel 4*,Bulgarien,697,2042
2018,Hotel 4*,Burgenland,16960,53360
2018,Hotel 4*,China,11476,12762
2018,Hotel 4*,Dänemark,2965,10714
2018,Hotel 4*,Estland,283,671
2018,Hotel 4*,Finnland,750,2180
2018,Hotel 4*,Frankreich,4055,10359
2018,Hotel 4*,Griechenland,705,1334
2018,Hotel 4*,Indien,288,806
2018,Hotel 4*,Irland  (Republik),592,2041
2018,Hotel 4*,Island,81,154
2018,Hotel 4*,Israel,1244,3732
2018,Hotel 4*,Italien,51502,130459
2018,Hotel 4*,Japan,691,988
2018,Hotel 4*,Kanada,644,1477
2018,Hotel 4*,Kroatien,9786,30740
2018,Hotel 4*,Kärnten,55349,149627
2018,Hotel 4*,Lettland,167,381
2018,Hotel 4*,Litauen,249,690
2018,Hotel 4*,Luxemburg,952,4220
2018,Hotel 4*,Malta,73,199
2018,Hotel 4*,Mitteldeutschland,26007,130678
2018,Hotel 4*,Neuseeland,212,301
2018,Hotel 4*,Niederlande,14460,63826
2018,Hotel 4*,Niederösterreich,75916,259335
2018,Hotel 4*,Norddeutschland,18977,103441
2018,Hotel 4*,Nordrhein-Westfalen,27965,151034
2018,Hotel 4*,Norwegen,940,2125
2018,Hotel 4*,Oberösterreich,52065,165736
2018,Hotel 4*,Ostdeutschland,24951,125716
2018,Hotel 4*,Polen,9664,37446
2018,Hotel 4*,Portugal,218,717
2018,Hotel 4*,Rumänien,2516,7495
2018,Hotel 4*,Russland,3646,9954
2018,Hotel 4*,Salzburg,28321,78379
2018,Hotel 4*,Saudi-Arabien,479,960
2018,Hotel 4*,Schweden,1472,3315
2018,Hotel 4*,Schweiz und Liechtenstein,13867,43965
2018,Hotel 4*,Slowakei,6540,22549
2018,Hotel 4*,Slowenien,7424,18290
2018,Hotel 4*,Spanien,1712,3595
2018,Hotel 4*,Steiermark,83563,233424
2018,Hotel 4*,Südafrika,177,666
2018,Hotel 4*,Südkorea,373,435
2018,Hotel 4*,Südostasien,1293,2590
2018,Hotel 4*,Taiwan,585,1517
2018,Hotel 4*,Tirol,23727,69242
2018,Hotel 4*,Tschechische Republik,18434,69853
2018,Hotel 4*,Türkei,384,824
2018,Hotel 4*,USA,4978,11481
2018,Hotel 4*,Ukraine,1373,4283
2018,Hotel 4*,Ungarn,18677,70789
2018,Hotel 4*,Vereinigte Arabische Emirate,204,604
2018,Hotel 4*,Vereinigtes Königreich,5597,19127
2018,Hotel 4*,Vorarlberg,6476,20210
2018,Hotel 4*,Wien,110057,399866
2018,Hotel 4*,Zentral- und Südamerika,643,1486
2018,Hotel 4*,Zypern,405,752
2018,Hotel 4*,ehem. Jugoslawien,3403,10047
2018,Hotel 4*,Übriges Afrika,517,1858
2018,Hotel 4*,Übriges Asien,355,516
2018,Hotel 4*,Übriges Ausland,5486,19980
2018,Hotel 4*,übrige GUS,226,626
2018,Hotel 4* Superior,Arabische Länder Asiens,130,634
2018,Hotel 4* Superior,Australien,76,336
2018,Hotel 4* Superior,Baden Württemberg,4562,23344
2018,Hotel 4* Superior,Bayern,16596,69383
2018,Hotel 4* Superior,Belgien,1036,6502
2018,Hotel 4* Superior,Berlin,759,3370
2018,Hotel 4* Superior,Brasilien,40,155
2018,Hotel 4* Superior,Bulgarien,101,540
2018,Hotel 4* Superior,Burgenland,3440,10466
2018,Hotel 4* Superior,China,767,1087
2018,Hotel 4* Superior,Dänemark,114,400
2018,Hotel 4* Superior,Estland,22,74
2018,Hotel 4* Superior,Finnland,82,292
2018,Hotel 4* Superior,Frankreich,642,2188
2018,Hotel 4* Superior,Griechenland,60,201
2018,Hotel 4* Superior,Indien,77,316
2018,Hotel 4* Superior,Irland  (Republik),55,323
2018,Hotel 4* Superior,Island,19,83
2018,Hotel 4* Superior,Israel,187,503
2018,Hotel 4* Superior,Italien,6560,17943
2018,Hotel 4* Superior,Japan,524,1252
2018,Hotel 4* Superior,Kanada,141,523
2018,Hotel 4* Superior,Kroatien,1106,4720
2018,Hotel 4* Superior,Kärnten,17434,37480
2018,Hotel 4* Superior,Lettland,14,59
2018,Hotel 4* Superior,Litauen,73,199
2018,Hotel 4* Superior,Luxemburg,225,1283
2018,Hotel 4* Superior,Malta,44,140
2018,Hotel 4* Superior,Mitteldeutschland,4769,27270
2018,Hotel 4* Superior,Neuseeland,31,133
2018,Hotel 4* Superior,Niederlande,1211,5838
2018,Hotel 4* Superior,Niederösterreich,13397,45627
2018,Hotel 4* Superior,Norddeutschland,3260,20364
2018,Hotel 4* Superior,Nordrhein-Westfalen,5487,33774
2018,Hotel 4* Superior,Norwegen,123,429
2018,Hotel 4* Superior,Oberösterreich,7223,21726
2018,Hotel 4* Superior,Ostdeutschland,2635,14968
2018,Hotel 4* Superior,Polen,1016,4500
2018,Hotel 4* Superior,Portugal,30,121
2018,Hotel 4* Superior,Rumänien,277,1033
2018,Hotel 4* Superior,Russland,527,2857
2018,Hotel 4* Superior,Salzburg,6131,16008
2018,Hotel 4* Superior,Saudi-Arabien,359,791
2018,Hotel 4* Superior,Schweden,233,1156
2018,Hotel 4* Superior,Schweiz und Liechtenstein,2501,10495
2018,Hotel 4* Superior,Slowakei,506,2250
2018,Hotel 4* Superior,Slowenien,701,1889
2018,Hotel 4* Superior,Spanien,267,635
2018,Hotel 4* Superior,Steiermark,18488,44667
2018,Hotel 4* Superior,Südafrika,22,86
2018,Hotel 4* Superior,Südkorea,28,96
2018,Hotel 4* Superior,Südostasien,424,1343
2018,Hotel 4* Superior,Taiwan,80,168
2018,Hotel 4* Superior,Tirol,4705,12306
2018,Hotel 4* Superior,Tschechische Republik,1293,5416
2018,Hotel 4* Superior,Türkei,62,119
2018,Hotel 4* Superior,USA,1449,4801
2018,Hotel 4* Superior,Ukraine,208,1168
2018,Hotel 4* Superior,Ungarn,1183,4311
2018,Hotel 4* Superior,Vereinigte Arabische Emirate,102,300
2018,Hotel 4* Superior,Vereinigtes Königreich,1914,11734
2018,Hotel 4* Superior,Vorarlberg,1447,3695
2018,Hotel 4* Superior,Wien,18890,63228
2018,Hotel 4* Superior,Zentral- und Südamerika,226,397
2018,Hotel 4* Superior,Zypern,9,50
2018,Hotel 4* Superior,ehem. Jugoslawien,270,1308
2018,Hotel 4* Superior,Übriges Afrika,121,396
2018,Hotel 4* Superior,Übriges Asien,30,72
2018,Hotel 4* Superior,Übriges Ausland,747,2539
2018,Hotel 4* Superior,übrige GUS,66,186
2018,Hotel 5*,Arabische Länder Asiens,154,363
2018,Hotel 5*,Australien,47,147
2018,Hotel 5*,Baden Württemberg,692,2931
2018,Hotel 5*,Bayern,2618,8282
2018,Hotel 5*,Belgien,149,688
2018,Hotel 5*,Berlin,74,360
2018,Hotel 5*,Brasilien,27,75
2018,Hotel 5*,Bulgarien,45,160
2018,Hotel 5*,Burgenland,622,1822
2018,Hotel 5*,China,113,145
2018,Hotel 5*,Dänemark,84,332
2018,Hotel 5*,Estland,14,61
2018,Hotel 5*,Finnland,16,43
2018,Hotel 5*,Frankreich,147,462
2018,Hotel 5*,Griechenland,18,49
2018,Hotel 5*,Indien,1,5
2018,Hotel 5*,Irland  (Republik),16,37
2018,Hotel 5*,Island,5,9
2018,Hotel 5*,Israel,116,381
2018,Hotel 5*,Italien,4352,11624
2018,Hotel 5*,Japan,34,80
2018,Hotel 5*,Kanada,28,126
2018,Hotel 5*,Kroatien,435,1325
2018,Hotel 5*,Kärnten,4564,9140
2018,Hotel 5*,Lettland,27,109
2018,Hotel 5*,Litauen,0,0
2018,Hotel 5*,Luxemburg,16,40
2018,Hotel 5*,Malta,3,7
2018,Hotel 5*,Mitteldeutschland,711,3589
2018,Hotel 5*,Neuseeland,7,16
2018,Hotel 5*,Niederlande,145,441
2018,Hotel 5*,Niederösterreich,3325,11215
2018,Hotel 5*,Norddeutschland,431,2242
2018,Hotel 5*,Nordrhein-Westfalen,844,4182
2018,Hotel 5*,Norwegen,13,47
2018,Hotel 5*,Oberösterreich,1829,5336
2018,Hotel 5*,Ostdeutschland,662,2585
2018,Hotel 5*,Polen,140,458
2018,Hotel 5*,Portugal,3,4
2018,Hotel 5*,Rumänien,134,488
2018,Hotel 5*,Russland,662,3206
2018,Hotel 5*,Salzburg,2009,5916
2018,Hotel 5*,Saudi-Arabien,19,47
2018,Hotel 5*,Schweden,20,80
2018,Hotel 5*,Schweiz und Liechtenstein,647,2179
2018,Hotel 5*,Slowakei,154,407
2018,Hotel 5*,Slowenien,424,1021
2018,Hotel 5*,Spanien,60,135
2018,Hotel 5*,Steiermark,4360,10621
2018,Hotel 5*,Südafrika,6,16
2018,Hotel 5*,Südkorea,5,26
2018,Hotel 5*,Südostasien,33,81
2018,Hotel 5*,Taiwan,36,67
2018,Hotel 5*,Tirol,1326,3330
2018,Hotel 5*,Tschechische Republik,395,1359
2018,Hotel 5*,Türkei,13,15
2018,Hotel 5*,USA,544,1384
2018,Hotel 5*,Ukraine,270,1017
2018,Hotel 5*,Ungarn,410,1252
2018,Hotel 5*,Vereinigte Arabische Emirate,12,33
2018,Hotel 5*,Vereinigtes Königreich,530,1956
2018,Hotel 5*,Vorarlberg,204,608
2018,Hotel 5*,Wien,5919,21078
2018,Hotel 5*,Zentral- und Südamerika,31,74
2018,Hotel 5*,Zypern,4,8
2018,Hotel 5*,ehem. Jugoslawien,167,629
2018,Hotel 5*,Übriges Afrika,547,2399
2018,Hotel 5*,Übriges Asien,34,73
2018,Hotel 5*,Übriges Ausland,4,5
2018,Hotel 5*,übrige GUS,95,246
2018,Jugendherbergen u. -gästehäuser,Arabische Länder Asiens,6,16
2018,Jugendherbergen u. -gästehäuser,Australien,32,89
2018,Jugendherbergen u. -gästehäuser,Baden Württemberg,1214,2202
2018,Jugendherbergen u. -gästehäuser,Bayern,2305,4907
2018,Jugendherbergen u. -gästehäuser,Belgien,368,1240
2018,Jugendherbergen u. -gästehäuser,Berlin,345,1445
2018,Jugendherbergen u. -gästehäuser,Brasilien,28,78
2018,Jugendherbergen u. -gästehäuser,Bulgarien,20,29
2018,Jugendherbergen u. -gästehäuser,Burgenland,871,3327
2018,Jugendherbergen u. -gästehäuser,China,59,64
2018,Jugendherbergen u. -gästehäuser,Dänemark,120,152
2018,Jugendherbergen u. -gästehäuser,Estland,15,15
2018,Jugendherbergen u. -gästehäuser,Finnland,50,65
2018,Jugendherbergen u. -gästehäuser,Frankreich,304,364
2018,Jugendherbergen u. -gästehäuser,Griechenland,18,18
2018,Jugendherbergen u. -gästehäuser,Indien,61,185
2018,Jugendherbergen u. -gästehäuser,Irland  (Republik),34,113
2018,Jugendherbergen u. -gästehäuser,Island,9,22
2018,Jugendherbergen u. -gästehäuser,Israel,19,36
2018,Jugendherbergen u. -gästehäuser,Italien,3490,6018
2018,Jugendherbergen u. -gästehäuser,Japan,34,58
2018,Jugendherbergen u. -gästehäuser,Kanada,56,117
2018,Jugendherbergen u. -gästehäuser,Kroatien,763,1249
2018,Jugendherbergen u. -gästehäuser,Kärnten,6235,17556
2018,Jugendherbergen u. -gästehäuser,Lettland,70,70
2018,Jugendherbergen u. -gästehäuser,Litauen,16,19
2018,Jugendherbergen u. -gästehäuser,Luxemburg,19,29
2018,Jugendherbergen u. -gästehäuser,Malta,5,5
2018,Jugendherbergen u. -gästehäuser,Mitteldeutschland,1930,5232
2018,Jugendherbergen u. -gästehäuser,Neuseeland,12,15
2018,Jugendherbergen u. -gästehäuser,Niederlande,1964,3958
2018,Jugendherbergen u. -gästehäuser,Niederösterreich,3312,8091
2018,Jugendherbergen u. -gästehäuser,Norddeutschland,1290,5047
2018,Jugendherbergen u. -gästehäuser,Nordrhein-Westfalen,2184,11243
2018,Jugendherbergen u. -gästehäuser,Norwegen,55,72
2018,Jugendherbergen u. -gästehäuser,Oberösterreich,2211,4743
2018,Jugendherbergen u. -gästehäuser,Ostdeutschland,2250,4674
2018,Jugendherbergen u. -gästehäuser,Polen,1651,2473
2018,Jugendherbergen u. -gästehäuser,Portugal,24,24
2018,Jugendherbergen u. -gästehäuser,Rumänien,922,3099
2018,Jugendherbergen u. -gästehäuser,Russland,180,270
2018,Jugendherbergen u. -gästehäuser,Salzburg,2048,5371
2018,Jugendherbergen u. -gästehäuser,Saudi-Arabien,0,0
2018,Jugendherbergen u. -gästehäuser,Schweden,119,138
2018,Jugendherbergen u. -gästehäuser,Schweiz und Liechtenstein,494,938
2018,Jugendherbergen u. -gästehäuser,Slowakei,421,792
2018,Jugendherbergen u. -gästehäuser,Slowenien,1362,2566
2018,Jugendherbergen u. -gästehäuser,Spanien,145,325
2018,Jugendherbergen u. -gästehäuser,Steiermark,5786,12512
2018,Jugendherbergen u. -gästehäuser,Südafrika,7,7
2018,Jugendherbergen u. -gästehäuser,Südkorea,22,72
2018,Jugendherbergen u. -gästehäuser,Südostasien,66,303
2018,Jugendherbergen u. -gästehäuser,Taiwan,56,57
2018,Jugendherbergen u. -gästehäuser,Tirol,1299,2433
2018,Jugendherbergen u. -gästehäuser,Tschechische Republik,1437,2693
2018,Jugendherbergen u. -gästehäuser,Türkei,8,11
2018,Jugendherbergen u. -gästehäuser,USA,273,543
2018,Jugendherbergen u. -gästehäuser,Ukraine,137,393
2018,Jugendherbergen u. -gästehäuser,Ungarn,2020,7320
2018,Jugendherbergen u. -gästehäuser,Vereinigte Arabische Emirate,8,13
2018,Jugendherbergen u. -gästehäuser,Vereinigtes Königreich,285,776
2018,Jugendherbergen u. -gästehäuser,Vorarlberg,468,1489
2018,Jugendherbergen u. -gästehäuser,Wien,8242,22913
2018,Jugendherbergen u. -gästehäuser,Zentral- und Südamerika,79,229
2018,Jugendherbergen u. -gästehäuser,Zypern,1,4
2018,Jugendherbergen u. -gästehäuser,ehem. Jugoslawien,136,241
2018,Jugendherbergen u. -gästehäuser,Übriges Afrika,4,16
2018,Jugendherbergen u. -gästehäuser,Übriges Asien,8,11
2018,Jugendherbergen u. -gästehäuser,Übriges Ausland,54,199
2018,Jugendherbergen u. -gästehäuser,übrige GUS,27,125
2018,Kinder- u. Jugenderholungsheime,Arabische Länder Asiens,0,0
2018,Kinder- u. Jugenderholungsheime,Australien,0,0
2018,Kinder- u. Jugenderholungsheime,Baden Württemberg,77,457
2018,Kinder- u. Jugenderholungsheime,Bayern,105,506
2018,Kinder- u. Jugenderholungsheime,Belgien,2888,13242
2018,Kinder- u. Jugenderholungsheime,Berlin,0,0
2018,Kinder- u. Jugenderholungsheime,Brasilien,0,0
2018,Kinder- u. Jugenderholungsheime,Bulgarien,0,0
2018,Kinder- u. Jugenderholungsheime,Burgenland,127,674
2018,Kinder- u. Jugenderholungsheime,China,0,0
2018,Kinder- u. Jugenderholungsheime,Dänemark,982,3878
2018,Kinder- u. Jugenderholungsheime,Estland,0,0
2018,Kinder- u. Jugenderholungsheime,Finnland,0,0
2018,Kinder- u. Jugenderholungsheime,Frankreich,0,0
2018,Kinder- u. Jugenderholungsheime,Griechenland,0,0
2018,Kinder- u. Jugenderholungsheime,Indien,0,0
2018,Kinder- u. Jugenderholungsheime,Irland  (Republik),0,0
2018,Kinder- u. Jugenderholungsheime,Island,0,0
2018,Kinder- u. Jugenderholungsheime,Israel,0,0
2018,Kinder- u. Jugenderholungsheime,Italien,78,234
2018,Kinder- u. Jugenderholungsheime,Japan,0,0
2018,Kinder- u. Jugenderholungsheime,Kanada,0,0
2018,Kinder- u. Jugenderholungsheime,Kroatien,188,796
2018,Kinder- u. Jugenderholungsheime,Kärnten,1353,6541
2018,Kinder- u. Jugenderholungsheime,Lettland,0,0
2018,Kinder- u. Jugenderholungsheime,Litauen,0,0
2018,Kinder- u. Jugenderholungsheime,Luxemburg,0,0
2018,Kinder- u. Jugenderholungsheime,Malta,0,0
2018,Kinder- u. Jugenderholungsheime,Mitteldeutschland,0,0
2018,Kinder- u. Jugenderholungsheime,Neuseeland,0,0
2018,Kinder- u. Jugenderholungsheime,Niederlande,0,0
2018,Kinder- u. Jugenderholungsheime,Niederösterreich,552,3095
2018,Kinder- u. Jugenderholungsheime,Norddeutschland,4,24
2018,Kinder- u. Jugenderholungsheime,Nordrhein-Westfalen,269,1534
2018,Kinder- u. Jugenderholungsheime,Norwegen,0,0
2018,Kinder- u. Jugenderholungsheime,Oberösterreich,397,948
2018,Kinder- u. Jugenderholungsheime,Ostdeutschland,370,1133
2018,Kinder- u. Jugenderholungsheime,Polen,481,3532
2018,Kinder- u. Jugenderholungsheime,Portugal,0,0
2018,Kinder- u. Jugenderholungsheime,Rumänien,0,0
2018,Kinder- u. Jugenderholungsheime,Russland,0,0
2018,Kinder- u. Jugenderholungsheime,Salzburg,158,1082
2018,Kinder- u. Jugenderholungsheime,Saudi-Arabien,0,0
2018,Kinder- u. Jugenderholungsheime,Schweden,0,0
2018,Kinder- u. Jugenderholungsheime,Schweiz und Liechtenstein,0,0
2018,Kinder- u. Jugenderholungsheime,Slowakei,0,0
2018,Kinder- u. Jugenderholungsheime,Slowenien,56,91
2018,Kinder- u. Jugenderholungsheime,Spanien,14,56
2018,Kinder- u. Jugenderholungsheime,Steiermark,1144,7015
2018,Kinder- u. Jugenderholungsheime,Südafrika,0,0
2018,Kinder- u. Jugenderholungsheime,Südkorea,0,0
2018,Kinder- u. Jugenderholungsheime,Südostasien,0,0
2018,Kinder- u. Jugenderholungsheime,Taiwan,0,0
2018,Kinder- u. Jugenderholungsheime,Tirol,266,1787
2018,Kinder- u. Jugenderholungsheime,Tschechische Republik,74,283
2018,Kinder- u. Jugenderholungsheime,Türkei,0,0
2018,Kinder- u. Jugenderholungsheime,USA,0,0
2018,Kinder- u. Jugenderholungsheime,Ukraine,0,0
2018,Kinder- u. Jugenderholungsheime,Ungarn,8,36
2018,Kinder- u. Jugenderholungsheime,Vereinigte Arabische Emirate,0,0
2018,Kinder- u. Jugenderholungsheime,Vereinigtes Königreich,902,5507
2018,Kinder- u. Jugenderholungsheime,Vorarlberg,0,0
2018,Kinder- u. Jugenderholungsheime,Wien,4138,23869
2018,Kinder- u. Jugenderholungsheime,Zentral- und Südamerika,38,266
2018,Kinder- u. Jugenderholungsheime,Zypern,0,0
2018,Kinder- u. Jugenderholungsheime,ehem. Jugoslawien,4,36
2018,Kinder- u. Jugenderholungsheime,Übriges Afrika,0,0
2018,Kinder- u. Jugenderholungsheime,Übriges Asien,17,68
2018,Kinder- u. Jugenderholungsheime,Übriges Ausland,0,0
2018,Kinder- u. Jugenderholungsheime,übrige GUS,0,0
2018,Kurheim der Sozialversich.träger,Arabische Länder Asiens,0,0
2018,Kurheim der Sozialversich.träger,Australien,0,0
2018,Kurheim der Sozialversich.träger,Baden Württemberg,24,168
2018,Kurheim der Sozialversich.träger,Bayern,21,128
2018,Kurheim der Sozialversich.träger,Belgien,0,0
2018,Kurheim der Sozialversich.träger,Berlin,1,1
2018,Kurheim der Sozialversich.träger,Brasilien,0,0
2018,Kurheim der Sozialversich.träger,Bulgarien,0,0
2018,Kurheim der Sozialversich.träger,Burgenland,364,6770
2018,Kurheim der Sozialversich.träger,China,0,0
2018,Kurheim der Sozialversich.träger,Dänemark,0,0
2018,Kurheim der Sozialversich.träger,Estland,0,0
2018,Kurheim der Sozialversich.träger,Finnland,1,20
2018,Kurheim der Sozialversich.träger,Frankreich,0,0
2018,Kurheim der Sozialversich.träger,Griechenland,0,0
2018,Kurheim der Sozialversich.träger,Indien,0,0
2018,Kurheim der Sozialversich.träger,Irland  (Republik),0,0
2018,Kurheim der Sozialversich.träger,Island,0,0
2018,Kurheim der Sozialversich.träger,Israel,0,0
2018,Kurheim der Sozialversich.träger,Italien,23,47
2018,Kurheim der Sozialversich.träger,Japan,0,0
2018,Kurheim der Sozialversich.träger,Kanada,0,0
2018,Kurheim der Sozialversich.träger,Kroatien,0,0
2018,Kurheim der Sozialversich.träger,Kärnten,6092,110546
2018,Kurheim der Sozialversich.träger,Lettland,0,0
2018,Kurheim der Sozialversich.träger,Litauen,0,0
2018,Kurheim der Sozialversich.träger,Luxemburg,0,0
2018,Kurheim der Sozialversich.träger,Malta,0,0
2018,Kurheim der Sozialversich.träger,Mitteldeutschland,35,35
2018,Kurheim der Sozialversich.träger,Neuseeland,0,0
2018,Kurheim der Sozialversich.träger,Niederlande,0,0
2018,Kurheim der Sozialversich.träger,Niederösterreich,1552,27273
2018,Kurheim der Sozialversich.träger,Norddeutschland,1,4
2018,Kurheim der Sozialversich.träger,Nordrhein-Westfalen,2,6
2018,Kurheim der Sozialversich.träger,Norwegen,0,0
2018,Kurheim der Sozialversich.träger,Oberösterreich,1221,20955
2018,Kurheim der Sozialversich.träger,Ostdeutschland,0,0
2018,Kurheim der Sozialversich.träger,Polen,0,0
2018,Kurheim der Sozialversich.träger,Portugal,0,0
2018,Kurheim der Sozialversich.träger,Rumänien,0,0
2018,Kurheim der Sozialversich.träger,Russland,0,0
2018,Kurheim der Sozialversich.träger,Salzburg,665,10858
2018,Kurheim der Sozialversich.träger,Saudi-Arabien,0,0
2018,Kurheim der Sozialversich.träger,Schweden,0,0
2018,Kurheim der Sozialversich.träger,Schweiz und Liechtenstein,2,23
2018,Kurheim der Sozialversich.träger,Slowakei,1,4
2018,Kurheim der Sozialversich.träger,Slowenien,10,192
2018,Kurheim der Sozialversich.träger,Spanien,0,0
2018,Kurheim der Sozialversich.träger,Steiermark,2834,52555
2018,Kurheim der Sozialversich.träger,Südafrika,0,0
2018,Kurheim der Sozialversich.träger,Südkorea,0,0
2018,Kurheim der Sozialversich.träger,Südostasien,0,0
2018,Kurheim der Sozialversich.träger,Taiwan,0,0
2018,Kurheim der Sozialversich.träger,Tirol,723,12951
2018,Kurheim der Sozialversich.träger,Tschechische Republik,1,4
2018,Kurheim der Sozialversich.träger,Türkei,0,0
2018,Kurheim der Sozialversich.träger,USA,0,0
2018,Kurheim der Sozialversich.träger,Ukraine,2,8
2018,Kurheim der Sozialversich.träger,Ungarn,28,136
2018,Kurheim der Sozialversich.träger,Vereinigte Arabische Emirate,0,0
2018,Kurheim der Sozialversich.träger,Vereinigtes Königreich,2,8
2018,Kurheim der Sozialversich.träger,Vorarlberg,174,2925
2018,Kurheim der Sozialversich.träger,Wien,1822,32490
2018,Kurheim der Sozialversich.träger,Zentral- und Südamerika,2,6
2018,Kurheim der Sozialversich.träger,Zypern,1,14
2018,Kurheim der Sozialversich.träger,ehem. Jugoslawien,0,0
2018,Kurheim der Sozialversich.träger,Übriges Afrika,0,0
2018,Kurheim der Sozialversich.träger,Übriges Asien,2,17
2018,Kurheim der Sozialversich.träger,Übriges Ausland,1,5
2018,Kurheim der Sozialversich.träger,übrige GUS,2,3
2018,Private u. öffentl. Kurheime,Arabische Länder Asiens,28,243
2018,Private u. öffentl. Kurheime,Australien,12,139
2018,Private u. öffentl. Kurheime,Baden Württemberg,42,349
2018,Private u. öffentl. Kurheime,Bayern,109,933
2018,Private u. öffentl. Kurheime,Belgien,10,81
2018,Private u. öffentl. Kurheime,Berlin,11,116
2018,Private u. öffentl. Kurheime,Brasilien,0,0
2018,Private u. öffentl. Kurheime,Bulgarien,8,62
2018,Private u. öffentl. Kurheime,Burgenland,253,3479
2018,Private u. öffentl. Kurheime,China,6,67
2018,Private u. öffentl. Kurheime,Dänemark,4,48
2018,Private u. öffentl. Kurheime,Estland,0,0
2018,Private u. öffentl. Kurheime,Finnland,4,31
2018,Private u. öffentl. Kurheime,Frankreich,41,352
2018,Private u. öffentl. Kurheime,Griechenland,11,158
2018,Private u. öffentl. Kurheime,Indien,64,590
2018,Private u. öffentl. Kurheime,Irland  (Republik),12,160
2018,Private u. öffentl. Kurheime,Island,0,0
2018,Private u. öffentl. Kurheime,Israel,7,45
2018,Private u. öffentl. Kurheime,Italien,64,423
2018,Private u. öffentl. Kurheime,Japan,1,10
2018,Private u. öffentl. Kurheime,Kanada,1,10
2018,Private u. öffentl. Kurheime,Kroatien,3,48
2018,Private u. öffentl. Kurheime,Kärnten,1367,20605
2018,Private u. öffentl. Kurheime,Lettland,2,24
2018,Private u. öffentl. Kurheime,Litauen,1,21
2018,Private u. öffentl. Kurheime,Luxemburg,0,0
2018,Private u. öffentl. Kurheime,Malta,4,63
2018,Private u. öffentl. Kurheime,Mitteldeutschland,48,466
2018,Private u. öffentl. Kurheime,Neuseeland,0,0
2018,Private u. öffentl. Kurheime,Niederlande,14,107
2018,Private u. öffentl. Kurheime,Niederösterreich,1816,23297
2018,Private u. öffentl. Kurheime,Norddeutschland,61,633
2018,Private u. öffentl. Kurheime,Nordrhein-Westfalen,53,584
2018,Private u. öffentl. Kurheime,Norwegen,4,43
2018,Private u. öffentl. Kurheime,Oberösterreich,1018,12744
2018,Private u. öffentl. Kurheime,Ostdeutschland,31,383
2018,Private u. öffentl. Kurheime,Polen,14,166
2018,Private u. öffentl. Kurheime,Portugal,2,23
2018,Private u. öffentl. Kurheime,Rumänien,8,76
2018,Private u. öffentl. Kurheime,Russland,133,1200
2018,Private u. öffentl. Kurheime,Salzburg,572,8297
2018,Private u. öffentl. Kurheime,Saudi-Arabien,12,115
2018,Private u. öffentl. Kurheime,Schweden,13,140
2018,Private u. öffentl. Kurheime,Schweiz und Liechtenstein,68,549
2018,Private u. öffentl. Kurheime,Slowakei,5,49
2018,Private u. öffentl. Kurheime,Slowenien,16,169
2018,Private u. öffentl. Kurheime,Spanien,6,57
2018,Private u. öffentl. Kurheime,Steiermark,1375,16842
2018,Private u. öffentl. Kurheime,Südafrika,0,0
2018,Private u. öffentl. Kurheime,Südkorea,0,0
2018,Private u. öffentl. Kurheime,Südostasien,7,57
2018,Private u. öffentl. Kurheime,Taiwan,0,0
2018,Private u. öffentl. Kurheime,Tirol,706,9259
2018,Private u. öffentl. Kurheime,Tschechische Republik,5,43
2018,Private u. öffentl. Kurheime,Türkei,113,862
2018,Private u. öffentl. Kurheime,USA,80,923
2018,Private u. öffentl. Kurheime,Ukraine,84,752
2018,Private u. öffentl. Kurheime,Ungarn,7,28
2018,Private u. öffentl. Kurheime,Vereinigte Arabische Emirate,55,572
2018,Private u. öffentl. Kurheime,Vereinigtes Königreich,393,3481
2018,Private u. öffentl. Kurheime,Vorarlberg,146,2176
2018,Private u. öffentl. Kurheime,Wien,1987,27042
2018,Private u. öffentl. Kurheime,Zentral- und Südamerika,2,17
2018,Private u. öffentl. Kurheime,Zypern,6,58
2018,Private u. öffentl. Kurheime,ehem. Jugoslawien,7,92
2018,Private u. öffentl. Kurheime,Übriges Afrika,9,93
2018,Private u. öffentl. Kurheime,Übriges Asien,2,14
2018,Private u. öffentl. Kurheime,Übriges Ausland,7,56
2018,Private u. öffentl. Kurheime,übrige GUS,23,198
2018,Sonstige Unterkunft,Arabische Länder Asiens,47,112
2018,Sonstige Unterkunft,Australien,138,403
2018,Sonstige Unterkunft,Baden Württemberg,4287,22212
2018,Sonstige Unterkunft,Bayern,9462,36983
2018,Sonstige Unterkunft,Belgien,735,3284
2018,Sonstige Unterkunft,Berlin,1213,6997
2018,Sonstige Unterkunft,Brasilien,68,331
2018,Sonstige Unterkunft,Bulgarien,145,1989
2018,Sonstige Unterkunft,Burgenland,1890,6427
2018,Sonstige Unterkunft,China,338,669
2018,Sonstige Unterkunft,Dänemark,373,1498
2018,Sonstige Unterkunft,Estland,35,75
2018,Sonstige Unterkunft,Finnland,92,193
2018,Sonstige Unterkunft,Frankreich,617,1525
2018,Sonstige Unterkunft,Griechenland,169,492
2018,Sonstige Unterkunft,Indien,28,105
2018,Sonstige Unterkunft,Irland  (Republik),29,77
2018,Sonstige Unterkunft,Island,2,2
2018,Sonstige Unterkunft,Israel,211,824
2018,Sonstige Unterkunft,Italien,5997,15891
2018,Sonstige Unterkunft,Japan,26,95
2018,Sonstige Unterkunft,Kanada,73,195
2018,Sonstige Unterkunft,Kroatien,920,2861
2018,Sonstige Unterkunft,Kärnten,11207,44088
2018,Sonstige Unterkunft,Lettland,152,190
2018,Sonstige Unterkunft,Litauen,58,139
2018,Sonstige Unterkunft,Luxemburg,52,195
2018,Sonstige Unterkunft,Malta,16,26
2018,Sonstige Unterkunft,Mitteldeutschland,5195,27730
2018,Sonstige Unterkunft,Neuseeland,44,158
2018,Sonstige Unterkunft,Niederlande,3240,15270
2018,Sonstige Unterkunft,Niederösterreich,10526,42177
2018,Sonstige Unterkunft,Norddeutschland,3239,20649
2018,Sonstige Unterkunft,Nordrhein-Westfalen,4877,31687
2018,Sonstige Unterkunft,Norwegen,69,170
2018,Sonstige Unterkunft,Oberösterreich,8548,36908
2018,Sonstige Unterkunft,Ostdeutschland,3798,20276
2018,Sonstige Unterkunft,Polen,2447,10650
2018,Sonstige Unterkunft,Portugal,44,272
2018,Sonstige Unterkunft,Rumänien,602,2894
2018,Sonstige Unterkunft,Russland,410,1487
2018,Sonstige Unterkunft,Salzburg,4925,17931
2018,Sonstige Unterkunft,Saudi-Arabien,52,97
2018,Sonstige Unterkunft,Schweden,229,597
2018,Sonstige Unterkunft,Schweiz und Liechtenstein,1115,3567
2018,Sonstige Unterkunft,Slowakei,922,4448
2018,Sonstige Unterkunft,Slowenien,2565,6382
2018,Sonstige Unterkunft,Spanien,284,717
2018,Sonstige Unterkunft,Steiermark,11829,38746
2018,Sonstige Unterkunft,Südafrika,21,73
2018,Sonstige Unterkunft,Südkorea,27,44
2018,Sonstige Unterkunft,Südostasien,72,353
2018,Sonstige Unterkunft,Taiwan,19,21
2018,Sonstige Unterkunft,Tirol,3415,13276
2018,Sonstige Unterkunft,Tschechische Republik,2583,8486
2018,Sonstige Unterkunft,Türkei,29,99
2018,Sonstige Unterkunft,USA,537,2384
2018,Sonstige Unterkunft,Ukraine,232,607
2018,Sonstige Unterkunft,Ungarn,9492,45235
2018,Sonstige Unterkunft,Vereinigte Arabische Emirate,29,93
2018,Sonstige Unterkunft,Vereinigtes Königreich,799,4096
2018,Sonstige Unterkunft,Vorarlberg,750,2551
2018,Sonstige Unterkunft,Wien,13342,62789
2018,Sonstige Unterkunft,Zentral- und Südamerika,87,230
2018,Sonstige Unterkunft,Zypern,7,29
2018,Sonstige Unterkunft,ehem. Jugoslawien,352,1544
2018,Sonstige Unterkunft,Übriges Afrika,21,133
2018,Sonstige Unterkunft,Übriges Asien,56,83
2018,Sonstige Unterkunft,Übriges Ausland,573,3267
2018,Sonstige Unterkunft,übrige GUS,40,92
2018,Unterkunft auf Bauernhof,Arabische Länder Asiens,11,75
2018,Unterkunft auf Bauernhof,Australien,53,161
2018,Unterkunft auf Bauernhof,Baden Württemberg,2935,22480
2018,Unterkunft auf Bauernhof,Bayern,6175,37048
2018,Unterkunft auf Bauernhof,Belgien,488,3600
2018,Unterkunft auf Bauernhof,Berlin,1076,10157
2018,Unterkunft auf Bauernhof,Brasilien,22,22
2018,Unterkunft auf Bauernhof,Bulgarien,67,358
2018,Unterkunft auf Bauernhof,Burgenland,580,2906
2018,Unterkunft auf Bauernhof,China,10,20
2018,Unterkunft auf Bauernhof,Dänemark,142,818
2018,Unterkunft auf Bauernhof,Estland,8,24
2018,Unterkunft auf Bauernhof,Finnland,31,150
2018,Unterkunft auf Bauernhof,Frankreich,180,930
2018,Unterkunft auf Bauernhof,Griechenland,10,60
2018,Unterkunft auf Bauernhof,Indien,6,8
2018,Unterkunft auf Bauernhof,Irland  (Republik),6,27
2018,Unterkunft auf Bauernhof,Island,5,95
2018,Unterkunft auf Bauernhof,Israel,151,677
2018,Unterkunft auf Bauernhof,Italien,1794,7641
2018,Unterkunft auf Bauernhof,Japan,0,0
2018,Unterkunft auf Bauernhof,Kanada,20,344
2018,Unterkunft auf Bauernhof,Kroatien,611,2488
2018,Unterkunft auf Bauernhof,Kärnten,1587,7137
2018,Unterkunft auf Bauernhof,Lettland,15,132
2018,Unterkunft auf Bauernhof,Litauen,61,598
2018,Unterkunft auf Bauernhof,Luxemburg,21,154
2018,Unterkunft auf Bauernhof,Malta,4,24
2018,Unterkunft auf Bauernhof,Mitteldeutschland,2470,20839
2018,Unterkunft auf Bauernhof,Neuseeland,12,80
2018,Unterkunft auf Bauernhof,Niederlande,2122,16189
2018,Unterkunft auf Bauernhof,Niederösterreich,3777,20066
2018,Unterkunft auf Bauernhof,Norddeutschland,2200,19344
2018,Unterkunft auf Bauernhof,Nordrhein-Westfalen,3828,36065
2018,Unterkunft auf Bauernhof,Norwegen,43,126
2018,Unterkunft auf Bauernhof,Oberösterreich,1966,9190
2018,Unterkunft auf Bauernhof,Ostdeutschland,4215,33623
2018,Unterkunft auf Bauernhof,Polen,1208,7598
2018,Unterkunft auf Bauernhof,Portugal,5,40
2018,Unterkunft auf Bauernhof,Rumänien,477,5688
2018,Unterkunft auf Bauernhof,Russland,151,610
2018,Unterkunft auf Bauernhof,Salzburg,584,2588
2018,Unterkunft auf Bauernhof,Saudi-Arabien,21,49
2018,Unterkunft auf Bauernhof,Schweden,122,562
2018,Unterkunft auf Bauernhof,Schweiz und Liechtenstein,408,2360
2018,Unterkunft auf Bauernhof,Slowakei,841,6407
2018,Unterkunft auf Bauernhof,Slowenien,837,3527
2018,Unterkunft auf Bauernhof,Spanien,51,222
2018,Unterkunft auf Bauernhof,Steiermark,2721,12347
2018,Unterkunft auf Bauernhof,Südafrika,14,62
2018,Unterkunft auf Bauernhof,Südkorea,12,12
2018,Unterkunft auf Bauernhof,Südostasien,7,33
2018,Unterkunft auf Bauernhof,Taiwan,7,21
2018,Unterkunft auf Bauernhof,Tirol,538,2522
2018,Unterkunft auf Bauernhof,Tschechische Republik,2825,13685
2018,Unterkunft auf Bauernhof,Türkei,2,2
2018,Unterkunft auf Bauernhof,USA,123,525
2018,Unterkunft auf Bauernhof,Ukraine,54,541
2018,Unterkunft auf Bauernhof,Ungarn,1908,11803
2018,Unterkunft auf Bauernhof,Vereinigte Arabische Emirate,29,106
2018,Unterkunft auf Bauernhof,Vereinigtes Königreich,161,726
2018,Unterkunft auf Bauernhof,Vorarlberg,173,1040
2018,Unterkunft auf Bauernhof,Wien,4099,24608
2018,Unterkunft auf Bauernhof,Zentral- und Südamerika,24,67
2018,Unterkunft auf Bauernhof,Zypern,0,0
2018,Unterkunft auf Bauernhof,ehem. Jugoslawien,232,3211
2018,Unterkunft auf Bauernhof,Übriges Afrika,7,61
2018,Unterkunft auf Bauernhof,Übriges Asien,5,22
2018,Unterkunft auf Bauernhof,Übriges Ausland,24,120
2018,Unterkunft auf Bauernhof,übrige GUS,18,288
2019,Bewirtschaftete Schutzhütten,Baden Württemberg,684,814
2019,Bewirtschaftete Schutzhütten,Bayern,4710,5302
2019,Bewirtschaftete Schutzhütten,Belgien,77,106
2019,Bewirtschaftete Schutzhütten,Berlin,650,965
2019,Bewirtschaftete Schutzhütten,Burgenland,180,297
2019,Bewirtschaftete Schutzhütten,Finnland,1,1
2019,Bewirtschaftete Schutzhütten,Frankreich,95,95
2019,Bewirtschaftete Schutzhütten,Griechenland,3,3
2019,Bewirtschaftete Schutzhütten,Indien,1,5
2019,Bewirtschaftete Schutzhütten,Israel,1,3
2019,Bewirtschaftete Schutzhütten,Italien,649,663
2019,Bewirtschaftete Schutzhütten,Kroatien,24,43
2019,Bewirtschaftete Schutzhütten,Kärnten,4464,5955
2019,Bewirtschaftete Schutzhütten,Luxemburg,1,1
2019,Bewirtschaftete Schutzhütten,Mitteldeutschland,473,700
2019,Bewirtschaftete Schutzhütten,Niederlande,541,567
2019,Bewirtschaftete Schutzhütten,Niederösterreich,1490,1778
2019,Bewirtschaftete Schutzhütten,Norddeutschland,254,413
2019,Bewirtschaftete Schutzhütten,Nordrhein-Westfalen,771,1283
2019,Bewirtschaftete Schutzhütten,Oberösterreich,1284,1519
2019,Bewirtschaftete Schutzhütten,Ostdeutschland,507,757
2019,Bewirtschaftete Schutzhütten,Polen,78,78
2019,Bewirtschaftete Schutzhütten,Rumänien,16,72
2019,Bewirtschaftete Schutzhütten,Salzburg,1305,1571
2019,Bewirtschaftete Schutzhütten,Schweiz und Liechtenstein,120,120
2019,Bewirtschaftete Schutzhütten,Slowakei,103,143
2019,Bewirtschaftete Schutzhütten,Slowenien,476,495
2019,Bewirtschaftete Schutzhütten,Spanien,10,46
2019,Bewirtschaftete Schutzhütten,Steiermark,1961,2388
2019,Bewirtschaftete Schutzhütten,Tirol,1095,1252
2019,Bewirtschaftete Schutzhütten,Tschechische Republik,918,995
2019,Bewirtschaftete Schutzhütten,Ungarn,24,24
2019,Bewirtschaftete Schutzhütten,Vereinigtes Königreich,12,27
2019,Bewirtschaftete Schutzhütten,Vorarlberg,252,267
2019,Bewirtschaftete Schutzhütten,Wien,1384,2302
2019,Bewirtschaftete Schutzhütten,Übriges Ausland,7,7
2019,Campingplatz,Australien,5,5
2019,Campingplatz,Baden Württemberg,18074,116534
2019,Campingplatz,Bayern,39063,209556
2019,Campingplatz,Belgien,2425,13413
2019,Campingplatz,Berlin,3110,14353
2019,Campingplatz,Brasilien,1,1
2019,Campingplatz,Bulgarien,27,51
2019,Campingplatz,Burgenland,2310,12792
2019,Campingplatz,Dänemark,1122,5873
2019,Campingplatz,Estland,55,63
2019,Campingplatz,Finnland,29,78
2019,Campingplatz,Frankreich,698,1199
2019,Campingplatz,Griechenland,8,35
2019,Campingplatz,Indien,5,13
2019,Campingplatz,Irland  (Republik),24,86
2019,Campingplatz,Italien,5979,20004
2019,Campingplatz,Kanada,4,14
2019,Campingplatz,Kroatien,216,718
2019,Campingplatz,Kärnten,10789,124990
2019,Campingplatz,Lettland,15,15
2019,Campingplatz,Litauen,55,126
2019,Campingplatz,Luxemburg,137,435
2019,Campingplatz,Malta,9,39
2019,Campingplatz,Mitteldeutschland,12981,79179
2019,Campingplatz,Neuseeland,5,6
2019,Campingplatz,Niederlande,33437,297291
2019,Campingplatz,Niederösterreich,25062,169887
2019,Campingplatz,Norddeutschland,14424,88015
2019,Campingplatz,Nordrhein-Westfalen,23673,160222
2019,Campingplatz,Norwegen,31,48
2019,Campingplatz,Oberösterreich,23187,126911
2019,Campingplatz,Ostdeutschland,14259,72876
2019,Campingplatz,Polen,1988,5681
2019,Campingplatz,Portugal,30,112
2019,Campingplatz,Rumänien,75,256
2019,Campingplatz,Russland,18,72
2019,Campingplatz,Salzburg,15789,94410
2019,Campingplatz,Saudi-Arabien,1,1
2019,Campingplatz,Schweden,82,174
2019,Campingplatz,Schweiz und Liechtenstein,5135,26240
2019,Campingplatz,Slowakei,693,1820
2019,Campingplatz,Slowenien,1765,4199
2019,Campingplatz,Spanien,108,532
2019,Campingplatz,Steiermark,36972,322718
2019,Campingplatz,Südafrika,2,2
2019,Campingplatz,Südkorea,2,6
2019,Campingplatz,Südostasien,9,24
2019,Campingplatz,Tirol,12642,66562
2019,Campingplatz,Tschechische Republik,8233,26953
2019,Campingplatz,USA,11,39
2019,Campingplatz,Ukraine,24,56
2019,Campingplatz,Ungarn,1358,4566
2019,Campingplatz,Vereinigte Arabische Emirate,3,3
2019,Campingplatz,Vereinigtes Königreich,231,627
2019,Campingplatz,Vorarlberg,3407,19968
2019,Campingplatz,Wien,17209,103131
2019,Campingplatz,Zentral- und Südamerika,32,123
2019,Campingplatz,ehem. Jugoslawien,7,13
2019,Campingplatz,Übriges Afrika,12,40
2019,Campingplatz,Übriges Asien,1,3
2019,Campingplatz,Übriges Ausland,400,1508
2019,Ferienwohnung,Arabische Länder Asiens,19,57
2019,Ferienwohnung,Australien,59,370
2019,Ferienwohnung,Baden Württemberg,14147,108944
2019,Ferienwohnung,Bayern,31013,192215
2019,Ferienwohnung,Belgien,2823,20330
2019,Ferienwohnung,Berlin,4843,39260
2019,Ferienwohnung,Brasilien,23,86
2019,Ferienwohnung,Bulgarien,393,2527
2019,Ferienwohnung,Burgenland,4860,22305
2019,Ferienwohnung,China,45,235
2019,Ferienwohnung,Dänemark,641,3933
2019,Ferienwohnung,Estland,102,555
2019,Ferienwohnung,Finnland,143,874
2019,Ferienwohnung,Frankreich,547,2910
2019,Ferienwohnung,Griechenland,82,461
2019,Ferienwohnung,Indien,50,752
2019,Ferienwohnung,Irland  (Republik),70,308
2019,Ferienwohnung,Island,2,8
2019,Ferienwohnung,Israel,36,144
2019,Ferienwohnung,Italien,9246,37974
2019,Ferienwohnung,Japan,2,4
2019,Ferienwohnung,Kanada,23,89
2019,Ferienwohnung,Kroatien,7768,35881
2019,Ferienwohnung,Kärnten,11390,51489
2019,Ferienwohnung,Lettland,102,600
2019,Ferienwohnung,Litauen,242,1549
2019,Ferienwohnung,Luxemburg,155,985
2019,Ferienwohnung,Malta,22,103
2019,Ferienwohnung,Mitteldeutschland,13771,109016
2019,Ferienwohnung,Neuseeland,35,268
2019,Ferienwohnung,Niederlande,27640,208849
2019,Ferienwohnung,Niederösterreich,37364,208687
2019,Ferienwohnung,Norddeutschland,11535,98877
2019,Ferienwohnung,Nordrhein-Westfalen,20553,189608
2019,Ferienwohnung,Norwegen,47,226
2019,Ferienwohnung,Oberösterreich,22385,115050
2019,Ferienwohnung,Ostdeutschland,16645,130735
2019,Ferienwohnung,Polen,9252,59814
2019,Ferienwohnung,Portugal,42,200
2019,Ferienwohnung,Rumänien,1935,14563
2019,Ferienwohnung,Russland,737,4768
2019,Ferienwohnung,Salzburg,8980,40315
2019,Ferienwohnung,Saudi-Arabien,12,105
2019,Ferienwohnung,Schweden,242,1714
2019,Ferienwohnung,Schweiz und Liechtenstein,2402,15916
2019,Ferienwohnung,Slowakei,6616,33375
2019,Ferienwohnung,Slowenien,12215,54776
2019,Ferienwohnung,Spanien,176,1049
2019,Ferienwohnung,Steiermark,28224,128240
2019,Ferienwohnung,Südafrika,49,222
2019,Ferienwohnung,Südkorea,3,5
2019,Ferienwohnung,Südostasien,58,204
2019,Ferienwohnung,Tirol,7737,41290
2019,Ferienwohnung,Tschechische Republik,25756,127574
2019,Ferienwohnung,Türkei,34,190
2019,Ferienwohnung,USA,270,1696
2019,Ferienwohnung,Ukraine,402,2321
2019,Ferienwohnung,Ungarn,19527,99230
2019,Ferienwohnung,Vereinigte Arabische Emirate,20,182
2019,Ferienwohnung,Vereinigtes Königreich,994,5958
2019,Ferienwohnung,Vorarlberg,2477,14219
2019,Ferienwohnung,Wien,44103,260206
2019,Ferienwohnung,Zentral- und Südamerika,69,393
2019,Ferienwohnung,Zypern,7,65
2019,Ferienwohnung,ehem. Jugoslawien,1913,13127
2019,Ferienwohnung,Übriges Afrika,109,533
2019,Ferienwohnung,Übriges Asien,61,271
2019,Ferienwohnung,Übriges Ausland,1807,9887
2019,Ferienwohnung,übrige GUS,59,254
2019,Hotel 1 oder 2*,Arabische Länder Asiens,7,13
2019,Hotel 1 oder 2*,Australien,26,39
2019,Hotel 1 oder 2*,Baden Württemberg,3494,13241
2019,Hotel 1 oder 2*,Bayern,8630,28281
2019,Hotel 1 oder 2*,Belgien,818,3421
2019,Hotel 1 oder 2*,Berlin,1141,5273
2019,Hotel 1 oder 2*,Brasilien,2,2
2019,Hotel 1 oder 2*,Bulgarien,89,478
2019,Hotel 1 oder 2*,Burgenland,2678,9745
2019,Hotel 1 oder 2*,China,183,224
2019,Hotel 1 oder 2*,Dänemark,140,455
2019,Hotel 1 oder 2*,Estland,24,31
2019,Hotel 1 oder 2*,Finnland,13,23
2019,Hotel 1 oder 2*,Frankreich,324,627
2019,Hotel 1 oder 2*,Griechenland,6,20
2019,Hotel 1 oder 2*,Indien,5,5
2019,Hotel 1 oder 2*,Irland  (Republik),7,19
2019,Hotel 1 oder 2*,Israel,12,24
2019,Hotel 1 oder 2*,Italien,4088,8632
2019,Hotel 1 oder 2*,Kanada,16,47
2019,Hotel 1 oder 2*,Kroatien,949,2924
2019,Hotel 1 oder 2*,Kärnten,7481,21357
2019,Hotel 1 oder 2*,Lettland,14,16
2019,Hotel 1 oder 2*,Litauen,30,113
2019,Hotel 1 oder 2*,Luxemburg,58,161
2019,Hotel 1 oder 2*,Malta,3,7
2019,Hotel 1 oder 2*,Mitteldeutschland,3347,14604
2019,Hotel 1 oder 2*,Neuseeland,5,5
2019,Hotel 1 oder 2*,Niederlande,4775,17580
2019,Hotel 1 oder 2*,Niederösterreich,15242,53543
2019,Hotel 1 oder 2*,Norddeutschland,2862,15018
2019,Hotel 1 oder 2*,Nordrhein-Westfalen,4802,24027
2019,Hotel 1 oder 2*,Norwegen,13,17
2019,Hotel 1 oder 2*,Oberösterreich,10090,32578
2019,Hotel 1 oder 2*,Ostdeutschland,4142,18149
2019,Hotel 1 oder 2*,Polen,1942,10141
2019,Hotel 1 oder 2*,Portugal,7,20
2019,Hotel 1 oder 2*,Rumänien,957,3600
2019,Hotel 1 oder 2*,Russland,106,348
2019,Hotel 1 oder 2*,Salzburg,5175,13384
2019,Hotel 1 oder 2*,Schweden,35,47
2019,Hotel 1 oder 2*,Schweiz und Liechtenstein,1182,3734
2019,Hotel 1 oder 2*,Slowakei,1026,4042
2019,Hotel 1 oder 2*,Slowenien,1883,7130
2019,Hotel 1 oder 2*,Spanien,71,184
2019,Hotel 1 oder 2*,Steiermark,17788,47797
2019,Hotel 1 oder 2*,Südafrika,5,45
2019,Hotel 1 oder 2*,Südkorea,19,19
2019,Hotel 1 oder 2*,Südostasien,4,5
2019,Hotel 1 oder 2*,Tirol,4471,12849
2019,Hotel 1 oder 2*,Tschechische Republik,2493,7538
2019,Hotel 1 oder 2*,Türkei,43,89
2019,Hotel 1 oder 2*,USA,44,99
2019,Hotel 1 oder 2*,Ukraine,52,111
2019,Hotel 1 oder 2*,Ungarn,4602,18674
2019,Hotel 1 oder 2*,Vereinigte Arabische Emirate,3,4
2019,Hotel 1 oder 2*,Vereinigtes Königreich,350,1612
2019,Hotel 1 oder 2*,Vorarlberg,1812,5309
2019,Hotel 1 oder 2*,Wien,15780,60814
2019,Hotel 1 oder 2*,Zentral- und Südamerika,10,26
2019,Hotel 1 oder 2*,Zypern,3,15
2019,Hotel 1 oder 2*,ehem. Jugoslawien,326,1558
2019,Hotel 1 oder 2*,Übriges Afrika,29,166
2019,Hotel 1 oder 2*,Übriges Asien,20,32
2019,Hotel 1 oder 2*,Übriges Ausland,216,555
2019,Hotel 1 oder 2*,übrige GUS,10,16
2019,Hotel 3*,Arabische Länder Asiens,16,90
2019,Hotel 3*,Australien,101,328
2019,Hotel 3*,Baden Württemberg,16382,70109
2019,Hotel 3*,Bayern,40676,146330
2019,Hotel 3*,Belgien,4009,18054
2019,Hotel 3*,Berlin,4202,19846
2019,Hotel 3*,Brasilien,31,78
2019,Hotel 3*,Bulgarien,452,1743
2019,Hotel 3*,Burgenland,11816,34982
2019,Hotel 3*,China,4454,4768
2019,Hotel 3*,Dänemark,761,2442
2019,Hotel 3*,Estland,127,321
2019,Hotel 3*,Finnland,99,246
2019,Hotel 3*,Frankreich,1499,3515
2019,Hotel 3*,Griechenland,92,240
2019,Hotel 3*,Indien,43,156
2019,Hotel 3*,Irland  (Republik),122,601
2019,Hotel 3*,Island,12,36
2019,Hotel 3*,Israel,86,331
2019,Hotel 3*,Italien,23612,48255
2019,Hotel 3*,Japan,70,417
2019,Hotel 3*,Kanada,63,178
2019,Hotel 3*,Kroatien,7440,21781
2019,Hotel 3*,Kärnten,31013,71427
2019,Hotel 3*,Lettland,158,309
2019,Hotel 3*,Litauen,219,975
2019,Hotel 3*,Luxemburg,249,1001
2019,Hotel 3*,Malta,91,196
2019,Hotel 3*,Mitteldeutschland,14955,66280
2019,Hotel 3*,Neuseeland,28,82
2019,Hotel 3*,Niederlande,17759,72370
2019,Hotel 3*,Niederösterreich,66308,226766
2019,Hotel 3*,Norddeutschland,12473,63609
2019,Hotel 3*,Nordrhein-Westfalen,20619,109582
2019,Hotel 3*,Norwegen,92,281
2019,Hotel 3*,Oberösterreich,46157,140520
2019,Hotel 3*,Ostdeutschland,19583,98253
2019,Hotel 3*,Polen,8358,37110
2019,Hotel 3*,Portugal,48,146
2019,Hotel 3*,Rumänien,2139,9104
2019,Hotel 3*,Russland,654,2409
2019,Hotel 3*,Salzburg,20741,55774
2019,Hotel 3*,Saudi-Arabien,2,2
2019,Hotel 3*,Schweden,341,1151
2019,Hotel 3*,Schweiz und Liechtenstein,5913,19007
2019,Hotel 3*,Slowakei,5699,19960
2019,Hotel 3*,Slowenien,7984,21031
2019,Hotel 3*,Spanien,340,951
2019,Hotel 3*,Steiermark,67506,168991
2019,Hotel 3*,Südafrika,24,61
2019,Hotel 3*,Südkorea,340,405
2019,Hotel 3*,Südostasien,82,472
2019,Hotel 3*,Taiwan,21,27
2019,Hotel 3*,Tirol,20615,62755
2019,Hotel 3*,Tschechische Republik,15534,58644
2019,Hotel 3*,Türkei,137,342
2019,Hotel 3*,USA,362,815
2019,Hotel 3*,Ukraine,359,1166
2019,Hotel 3*,Ungarn,17968,67229
2019,Hotel 3*,Vereinigte Arabische Emirate,32,102
2019,Hotel 3*,Vereinigtes Königreich,2175,10576
2019,Hotel 3*,Vorarlberg,5605,17804
2019,Hotel 3*,Wien,63475,225538
2019,Hotel 3*,Zentral- und Südamerika,85,243
2019,Hotel 3*,Zypern,16,49
2019,Hotel 3*,ehem. Jugoslawien,1633,6069
2019,Hotel 3*,Übriges Afrika,151,515
2019,Hotel 3*,Übriges Asien,29,41
2019,Hotel 3*,Übriges Ausland,3519,10970
2019,Hotel 3*,übrige GUS,114,346
2019,Hotel 4*,Arabische Länder Asiens,74,264
2019,Hotel 4*,Australien,164,446
2019,Hotel 4*,Baden Württemberg,18232,87236
2019,Hotel 4*,Bayern,49728,204582
2019,Hotel 4*,Belgien,4545,26415
2019,Hotel 4*,Berlin,3171,16257
2019,Hotel 4*,Brasilien,35,83
2019,Hotel 4*,Bulgarien,483,1852
2019,Hotel 4*,Burgenland,17392,56839
2019,Hotel 4*,China,904,1202
2019,Hotel 4*,Dänemark,1054,3911
2019,Hotel 4*,Estland,111,291
2019,Hotel 4*,Finnland,391,1182
2019,Hotel 4*,Frankreich,1782,5730
2019,Hotel 4*,Griechenland,312,751
2019,Hotel 4*,Indien,130,258
2019,Hotel 4*,Irland  (Republik),122,418
2019,Hotel 4*,Island,18,92
2019,Hotel 4*,Israel,192,611
2019,Hotel 4*,Italien,24761,57455
2019,Hotel 4*,Japan,114,379
2019,Hotel 4*,Kanada,122,275
2019,Hotel 4*,Kroatien,7670,23192
2019,Hotel 4*,Kärnten,51393,135645
2019,Hotel 4*,Lettland,80,331
2019,Hotel 4*,Litauen,128,386
2019,Hotel 4*,Luxemburg,520,2424
2019,Hotel 4*,Malta,57,171
2019,Hotel 4*,Mitteldeutschland,17420,93393
2019,Hotel 4*,Neuseeland,13,23
2019,Hotel 4*,Niederlande,10519,49091
2019,Hotel 4*,Niederösterreich,76777,285937
2019,Hotel 4*,Norddeutschland,13958,80816
2019,Hotel 4*,Nordrhein-Westfalen,21315,122485
2019,Hotel 4*,Norwegen,205,739
2019,Hotel 4*,Oberösterreich,52971,184949
2019,Hotel 4*,Ostdeutschland,18579,103923
2019,Hotel 4*,Polen,7511,33699
2019,Hotel 4*,Portugal,98,297
2019,Hotel 4*,Rumänien,1709,6232
2019,Hotel 4*,Russland,964,3700
2019,Hotel 4*,Salzburg,29162,88699
2019,Hotel 4*,Saudi-Arabien,17,39
2019,Hotel 4*,Schweden,570,1962
2019,Hotel 4*,Schweiz und Liechtenstein,7454,27390
2019,Hotel 4*,Slowakei,4354,17038
2019,Hotel 4*,Slowenien,5668,15439
2019,Hotel 4*,Spanien,646,1871
2019,Hotel 4*,Steiermark,88163,260136
2019,Hotel 4*,Südafrika,79,488
2019,Hotel 4*,Südkorea,43,173
2019,Hotel 4*,Südostasien,232,479
2019,Hotel 4*,Taiwan,39,229
2019,Hotel 4*,Tirol,23793,81042
2019,Hotel 4*,Tschechische Republik,13230,52470
2019,Hotel 4*,Türkei,146,446
2019,Hotel 4*,USA,988,2938
2019,Hotel 4*,Ukraine,471,1738
2019,Hotel 4*,Ungarn,11465,46403
2019,Hotel 4*,Vereinigte Arabische Emirate,83,240
2019,Hotel 4*,Vereinigtes Königreich,2128,9840
2019,Hotel 4*,Vorarlberg,6949,25806
2019,Hotel 4*,Wien,84761,348015
2019,Hotel 4*,Zentral- und Südamerika,176,683
2019,Hotel 4*,Zypern,27,71
2019,Hotel 4*,ehem. Jugoslawien,1848,6425
2019,Hotel 4*,Übriges Afrika,311,1325
2019,Hotel 4*,Übriges Asien,43,122
2019,Hotel 4*,Übriges Ausland,4764,19466
2019,Hotel 4*,übrige GUS,125,625
2019,Hotel 4* Superior,Arabische Länder Asiens,29,211
2019,Hotel 4* Superior,Australien,15,58
2019,Hotel 4* Superior,Baden Württemberg,3337,18306
2019,Hotel 4* Superior,Bayern,10232,45822
2019,Hotel 4* Superior,Belgien,690,4501
2019,Hotel 4* Superior,Berlin,563,2848
2019,Hotel 4* Superior,Brasilien,4,10
2019,Hotel 4* Superior,Bulgarien,109,663
2019,Hotel 4* Superior,Burgenland,2961,10354
2019,Hotel 4* Superior,China,96,374
2019,Hotel 4* Superior,Dänemark,85,338
2019,Hotel 4* Superior,Estland,7,27
2019,Hotel 4* Superior,Finnland,79,352
2019,Hotel 4* Superior,Frankreich,275,956
2019,Hotel 4* Superior,Griechenland,94,369
2019,Hotel 4* Superior,Indien,26,81
2019,Hotel 4* Superior,Irland  (Republik),41,290
2019,Hotel 4* Superior,Island,2,4
2019,Hotel 4* Superior,Israel,56,228
2019,Hotel 4* Superior,Italien,2933,8132
2019,Hotel 4* Superior,Japan,88,329
2019,Hotel 4* Superior,Kanada,40,225
2019,Hotel 4* Superior,Kroatien,1122,3804
2019,Hotel 4* Superior,Kärnten,16601,38527
2019,Hotel 4* Superior,Litauen,11,60
2019,Hotel 4* Superior,Luxemburg,128,657
2019,Hotel 4* Superior,Malta,2,4
2019,Hotel 4* Superior,Mitteldeutschland,3364,19434
2019,Hotel 4* Superior,Neuseeland,5,15
2019,Hotel 4* Superior,Niederlande,763,3706
2019,Hotel 4* Superior,Niederösterreich,13333,53563
2019,Hotel 4* Superior,Norddeutschland,2475,15838
2019,Hotel 4* Superior,Nordrhein-Westfalen,4215,27203
2019,Hotel 4* Superior,Norwegen,29,175
2019,Hotel 4* Superior,Oberösterreich,7748,29057
2019,Hotel 4* Superior,Ostdeutschland,2132,12461
2019,Hotel 4* Superior,Polen,535,2504
2019,Hotel 4* Superior,Portugal,9,48
2019,Hotel 4* Superior,Rumänien,99,521
2019,Hotel 4* Superior,Russland,103,543
2019,Hotel 4* Superior,Salzburg,6484,20656
2019,Hotel 4* Superior,Saudi-Arabien,11,31
2019,Hotel 4* Superior,Schweden,75,446
2019,Hotel 4* Superior,Schweiz und Liechtenstein,1421,6970
2019,Hotel 4* Superior,Slowakei,357,1565
2019,Hotel 4* Superior,Slowenien,432,1551
2019,Hotel 4* Superior,Spanien,42,199
2019,Hotel 4* Superior,Steiermark,15682,47484
2019,Hotel 4* Superior,Südafrika,20,130
2019,Hotel 4* Superior,Südkorea,1,2
2019,Hotel 4* Superior,Südostasien,104,208
2019,Hotel 4* Superior,Taiwan,46,104
2019,Hotel 4* Superior,Tirol,5091,17086
2019,Hotel 4* Superior,Tschechische Republik,1052,4865
2019,Hotel 4* Superior,Türkei,17,79
2019,Hotel 4* Superior,USA,347,1349
2019,Hotel 4* Superior,Ukraine,86,556
2019,Hotel 4* Superior,Ungarn,614,2502
2019,Hotel 4* Superior,Vereinigte Arabische Emirate,22,138
2019,Hotel 4* Superior,Vereinigtes Königreich,898,5685
2019,Hotel 4* Superior,Vorarlberg,1185,4355
2019,Hotel 4* Superior,Wien,18471,75412
2019,Hotel 4* Superior,Zentral- und Südamerika,83,210
2019,Hotel 4* Superior,Zypern,8,42
2019,Hotel 4* Superior,ehem. Jugoslawien,142,769
2019,Hotel 4* Superior,Übriges Afrika,60,280
2019,Hotel 4* Superior,Übriges Asien,8,16
2019,Hotel 4* Superior,Übriges Ausland,757,2378
2019,Hotel 4* Superior,übrige GUS,10,35
2019,Hotel 5*,Arabische Länder Asiens,29,82
2019,Hotel 5*,Australien,5,21
2019,Hotel 5*,Baden Württemberg,497,2228
2019,Hotel 5*,Bayern,2168,7895
2019,Hotel 5*,Belgien,102,523
2019,Hotel 5*,Berlin,67,361
2019,Hotel 5*,Brasilien,4,7
2019,Hotel 5*,Bulgarien,14,22
2019,Hotel 5*,Burgenland,569,1969
2019,Hotel 5*,China,4,9
2019,Hotel 5*,Dänemark,35,222
2019,Hotel 5*,Estland,4,13
2019,Hotel 5*,Finnland,67,263
2019,Hotel 5*,Frankreich,160,660
2019,Hotel 5*,Griechenland,11,50
2019,Hotel 5*,Indien,21,108
2019,Hotel 5*,Irland  (Republik),8,73
2019,Hotel 5*,Island,3,4
2019,Hotel 5*,Israel,117,417
2019,Hotel 5*,Italien,2547,7002
2019,Hotel 5*,Japan,12,40
2019,Hotel 5*,Kanada,11,21
2019,Hotel 5*,Kroatien,273,754
2019,Hotel 5*,Kärnten,4401,10390
2019,Hotel 5*,Litauen,1,7
2019,Hotel 5*,Luxemburg,33,95
2019,Hotel 5*,Malta,12,44
2019,Hotel 5*,Mitteldeutschland,496,2540
2019,Hotel 5*,Neuseeland,4,4
2019,Hotel 5*,Niederlande,282,1321
2019,Hotel 5*,Niederösterreich,3030,12481
2019,Hotel 5*,Norddeutschland,485,1991
2019,Hotel 5*,Nordrhein-Westfalen,721,3782
2019,Hotel 5*,Norwegen,1,4
2019,Hotel 5*,Oberösterreich,1762,6528
2019,Hotel 5*,Ostdeutschland,371,1777
2019,Hotel 5*,Polen,119,453
2019,Hotel 5*,Portugal,9,16
2019,Hotel 5*,Rumänien,84,399
2019,Hotel 5*,Russland,235,1695
2019,Hotel 5*,Salzburg,1704,5907
2019,Hotel 5*,Schweden,270,357
2019,Hotel 5*,Schweiz und Liechtenstein,567,2245
2019,Hotel 5*,Slowakei,144,524
2019,Hotel 5*,Slowenien,300,787
2019,Hotel 5*,Spanien,19,49
2019,Hotel 5*,Steiermark,4460,12438
2019,Hotel 5*,Südostasien,4,14
2019,Hotel 5*,Tirol,1236,4530
2019,Hotel 5*,Tschechische Republik,294,1194
2019,Hotel 5*,Türkei,9,18
2019,Hotel 5*,USA,105,296
2019,Hotel 5*,Ukraine,108,469
2019,Hotel 5*,Ungarn,318,1087
2019,Hotel 5*,Vereinigte Arabische Emirate,5,52
2019,Hotel 5*,Vereinigtes Königreich,299,1705
2019,Hotel 5*,Vorarlberg,499,1288
2019,Hotel 5*,Wien,4950,20796
2019,Hotel 5*,Zentral- und Südamerika,12,39
2019,Hotel 5*,Zypern,7,20
2019,Hotel 5*,ehem. Jugoslawien,120,487
2019,Hotel 5*,Übriges Afrika,136,344
2019,Hotel 5*,Übriges Asien,10,31
2019,Hotel 5*,Übriges Ausland,2,16
2019,Hotel 5*,übrige GUS,38,80
2019,Jugendherbergen u. -gästehäuser,Australien,3,5
2019,Jugendherbergen u. -gästehäuser,Baden Württemberg,636,1758
2019,Jugendherbergen u. -gästehäuser,Bayern,1309,3207
2019,Jugendherbergen u. -gästehäuser,Belgien,257,983
2019,Jugendherbergen u. -gästehäuser,Berlin,351,1847
2019,Jugendherbergen u. -gästehäuser,Brasilien,5,15
2019,Jugendherbergen u. -gästehäuser,Bulgarien,42,222
2019,Jugendherbergen u. -gästehäuser,Burgenland,371,1096
2019,Jugendherbergen u. -gästehäuser,China,5,11
2019,Jugendherbergen u. -gästehäuser,Dänemark,15,19
2019,Jugendherbergen u. -gästehäuser,Estland,10,10
2019,Jugendherbergen u. -gästehäuser,Finnland,13,38
2019,Jugendherbergen u. -gästehäuser,Frankreich,126,229
2019,Jugendherbergen u. -gästehäuser,Griechenland,1,1
2019,Jugendherbergen u. -gästehäuser,Indien,5,8
2019,Jugendherbergen u. -gästehäuser,Irland  (Republik),6,16
2019,Jugendherbergen u. -gästehäuser,Israel,2,3
2019,Jugendherbergen u. -gästehäuser,Italien,1243,1729
2019,Jugendherbergen u. -gästehäuser,Kanada,6,12
2019,Jugendherbergen u. -gästehäuser,Kroatien,312,1273
2019,Jugendherbergen u. -gästehäuser,Kärnten,4176,14176
2019,Jugendherbergen u. -gästehäuser,Lettland,7,11
2019,Jugendherbergen u. -gästehäuser,Litauen,8,8
2019,Jugendherbergen u. -gästehäuser,Luxemburg,6,51
2019,Jugendherbergen u. -gästehäuser,Mitteldeutschland,746,2128
2019,Jugendherbergen u. -gästehäuser,Niederlande,912,2318
2019,Jugendherbergen u. -gästehäuser,Niederösterreich,2241,6887
2019,Jugendherbergen u. -gästehäuser,Norddeutschland,1087,5362
2019,Jugendherbergen u. -gästehäuser,Nordrhein-Westfalen,1487,7845
2019,Jugendherbergen u. -gästehäuser,Oberösterreich,1643,4388
2019,Jugendherbergen u. -gästehäuser,Ostdeutschland,894,2800
2019,Jugendherbergen u. -gästehäuser,Polen,367,929
2019,Jugendherbergen u. -gästehäuser,Portugal,3,14
2019,Jugendherbergen u. -gästehäuser,Rumänien,199,1031
2019,Jugendherbergen u. -gästehäuser,Russland,14,16
2019,Jugendherbergen u. -gästehäuser,Salzburg,757,2116
2019,Jugendherbergen u. -gästehäuser,Schweden,3,3
2019,Jugendherbergen u. -gästehäuser,Schweiz und Liechtenstein,161,247
2019,Jugendherbergen u. -gästehäuser,Slowakei,86,161
2019,Jugendherbergen u. -gästehäuser,Slowenien,906,1842
2019,Jugendherbergen u. -gästehäuser,Spanien,37,57
2019,Jugendherbergen u. -gästehäuser,Steiermark,4190,10525
2019,Jugendherbergen u. -gästehäuser,Südkorea,4,4
2019,Jugendherbergen u. -gästehäuser,Südostasien,0,0
2019,Jugendherbergen u. -gästehäuser,Taiwan,1,1
2019,Jugendherbergen u. -gästehäuser,Tirol,591,1271
2019,Jugendherbergen u. -gästehäuser,Tschechische Republik,856,2079
2019,Jugendherbergen u. -gästehäuser,USA,15,25
2019,Jugendherbergen u. -gästehäuser,Ukraine,7,21
2019,Jugendherbergen u. -gästehäuser,Ungarn,1084,4535
2019,Jugendherbergen u. -gästehäuser,Vereinigtes Königreich,131,604
2019,Jugendherbergen u. -gästehäuser,Vorarlberg,186,577
2019,Jugendherbergen u. -gästehäuser,Wien,6923,21134
2019,Jugendherbergen u. -gästehäuser,Zentral- und Südamerika,5,26
2019,Jugendherbergen u. -gästehäuser,ehem. Jugoslawien,58,184
2019,Jugendherbergen u. -gästehäuser,Übriges Afrika,3,4
2019,Jugendherbergen u. -gästehäuser,Übriges Ausland,39,76
2019,Jugendherbergen u. -gästehäuser,übrige GUS,1,1
2019,Kinder- u. Jugenderholungsheime,Baden Württemberg,1,8
2019,Kinder- u. Jugenderholungsheime,Bayern,192,1126
2019,Kinder- u. Jugenderholungsheime,Belgien,1265,7752
2019,Kinder- u. Jugenderholungsheime,Berlin,6,24
2019,Kinder- u. Jugenderholungsheime,Burgenland,69,339
2019,Kinder- u. Jugenderholungsheime,Dänemark,1476,5572
2019,Kinder- u. Jugenderholungsheime,Frankreich,4,4
2019,Kinder- u. Jugenderholungsheime,Italien,118,482
2019,Kinder- u. Jugenderholungsheime,Kroatien,152,767
2019,Kinder- u. Jugenderholungsheime,Kärnten,413,2300
2019,Kinder- u. Jugenderholungsheime,Mitteldeutschland,5,35
2019,Kinder- u. Jugenderholungsheime,Niederlande,19,124
2019,Kinder- u. Jugenderholungsheime,Niederösterreich,644,3500
2019,Kinder- u. Jugenderholungsheime,Norddeutschland,7,21
2019,Kinder- u. Jugenderholungsheime,Nordrhein-Westfalen,104,692
2019,Kinder- u. Jugenderholungsheime,Oberösterreich,194,989
2019,Kinder- u. Jugenderholungsheime,Ostdeutschland,144,1054
2019,Kinder- u. Jugenderholungsheime,Polen,580,4281
2019,Kinder- u. Jugenderholungsheime,Salzburg,4,12
2019,Kinder- u. Jugenderholungsheime,Schweden,2,14
2019,Kinder- u. Jugenderholungsheime,Schweiz und Liechtenstein,4,6
2019,Kinder- u. Jugenderholungsheime,Slowakei,4,8
2019,Kinder- u. Jugenderholungsheime,Slowenien,68,159
2019,Kinder- u. Jugenderholungsheime,Spanien,6,18
2019,Kinder- u. Jugenderholungsheime,Steiermark,561,4110
2019,Kinder- u. Jugenderholungsheime,Tirol,132,530
2019,Kinder- u. Jugenderholungsheime,Tschechische Republik,42,134
2019,Kinder- u. Jugenderholungsheime,Ungarn,20,55
2019,Kinder- u. Jugenderholungsheime,Vereinigtes Königreich,569,3346
2019,Kinder- u. Jugenderholungsheime,Wien,1456,12425
2019,Kinder- u. Jugenderholungsheime,ehem. Jugoslawien,14,89
2019,Kurheim der Sozialversich.träger,Baden Württemberg,4,81
2019,Kurheim der Sozialversich.träger,Bayern,8,111
2019,Kurheim der Sozialversich.träger,Berlin,2,14
2019,Kurheim der Sozialversich.träger,Burgenland,215,4158
2019,Kurheim der Sozialversich.träger,Dänemark,2,6
2019,Kurheim der Sozialversich.träger,Italien,6,15
2019,Kurheim der Sozialversich.träger,Kroatien,5,33
2019,Kurheim der Sozialversich.träger,Kärnten,4667,85363
2019,Kurheim der Sozialversich.träger,Mitteldeutschland,10,50
2019,Kurheim der Sozialversich.träger,Niederlande,1,7
2019,Kurheim der Sozialversich.träger,Niederösterreich,1005,18809
2019,Kurheim der Sozialversich.träger,Nordrhein-Westfalen,4,4
2019,Kurheim der Sozialversich.träger,Oberösterreich,703,13354
2019,Kurheim der Sozialversich.träger,Polen,3,12
2019,Kurheim der Sozialversich.träger,Salzburg,401,7399
2019,Kurheim der Sozialversich.träger,Slowakei,5,96
2019,Kurheim der Sozialversich.träger,Slowenien,31,86
2019,Kurheim der Sozialversich.träger,Steiermark,1782,33929
2019,Kurheim der Sozialversich.träger,Südafrika,1,49
2019,Kurheim der Sozialversich.träger,Tirol,402,7908
2019,Kurheim der Sozialversich.träger,Ungarn,72,368
2019,Kurheim der Sozialversich.träger,Vorarlberg,81,1608
2019,Kurheim der Sozialversich.träger,Wien,1117,21509
2019,Private u. öffentl. Kurheime,Arabische Länder Asiens,3,33
2019,Private u. öffentl. Kurheime,Australien,3,40
2019,Private u. öffentl. Kurheime,Baden Württemberg,15,124
2019,Private u. öffentl. Kurheime,Bayern,60,507
2019,Private u. öffentl. Kurheime,Belgien,4,34
2019,Private u. öffentl. Kurheime,Berlin,7,67
2019,Private u. öffentl. Kurheime,Bulgarien,1,20
2019,Private u. öffentl. Kurheime,Burgenland,222,3461
2019,Private u. öffentl. Kurheime,Dänemark,1,10
2019,Private u. öffentl. Kurheime,Finnland,2,22
2019,Private u. öffentl. Kurheime,Frankreich,16,123
2019,Private u. öffentl. Kurheime,Griechenland,7,67
2019,Private u. öffentl. Kurheime,Indien,8,60
2019,Private u. öffentl. Kurheime,Irland  (Republik),4,43
2019,Private u. öffentl. Kurheime,Israel,6,36
2019,Private u. öffentl. Kurheime,Italien,36,197
2019,Private u. öffentl. Kurheime,Kroatien,3,25
2019,Private u. öffentl. Kurheime,Kärnten,2574,48026
2019,Private u. öffentl. Kurheime,Malta,1,9
2019,Private u. öffentl. Kurheime,Mitteldeutschland,26,276
2019,Private u. öffentl. Kurheime,Niederlande,2,26
2019,Private u. öffentl. Kurheime,Niederösterreich,1348,20491
2019,Private u. öffentl. Kurheime,Norddeutschland,37,422
2019,Private u. öffentl. Kurheime,Nordrhein-Westfalen,26,248
2019,Private u. öffentl. Kurheime,Norwegen,1,13
2019,Private u. öffentl. Kurheime,Oberösterreich,753,11422
2019,Private u. öffentl. Kurheime,Ostdeutschland,11,179
2019,Private u. öffentl. Kurheime,Polen,4,51
2019,Private u. öffentl. Kurheime,Portugal,1,5
2019,Private u. öffentl. Kurheime,Rumänien,1,9
2019,Private u. öffentl. Kurheime,Russland,53,462
2019,Private u. öffentl. Kurheime,Salzburg,477,7908
2019,Private u. öffentl. Kurheime,Saudi-Arabien,5,59
2019,Private u. öffentl. Kurheime,Schweden,5,51
2019,Private u. öffentl. Kurheime,Schweiz und Liechtenstein,33,254
2019,Private u. öffentl. Kurheime,Slowakei,1,21
2019,Private u. öffentl. Kurheime,Slowenien,5,62
2019,Private u. öffentl. Kurheime,Spanien,3,18
2019,Private u. öffentl. Kurheime,Steiermark,832,12947
2019,Private u. öffentl. Kurheime,Südostasien,1,9
2019,Private u. öffentl. Kurheime,Taiwan,1,13
2019,Private u. öffentl. Kurheime,Tirol,469,7700
2019,Private u. öffentl. Kurheime,Tschechische Republik,3,41
2019,Private u. öffentl. Kurheime,Türkei,42,360
2019,Private u. öffentl. Kurheime,USA,24,221
2019,Private u. öffentl. Kurheime,Ukraine,37,325
2019,Private u. öffentl. Kurheime,Ungarn,0,31
2019,Private u. öffentl. Kurheime,Vereinigte Arabische Emirate,8,103
2019,Private u. öffentl. Kurheime,Vereinigtes Königreich,101,867
2019,Private u. öffentl. Kurheime,Vorarlberg,102,1401
2019,Private u. öffentl. Kurheime,Wien,1591,25226
2019,Private u. öffentl. Kurheime,ehem. Jugoslawien,0,4
2019,Private u. öffentl. Kurheime,Übriges Afrika,4,47
2019,Private u. öffentl. Kurheime,Übriges Ausland,2,16
2019,Private u. öffentl. Kurheime,übrige GUS,1,6
2019,Sonstige Unterkunft,Arabische Länder Asiens,14,44
2019,Sonstige Unterkunft,Australien,14,23
2019,Sonstige Unterkunft,Baden Württemberg,2830,14666
2019,Sonstige Unterkunft,Bayern,5860,27050
2019,Sonstige Unterkunft,Belgien,423,1900
2019,Sonstige Unterkunft,Berlin,1157,6889
2019,Sonstige Unterkunft,Brasilien,9,19
2019,Sonstige Unterkunft,Bulgarien,86,547
2019,Sonstige Unterkunft,Burgenland,1314,4939
2019,Sonstige Unterkunft,China,12,47
2019,Sonstige Unterkunft,Dänemark,152,857
2019,Sonstige Unterkunft,Estland,12,55
2019,Sonstige Unterkunft,Finnland,21,49
2019,Sonstige Unterkunft,Frankreich,207,552
2019,Sonstige Unterkunft,Griechenland,9,105
2019,Sonstige Unterkunft,Indien,6,48
2019,Sonstige Unterkunft,Irland  (Republik),6,53
2019,Sonstige Unterkunft,Island,4,10
2019,Sonstige Unterkunft,Israel,9,50
2019,Sonstige Unterkunft,Italien,2658,5976
2019,Sonstige Unterkunft,Japan,4,12
2019,Sonstige Unterkunft,Kanada,22,109
2019,Sonstige Unterkunft,Kroatien,835,3158
2019,Sonstige Unterkunft,Kärnten,7405,35001
2019,Sonstige Unterkunft,Lettland,31,97
2019,Sonstige Unterkunft,Litauen,56,242
2019,Sonstige Unterkunft,Luxemburg,42,222
2019,Sonstige Unterkunft,Malta,4,11
2019,Sonstige Unterkunft,Mitteldeutschland,3516,21280
2019,Sonstige Unterkunft,Neuseeland,0,6
2019,Sonstige Unterkunft,Niederlande,2590,12870
2019,Sonstige Unterkunft,Niederösterreich,9368,40880
2019,Sonstige Unterkunft,Norddeutschland,2481,15992
2019,Sonstige Unterkunft,Nordrhein-Westfalen,3476,22709
2019,Sonstige Unterkunft,Norwegen,4,51
2019,Sonstige Unterkunft,Oberösterreich,7294,31797
2019,Sonstige Unterkunft,Ostdeutschland,3027,18255
2019,Sonstige Unterkunft,Polen,1513,11714
2019,Sonstige Unterkunft,Portugal,3,7
2019,Sonstige Unterkunft,Rumänien,266,2036
2019,Sonstige Unterkunft,Russland,81,312
2019,Sonstige Unterkunft,Salzburg,3382,11086
2019,Sonstige Unterkunft,Saudi-Arabien,2,4
2019,Sonstige Unterkunft,Schweden,24,77
2019,Sonstige Unterkunft,Schweiz und Liechtenstein,603,2472
2019,Sonstige Unterkunft,Slowakei,649,3298
2019,Sonstige Unterkunft,Slowenien,1584,4602
2019,Sonstige Unterkunft,Spanien,67,396
2019,Sonstige Unterkunft,Steiermark,9648,35753
2019,Sonstige Unterkunft,Südafrika,7,28
2019,Sonstige Unterkunft,Südkorea,10,20
2019,Sonstige Unterkunft,Südostasien,17,48
2019,Sonstige Unterkunft,Taiwan,1,2
2019,Sonstige Unterkunft,Tirol,2700,10629
2019,Sonstige Unterkunft,Tschechische Republik,1986,7419
2019,Sonstige Unterkunft,Türkei,4,87
2019,Sonstige Unterkunft,USA,63,323
2019,Sonstige Unterkunft,Ukraine,81,193
2019,Sonstige Unterkunft,Ungarn,8055,40302
2019,Sonstige Unterkunft,Vereinigte Arabische Emirate,1,4
2019,Sonstige Unterkunft,Vereinigtes Königreich,428,3027
2019,Sonstige Unterkunft,Vorarlberg,696,2776
2019,Sonstige Unterkunft,Wien,12064,58006
2019,Sonstige Unterkunft,Zentral- und Südamerika,21,53
2019,Sonstige Unterkunft,ehem. Jugoslawien,207,1120
2019,Sonstige Unterkunft,Übriges Afrika,7,29
2019,Sonstige Unterkunft,Übriges Asien,12,26
2019,Sonstige Unterkunft,Übriges Ausland,923,3269
2019,Sonstige Unterkunft,übrige GUS,17,273
2019,Unterkunft auf Bauernhof,Australien,4,5
2019,Unterkunft auf Bauernhof,Baden Württemberg,2344,18350
2019,Unterkunft auf Bauernhof,Bayern,5022,32339
2019,Unterkunft auf Bauernhof,Belgien,370,2574
2019,Unterkunft auf Bauernhof,Berlin,892,8894
2019,Unterkunft auf Bauernhof,Bulgarien,23,175
2019,Unterkunft auf Bauernhof,Burgenland,631,3056
2019,Unterkunft auf Bauernhof,Dänemark,34,160
2019,Unterkunft auf Bauernhof,Estland,13,91
2019,Unterkunft auf Bauernhof,Finnland,16,120
2019,Unterkunft auf Bauernhof,Frankreich,83,363
2019,Unterkunft auf Bauernhof,Griechenland,3,17
2019,Unterkunft auf Bauernhof,Indien,1,3
2019,Unterkunft auf Bauernhof,Irland  (Republik),13,62
2019,Unterkunft auf Bauernhof,Island,5,90
2019,Unterkunft auf Bauernhof,Israel,6,23
2019,Unterkunft auf Bauernhof,Italien,882,3850
2019,Unterkunft auf Bauernhof,Japan,4,6
2019,Unterkunft auf Bauernhof,Kanada,1,6
2019,Unterkunft auf Bauernhof,Kroatien,418,1960
2019,Unterkunft auf Bauernhof,Kärnten,1988,8293
2019,Unterkunft auf Bauernhof,Lettland,31,182
2019,Unterkunft auf Bauernhof,Litauen,40,220
2019,Unterkunft auf Bauernhof,Luxemburg,16,128
2019,Unterkunft auf Bauernhof,Mitteldeutschland,2253,19384
2019,Unterkunft auf Bauernhof,Niederlande,1594,12288
2019,Unterkunft auf Bauernhof,Niederösterreich,4458,24336
2019,Unterkunft auf Bauernhof,Norddeutschland,1811,16909
2019,Unterkunft auf Bauernhof,Nordrhein-Westfalen,3640,35659
2019,Unterkunft auf Bauernhof,Oberösterreich,2410,12079
2019,Unterkunft auf Bauernhof,Ostdeutschland,3587,29473
2019,Unterkunft auf Bauernhof,Polen,1220,8539
2019,Unterkunft auf Bauernhof,Portugal,1,2
2019,Unterkunft auf Bauernhof,Rumänien,204,1866
2019,Unterkunft auf Bauernhof,Russland,72,330
2019,Unterkunft auf Bauernhof,Salzburg,797,3672
2019,Unterkunft auf Bauernhof,Schweden,20,115
2019,Unterkunft auf Bauernhof,Schweiz und Liechtenstein,256,2060
2019,Unterkunft auf Bauernhof,Slowakei,729,5510
2019,Unterkunft auf Bauernhof,Slowenien,711,3446
2019,Unterkunft auf Bauernhof,Spanien,46,278
2019,Unterkunft auf Bauernhof,Steiermark,3123,14229
2019,Unterkunft auf Bauernhof,Südkorea,6,18
2019,Unterkunft auf Bauernhof,Südostasien,1,2
2019,Unterkunft auf Bauernhof,Tirol,711,3389
2019,Unterkunft auf Bauernhof,Tschechische Republik,2547,11937
2019,Unterkunft auf Bauernhof,Türkei,3,6
2019,Unterkunft auf Bauernhof,USA,21,124
2019,Unterkunft auf Bauernhof,Ukraine,40,283
2019,Unterkunft auf Bauernhof,Ungarn,1391,8861
2019,Unterkunft auf Bauernhof,Vereinigtes Königreich,87,513
2019,Unterkunft auf Bauernhof,Vorarlberg,230,1446
2019,Unterkunft auf Bauernhof,Wien,5411,33313
2019,Unterkunft auf Bauernhof,Zentral- und Südamerika,9,43
2019,Unterkunft auf Bauernhof,ehem. Jugoslawien,224,2663
2019,Unterkunft auf Bauernhof,Übriges Afrika,3,11
2019,Unterkunft auf Bauernhof,Übriges Asien,8,44
2019,Unterkunft auf Bauernhof,Übriges Ausland,11,90
2019,Unterkunft auf Bauernhof,übrige GUS,5,62
2020,Bewirtschaftete Schutzhütten,Baden Württemberg,681,764
2020,Bewirtschaftete Schutzhütten,Bayern,1773,2245
2020,Bewirtschaftete Schutzhütten,Belgien,47,63
2020,Bewirtschaftete Schutzhütten,Berlin,736,793
2020,Bewirtschaftete Schutzhütten,Brasilien,90,90
2020,Bewirtschaftete Schutzhütten,Burgenland,268,281
2020,Bewirtschaftete Schutzhütten,Dänemark,12,12
2020,Bewirtschaftete Schutzhütten,Frankreich,149,161
2020,Bewirtschaftete Schutzhütten,Indien,1,1
2020,Bewirtschaftete Schutzhütten,Israel,2,2
2020,Bewirtschaftete Schutzhütten,Italien,1403,1418
2020,Bewirtschaftete Schutzhütten,Kroatien,14,14
2020,Bewirtschaftete Schutzhütten,Kärnten,2208,2454
2020,Bewirtschaftete Schutzhütten,Litauen,4,4
2020,Bewirtschaftete Schutzhütten,Luxemburg,3,3
2020,Bewirtschaftete Schutzhütten,Mitteldeutschland,557,674
2020,Bewirtschaftete Schutzhütten,Niederlande,471,522
2020,Bewirtschaftete Schutzhütten,Niederösterreich,1094,1149
2020,Bewirtschaftete Schutzhütten,Norddeutschland,118,298
2020,Bewirtschaftete Schutzhütten,Nordrhein-Westfalen,855,1218
2020,Bewirtschaftete Schutzhütten,Oberösterreich,1050,1113
2020,Bewirtschaftete Schutzhütten,Ostdeutschland,654,897
2020,Bewirtschaftete Schutzhütten,Polen,58,59
2020,Bewirtschaftete Schutzhütten,Salzburg,1001,1016
2020,Bewirtschaftete Schutzhütten,Schweden,2,2
2020,Bewirtschaftete Schutzhütten,Schweiz und Liechtenstein,21,29
2020,Bewirtschaftete Schutzhütten,Slowakei,99,99
2020,Bewirtschaftete Schutzhütten,Slowenien,613,613
2020,Bewirtschaftete Schutzhütten,Spanien,3,3
2020,Bewirtschaftete Schutzhütten,Steiermark,1017,1150
2020,Bewirtschaftete Schutzhütten,Südafrika,2,2
2020,Bewirtschaftete Schutzhütten,Tirol,676,728
2020,Bewirtschaftete Schutzhütten,Tschechische Republik,614,618
2020,Bewirtschaftete Schutzhütten,USA,8,8
2020,Bewirtschaftete Schutzhütten,Ungarn,75,79
2020,Bewirtschaftete Schutzhütten,Vereinigtes Königreich,7,7
2020,Bewirtschaftete Schutzhütten,Vorarlberg,587,587
2020,Bewirtschaftete Schutzhütten,Wien,1204,1400
2020,Bewirtschaftete Schutzhütten,Übriges Ausland,12,12
2020,Campingplatz,Arabische Länder Asiens,2,4
2020,Campingplatz,Australien,22,64
2020,Campingplatz,Baden Württemberg,27769,137214
2020,Campingplatz,Bayern,54023,246958
2020,Campingplatz,Belgien,3321,16622
2020,Campingplatz,Berlin,4320,16873
2020,Campingplatz,Brasilien,1,3
2020,Campingplatz,Bulgarien,33,87
2020,Campingplatz,Burgenland,2296,11963
2020,Campingplatz,Dänemark,2839,12460
2020,Campingplatz,Estland,115,223
2020,Campingplatz,Finnland,55,101
2020,Campingplatz,Frankreich,1012,2078
2020,Campingplatz,Griechenland,37,141
2020,Campingplatz,Indien,8,10
2020,Campingplatz,Irland  (Republik),41,112
2020,Campingplatz,Island,2,2
2020,Campingplatz,Israel,97,160
2020,Campingplatz,Italien,4925,16446
2020,Campingplatz,Japan,3,6
2020,Campingplatz,Kanada,12,37
2020,Campingplatz,Kroatien,117,333
2020,Campingplatz,Kärnten,10502,134035
2020,Campingplatz,Lettland,61,143
2020,Campingplatz,Litauen,205,333
2020,Campingplatz,Luxemburg,197,807
2020,Campingplatz,Malta,6,22
2020,Campingplatz,Mitteldeutschland,19826,95944
2020,Campingplatz,Neuseeland,4,4
2020,Campingplatz,Niederlande,48019,382282
2020,Campingplatz,Niederösterreich,23343,167470
2020,Campingplatz,Norddeutschland,21986,111104
2020,Campingplatz,Nordrhein-Westfalen,32776,187183
2020,Campingplatz,Norwegen,76,121
2020,Campingplatz,Oberösterreich,19178,107597
2020,Campingplatz,Ostdeutschland,18938,79543
2020,Campingplatz,Polen,2745,6757
2020,Campingplatz,Portugal,34,53
2020,Campingplatz,Rumänien,240,822
2020,Campingplatz,Russland,51,153
2020,Campingplatz,Salzburg,12755,84034
2020,Campingplatz,Saudi-Arabien,9,18
2020,Campingplatz,Schweden,465,906
2020,Campingplatz,Schweiz und Liechtenstein,4832,21361
2020,Campingplatz,Slowakei,954,2384
2020,Campingplatz,Slowenien,1184,2889
2020,Campingplatz,Spanien,242,542
2020,Campingplatz,Steiermark,31926,334156
2020,Campingplatz,Südafrika,4,4
2020,Campingplatz,Südostasien,4,4
2020,Campingplatz,Taiwan,4,4
2020,Campingplatz,Tirol,8515,49260
2020,Campingplatz,Tschechische Republik,9594,30354
2020,Campingplatz,Türkei,5,5
2020,Campingplatz,USA,49,150
2020,Campingplatz,Ukraine,46,125
2020,Campingplatz,Ungarn,1373,4037
2020,Campingplatz,Vereinigtes Königreich,120,473
2020,Campingplatz,Vorarlberg,2505,15846
2020,Campingplatz,Wien,14741,98070
2020,Campingplatz,Zentral- und Südamerika,48,169
2020,Campingplatz,ehem. Jugoslawien,6,14
2020,Campingplatz,Übriges Afrika,11,21
2020,Campingplatz,Übriges Asien,10,10
2020,Campingplatz,Übriges Ausland,921,2955
2020,Campingplatz,übrige GUS,4,4
2020,Ferienwohnung,Arabische Länder Asiens,63,560
2020,Ferienwohnung,Australien,19,268
2020,Ferienwohnung,Baden Württemberg,12745,96494
2020,Ferienwohnung,Bayern,26330,160506
2020,Ferienwohnung,Belgien,2248,16416
2020,Ferienwohnung,Berlin,3700,31305
2020,Ferienwohnung,Brasilien,6,29
2020,Ferienwohnung,Bulgarien,144,1194
2020,Ferienwohnung,Burgenland,5365,23022
2020,Ferienwohnung,China,15,39
2020,Ferienwohnung,Dänemark,568,2933
2020,Ferienwohnung,Estland,99,551
2020,Ferienwohnung,Finnland,44,220
2020,Ferienwohnung,Frankreich,492,2236
2020,Ferienwohnung,Griechenland,55,253
2020,Ferienwohnung,Indien,31,92
2020,Ferienwohnung,Irland  (Republik),265,1119
2020,Ferienwohnung,Island,5,30
2020,Ferienwohnung,Israel,812,4515
2020,Ferienwohnung,Italien,5645,29142
2020,Ferienwohnung,Japan,3,12
2020,Ferienwohnung,Kanada,13,51
2020,Ferienwohnung,Kroatien,690,5898
2020,Ferienwohnung,Kärnten,7608,37677
2020,Ferienwohnung,Lettland,96,363
2020,Ferienwohnung,Litauen,176,580
2020,Ferienwohnung,Luxemburg,117,644
2020,Ferienwohnung,Malta,17,94
2020,Ferienwohnung,Mitteldeutschland,10834,90062
2020,Ferienwohnung,Neuseeland,1,5
2020,Ferienwohnung,Niederlande,17577,138649
2020,Ferienwohnung,Niederösterreich,30634,173526
2020,Ferienwohnung,Norddeutschland,8969,82303
2020,Ferienwohnung,Nordrhein-Westfalen,17388,168301
2020,Ferienwohnung,Norwegen,45,203
2020,Ferienwohnung,Oberösterreich,18880,97414
2020,Ferienwohnung,Ostdeutschland,13247,109601
2020,Ferienwohnung,Polen,2781,21159
2020,Ferienwohnung,Portugal,74,1515
2020,Ferienwohnung,Rumänien,692,6934
2020,Ferienwohnung,Russland,63,270
2020,Ferienwohnung,Salzburg,7038,34446
2020,Ferienwohnung,Saudi-Arabien,57,134
2020,Ferienwohnung,Schweden,171,888
2020,Ferienwohnung,Schweiz und Liechtenstein,1988,12567
2020,Ferienwohnung,Slowakei,2064,15789
2020,Ferienwohnung,Slowenien,1608,15692
2020,Ferienwohnung,Spanien,195,929
2020,Ferienwohnung,Steiermark,21592,102241
2020,Ferienwohnung,Südafrika,9,47
2020,Ferienwohnung,Südkorea,9,13
2020,Ferienwohnung,Südostasien,50,2118
2020,Ferienwohnung,Taiwan,2,2
2020,Ferienwohnung,Tirol,6078,31451
2020,Ferienwohnung,Tschechische Republik,8540,43092
2020,Ferienwohnung,Türkei,11,52
2020,Ferienwohnung,USA,234,1472
2020,Ferienwohnung,Ukraine,152,609
2020,Ferienwohnung,Ungarn,4080,26700
2020,Ferienwohnung,Vereinigte Arabische Emirate,122,698
2020,Ferienwohnung,Vereinigtes Königreich,203,1622
2020,Ferienwohnung,Vorarlberg,2040,11382
2020,Ferienwohnung,Wien,31763,196895
2020,Ferienwohnung,Zentral- und Südamerika,115,742
2020,Ferienwohnung,Zypern,7,40
2020,Ferienwohnung,ehem. Jugoslawien,299,4531
2020,Ferienwohnung,Übriges Afrika,69,261
2020,Ferienwohnung,Übriges Asien,47,165
2020,Ferienwohnung,Übriges Ausland,487,2807
2020,Ferienwohnung,übrige GUS,37,264
2020,Hotel 1 oder 2*,Arabische Länder Asiens,39,124
2020,Hotel 1 oder 2*,Australien,11,15
2020,Hotel 1 oder 2*,Baden Württemberg,4239,13552
2020,Hotel 1 oder 2*,Bayern,9798,28129
2020,Hotel 1 oder 2*,Belgien,828,2854
2020,Hotel 1 oder 2*,Berlin,1264,4980
2020,Hotel 1 oder 2*,Brasilien,1,1
2020,Hotel 1 oder 2*,Bulgarien,148,1064
2020,Hotel 1 oder 2*,Burgenland,2782,9106
2020,Hotel 1 oder 2*,China,3,3
2020,Hotel 1 oder 2*,Dänemark,424,764
2020,Hotel 1 oder 2*,Estland,29,38
2020,Hotel 1 oder 2*,Finnland,40,62
2020,Hotel 1 oder 2*,Frankreich,536,812
2020,Hotel 1 oder 2*,Griechenland,20,39
2020,Hotel 1 oder 2*,Indien,3,12
2020,Hotel 1 oder 2*,Irland  (Republik),31,64
2020,Hotel 1 oder 2*,Island,6,18
2020,Hotel 1 oder 2*,Israel,190,340
2020,Hotel 1 oder 2*,Italien,3312,7147
2020,Hotel 1 oder 2*,Japan,5,21
2020,Hotel 1 oder 2*,Kanada,23,115
2020,Hotel 1 oder 2*,Kroatien,583,1954
2020,Hotel 1 oder 2*,Kärnten,5990,19672
2020,Hotel 1 oder 2*,Lettland,39,53
2020,Hotel 1 oder 2*,Litauen,74,259
2020,Hotel 1 oder 2*,Luxemburg,85,312
2020,Hotel 1 oder 2*,Malta,13,13
2020,Hotel 1 oder 2*,Mitteldeutschland,3723,13577
2020,Hotel 1 oder 2*,Neuseeland,10,18
2020,Hotel 1 oder 2*,Niederlande,4047,11365
2020,Hotel 1 oder 2*,Niederösterreich,14568,50584
2020,Hotel 1 oder 2*,Norddeutschland,2621,10928
2020,Hotel 1 oder 2*,Nordrhein-Westfalen,4453,18801
2020,Hotel 1 oder 2*,Norwegen,35,50
2020,Hotel 1 oder 2*,Oberösterreich,9454,29008
2020,Hotel 1 oder 2*,Ostdeutschland,5825,16206
2020,Hotel 1 oder 2*,Polen,1934,9621
2020,Hotel 1 oder 2*,Portugal,17,40
2020,Hotel 1 oder 2*,Rumänien,662,4710
2020,Hotel 1 oder 2*,Russland,35,76
2020,Hotel 1 oder 2*,Salzburg,4890,12969
2020,Hotel 1 oder 2*,Saudi-Arabien,6,11
2020,Hotel 1 oder 2*,Schweden,86,159
2020,Hotel 1 oder 2*,Schweiz und Liechtenstein,1269,4484
2020,Hotel 1 oder 2*,Slowakei,906,4808
2020,Hotel 1 oder 2*,Slowenien,1051,5135
2020,Hotel 1 oder 2*,Spanien,144,206
2020,Hotel 1 oder 2*,Steiermark,15739,41617
2020,Hotel 1 oder 2*,Südafrika,8,13
2020,Hotel 1 oder 2*,Südkorea,2,8
2020,Hotel 1 oder 2*,Südostasien,9,22
2020,Hotel 1 oder 2*,Tirol,3946,10846
2020,Hotel 1 oder 2*,Tschechische Republik,2044,4587
2020,Hotel 1 oder 2*,Türkei,14,115
2020,Hotel 1 oder 2*,USA,149,333
2020,Hotel 1 oder 2*,Ukraine,59,132
2020,Hotel 1 oder 2*,Ungarn,3031,12751
2020,Hotel 1 oder 2*,Vereinigte Arabische Emirate,20,58
2020,Hotel 1 oder 2*,Vereinigtes Königreich,85,148
2020,Hotel 1 oder 2*,Vorarlberg,1807,4969
2020,Hotel 1 oder 2*,Wien,14820,57368
2020,Hotel 1 oder 2*,Zentral- und Südamerika,24,87
2020,Hotel 1 oder 2*,Zypern,16,39
2020,Hotel 1 oder 2*,ehem. Jugoslawien,290,972
2020,Hotel 1 oder 2*,Übriges Afrika,33,83
2020,Hotel 1 oder 2*,Übriges Asien,25,41
2020,Hotel 1 oder 2*,Übriges Ausland,113,162
2020,Hotel 1 oder 2*,übrige GUS,24,93
2020,Hotel 3*,Arabische Länder Asiens,69,151
2020,Hotel 3*,Australien,36,67
2020,Hotel 3*,Baden Württemberg,18784,69404
2020,Hotel 3*,Bayern,43339,138355
2020,Hotel 3*,Belgien,3398,13749
2020,Hotel 3*,Berlin,4479,18800
2020,Hotel 3*,Brasilien,15,25
2020,Hotel 3*,Bulgarien,206,507
2020,Hotel 3*,Burgenland,13411,38214
2020,Hotel 3*,China,33,263
2020,Hotel 3*,Dänemark,1346,2729
2020,Hotel 3*,Estland,198,241
2020,Hotel 3*,Finnland,171,343
2020,Hotel 3*,Frankreich,1768,3246
2020,Hotel 3*,Griechenland,126,275
2020,Hotel 3*,Indien,26,69
2020,Hotel 3*,Irland  (Republik),390,1042
2020,Hotel 3*,Island,21,95
2020,Hotel 3*,Israel,886,2055
2020,Hotel 3*,Italien,15820,34153
2020,Hotel 3*,Japan,18,131
2020,Hotel 3*,Kanada,92,166
2020,Hotel 3*,Kroatien,1108,2752
2020,Hotel 3*,Kärnten,20115,60834
2020,Hotel 3*,Lettland,180,338
2020,Hotel 3*,Litauen,300,509
2020,Hotel 3*,Luxemburg,271,776
2020,Hotel 3*,Malta,45,117
2020,Hotel 3*,Mitteldeutschland,15607,60603
2020,Hotel 3*,Neuseeland,4,6
2020,Hotel 3*,Niederlande,16947,55407
2020,Hotel 3*,Niederösterreich,61616,211516
2020,Hotel 3*,Norddeutschland,11234,49167
2020,Hotel 3*,Nordrhein-Westfalen,19465,90023
2020,Hotel 3*,Norwegen,193,510
2020,Hotel 3*,Oberösterreich,41899,127652
2020,Hotel 3*,Ostdeutschland,18680,80195
2020,Hotel 3*,Polen,4887,13008
2020,Hotel 3*,Portugal,62,155
2020,Hotel 3*,Rumänien,1130,3018
2020,Hotel 3*,Russland,205,625
2020,Hotel 3*,Salzburg,18630,49231
2020,Hotel 3*,Saudi-Arabien,57,138
2020,Hotel 3*,Schweden,481,1074
2020,Hotel 3*,Schweiz und Liechtenstein,5534,16297
2020,Hotel 3*,Slowakei,2307,5792
2020,Hotel 3*,Slowenien,2959,7389
2020,Hotel 3*,Spanien,503,1292
2020,Hotel 3*,Steiermark,58512,150615
2020,Hotel 3*,Südafrika,25,88
2020,Hotel 3*,Südkorea,15,43
2020,Hotel 3*,Südostasien,113,807
2020,Hotel 3*,Taiwan,12,34
2020,Hotel 3*,Tirol,16951,50945
2020,Hotel 3*,Tschechische Republik,8518,25621
2020,Hotel 3*,Türkei,64,192
2020,Hotel 3*,USA,603,1347
2020,Hotel 3*,Ukraine,235,493
2020,Hotel 3*,Ungarn,6372,20823
2020,Hotel 3*,Vereinigte Arabische Emirate,54,148
2020,Hotel 3*,Vereinigtes Königreich,405,1173
2020,Hotel 3*,Vorarlberg,5539,17419
2020,Hotel 3*,Wien,53327,185493
2020,Hotel 3*,Zentral- und Südamerika,182,473
2020,Hotel 3*,Zypern,30,84
2020,Hotel 3*,ehem. Jugoslawien,477,1468
2020,Hotel 3*,Übriges Afrika,220,587
2020,Hotel 3*,Übriges Asien,32,80
2020,Hotel 3*,Übriges Ausland,2257,6153
2020,Hotel 3*,übrige GUS,54,100
2020,Hotel 4*,Arabische Länder Asiens,122,327
2020,Hotel 4*,Australien,23,76
2020,Hotel 4*,Baden Württemberg,18336,83839
2020,Hotel 4*,Bayern,50212,197713
2020,Hotel 4*,Belgien,4079,23402
2020,Hotel 4*,Berlin,3316,17059
2020,Hotel 4*,Brasilien,18,19
2020,Hotel 4*,Bulgarien,212,877
2020,Hotel 4*,Burgenland,13718,44556
2020,Hotel 4*,China,30,140
2020,Hotel 4*,Dänemark,1058,3465
2020,Hotel 4*,Estland,162,321
2020,Hotel 4*,Finnland,134,461
2020,Hotel 4*,Frankreich,1365,3443
2020,Hotel 4*,Griechenland,113,218
2020,Hotel 4*,Indien,12,26
2020,Hotel 4*,Irland  (Republik),104,266
2020,Hotel 4*,Island,28,56
2020,Hotel 4*,Israel,762,2111
2020,Hotel 4*,Italien,12628,33649
2020,Hotel 4*,Japan,66,252
2020,Hotel 4*,Kanada,116,245
2020,Hotel 4*,Kroatien,1059,2196
2020,Hotel 4*,Kärnten,32796,93993
2020,Hotel 4*,Lettland,115,263
2020,Hotel 4*,Litauen,144,251
2020,Hotel 4*,Luxemburg,488,1479
2020,Hotel 4*,Malta,62,140
2020,Hotel 4*,Mitteldeutschland,15291,78217
2020,Hotel 4*,Neuseeland,32,112
2020,Hotel 4*,Niederlande,8103,30075
2020,Hotel 4*,Niederösterreich,65132,242359
2020,Hotel 4*,Norddeutschland,11322,63344
2020,Hotel 4*,Nordrhein-Westfalen,18886,109536
2020,Hotel 4*,Norwegen,154,380
2020,Hotel 4*,Oberösterreich,46454,164644
2020,Hotel 4*,Ostdeutschland,16983,86763
2020,Hotel 4*,Polen,2729,6477
2020,Hotel 4*,Portugal,67,167
2020,Hotel 4*,Rumänien,806,1991
2020,Hotel 4*,Russland,188,452
2020,Hotel 4*,Salzburg,24916,74335
2020,Hotel 4*,Saudi-Arabien,84,126
2020,Hotel 4*,Schweden,405,1086
2020,Hotel 4*,Schweiz und Liechtenstein,6930,23126
2020,Hotel 4*,Slowakei,1337,3708
2020,Hotel 4*,Slowenien,1289,2974
2020,Hotel 4*,Spanien,401,968
2020,Hotel 4*,Steiermark,67127,198966
2020,Hotel 4*,Südafrika,17,40
2020,Hotel 4*,Südkorea,48,145
2020,Hotel 4*,Südostasien,66,173
2020,Hotel 4*,Taiwan,6,69
2020,Hotel 4*,Tirol,18758,63237
2020,Hotel 4*,Tschechische Republik,5037,16569
2020,Hotel 4*,Türkei,54,93
2020,Hotel 4*,USA,762,2268
2020,Hotel 4*,Ukraine,240,571
2020,Hotel 4*,Ungarn,3458,13626
2020,Hotel 4*,Vereinigte Arabische Emirate,116,273
2020,Hotel 4*,Vereinigtes Königreich,603,2437
2020,Hotel 4*,Vorarlberg,5912,22852
2020,Hotel 4*,Wien,63696,279696
2020,Hotel 4*,Zentral- und Südamerika,141,421
2020,Hotel 4*,Zypern,14,36
2020,Hotel 4*,ehem. Jugoslawien,375,695
2020,Hotel 4*,Übriges Afrika,193,578
2020,Hotel 4*,Übriges Asien,36,87
2020,Hotel 4*,Übriges Ausland,927,3645
2020,Hotel 4*,übrige GUS,80,191
2020,Hotel 4* Superior,Arabische Länder Asiens,91,1244
2020,Hotel 4* Superior,Australien,6,24
2020,Hotel 4* Superior,Baden Württemberg,2861,15307
2020,Hotel 4* Superior,Bayern,10068,44085
2020,Hotel 4* Superior,Belgien,411,2283
2020,Hotel 4* Superior,Berlin,816,4361
2020,Hotel 4* Superior,Brasilien,2,2
2020,Hotel 4* Superior,Bulgarien,20,59
2020,Hotel 4* Superior,Burgenland,2331,8145
2020,Hotel 4* Superior,China,8,16
2020,Hotel 4* Superior,Dänemark,132,384
2020,Hotel 4* Superior,Estland,14,15
2020,Hotel 4* Superior,Finnland,24,101
2020,Hotel 4* Superior,Frankreich,257,876
2020,Hotel 4* Superior,Griechenland,19,111
2020,Hotel 4* Superior,Indien,4,11
2020,Hotel 4* Superior,Irland  (Republik),33,316
2020,Hotel 4* Superior,Island,2,12
2020,Hotel 4* Superior,Israel,130,425
2020,Hotel 4* Superior,Italien,1493,4407
2020,Hotel 4* Superior,Japan,30,132
2020,Hotel 4* Superior,Kanada,21,133
2020,Hotel 4* Superior,Kroatien,91,283
2020,Hotel 4* Superior,Kärnten,9889,23534
2020,Hotel 4* Superior,Lettland,8,20
2020,Hotel 4* Superior,Litauen,13,64
2020,Hotel 4* Superior,Luxemburg,128,595
2020,Hotel 4* Superior,Malta,3,3
2020,Hotel 4* Superior,Mitteldeutschland,2698,15250
2020,Hotel 4* Superior,Neuseeland,4,32
2020,Hotel 4* Superior,Niederlande,889,3884
2020,Hotel 4* Superior,Niederösterreich,11690,45916
2020,Hotel 4* Superior,Norddeutschland,2026,12609
2020,Hotel 4* Superior,Nordrhein-Westfalen,3758,22814
2020,Hotel 4* Superior,Norwegen,26,46
2020,Hotel 4* Superior,Oberösterreich,6930,25014
2020,Hotel 4* Superior,Ostdeutschland,1826,10645
2020,Hotel 4* Superior,Polen,175,379
2020,Hotel 4* Superior,Portugal,5,15
2020,Hotel 4* Superior,Rumänien,69,266
2020,Hotel 4* Superior,Russland,37,268
2020,Hotel 4* Superior,Salzburg,5301,16646
2020,Hotel 4* Superior,Saudi-Arabien,57,141
2020,Hotel 4* Superior,Schweden,92,465
2020,Hotel 4* Superior,Schweiz und Liechtenstein,1387,5885
2020,Hotel 4* Superior,Slowakei,130,320
2020,Hotel 4* Superior,Slowenien,137,359
2020,Hotel 4* Superior,Spanien,182,564
2020,Hotel 4* Superior,Steiermark,11532,34431
2020,Hotel 4* Superior,Südafrika,2,22
2020,Hotel 4* Superior,Südkorea,4,52
2020,Hotel 4* Superior,Südostasien,26,229
2020,Hotel 4* Superior,Taiwan,5,88
2020,Hotel 4* Superior,Tirol,3879,12287
2020,Hotel 4* Superior,Tschechische Republik,688,2859
2020,Hotel 4* Superior,Türkei,3,17
2020,Hotel 4* Superior,USA,295,1425
2020,Hotel 4* Superior,Ukraine,45,146
2020,Hotel 4* Superior,Ungarn,210,721
2020,Hotel 4* Superior,Vereinigte Arabische Emirate,51,197
2020,Hotel 4* Superior,Vereinigtes Königreich,372,3061
2020,Hotel 4* Superior,Vorarlberg,941,3484
2020,Hotel 4* Superior,Wien,15292,61280
2020,Hotel 4* Superior,Zentral- und Südamerika,15,53
2020,Hotel 4* Superior,Zypern,5,41
2020,Hotel 4* Superior,ehem. Jugoslawien,27,114
2020,Hotel 4* Superior,Übriges Afrika,25,94
2020,Hotel 4* Superior,Übriges Asien,16,71
2020,Hotel 4* Superior,Übriges Ausland,73,291
2020,Hotel 4* Superior,übrige GUS,10,20
2020,Hotel 5*,Arabische Länder Asiens,39,245
2020,Hotel 5*,Australien,1,14
2020,Hotel 5*,Baden Württemberg,215,1201
2020,Hotel 5*,Bayern,1660,6207
2020,Hotel 5*,Belgien,133,645
2020,Hotel 5*,Berlin,1006,5065
2020,Hotel 5*,Brasilien,5,15
2020,Hotel 5*,Bulgarien,15,45
2020,Hotel 5*,Burgenland,553,1948
2020,Hotel 5*,Dänemark,44,199
2020,Hotel 5*,Estland,20,36
2020,Hotel 5*,Finnland,14,37
2020,Hotel 5*,Frankreich,157,843
2020,Hotel 5*,Griechenland,19,140
2020,Hotel 5*,Indien,4,57
2020,Hotel 5*,Irland  (Republik),12,123
2020,Hotel 5*,Island,7,14
2020,Hotel 5*,Israel,120,364
2020,Hotel 5*,Italien,1090,3453
2020,Hotel 5*,Japan,31,83
2020,Hotel 5*,Kanada,4,26
2020,Hotel 5*,Kroatien,96,228
2020,Hotel 5*,Kärnten,2589,6554
2020,Hotel 5*,Lettland,5,23
2020,Hotel 5*,Luxemburg,23,91
2020,Hotel 5*,Malta,61,445
2020,Hotel 5*,Mitteldeutschland,467,2222
2020,Hotel 5*,Niederlande,228,967
2020,Hotel 5*,Niederösterreich,2354,9511
2020,Hotel 5*,Norddeutschland,373,2266
2020,Hotel 5*,Nordrhein-Westfalen,522,2885
2020,Hotel 5*,Norwegen,13,37
2020,Hotel 5*,Oberösterreich,1472,4990
2020,Hotel 5*,Ostdeutschland,316,1655
2020,Hotel 5*,Polen,116,366
2020,Hotel 5*,Portugal,2,4
2020,Hotel 5*,Rumänien,50,218
2020,Hotel 5*,Russland,400,1184
2020,Hotel 5*,Salzburg,1324,4235
2020,Hotel 5*,Saudi-Arabien,4,8
2020,Hotel 5*,Schweden,13,48
2020,Hotel 5*,Schweiz und Liechtenstein,418,1729
2020,Hotel 5*,Slowakei,100,236
2020,Hotel 5*,Slowenien,150,411
2020,Hotel 5*,Spanien,17,40
2020,Hotel 5*,Steiermark,3111,8955
2020,Hotel 5*,Südostasien,6,33
2020,Hotel 5*,Tirol,865,2849
2020,Hotel 5*,Tschechische Republik,346,1091
2020,Hotel 5*,Türkei,61,585
2020,Hotel 5*,USA,182,977
2020,Hotel 5*,Ukraine,85,408
2020,Hotel 5*,Ungarn,145,437
2020,Hotel 5*,Vereinigte Arabische Emirate,14,42
2020,Hotel 5*,Vereinigtes Königreich,233,1663
2020,Hotel 5*,Vorarlberg,135,568
2020,Hotel 5*,Wien,6092,23933
2020,Hotel 5*,Zentral- und Südamerika,9,40
2020,Hotel 5*,Zypern,4,40
2020,Hotel 5*,ehem. Jugoslawien,37,105
2020,Hotel 5*,Übriges Afrika,77,243
2020,Hotel 5*,Übriges Asien,3,3
2020,Hotel 5*,Übriges Ausland,24,101
2020,Hotel 5*,übrige GUS,4,26
2020,Jugendherbergen u. -gästehäuser,Baden Württemberg,820,1359
2020,Jugendherbergen u. -gästehäuser,Bayern,1479,3034
2020,Jugendherbergen u. -gästehäuser,Belgien,123,143
2020,Jugendherbergen u. -gästehäuser,Berlin,101,194
2020,Jugendherbergen u. -gästehäuser,Bulgarien,19,163
2020,Jugendherbergen u. -gästehäuser,Burgenland,2028,6925
2020,Jugendherbergen u. -gästehäuser,Dänemark,52,52
2020,Jugendherbergen u. -gästehäuser,Estland,5,5
2020,Jugendherbergen u. -gästehäuser,Finnland,4,6
2020,Jugendherbergen u. -gästehäuser,Frankreich,109,145
2020,Jugendherbergen u. -gästehäuser,Griechenland,5,6
2020,Jugendherbergen u. -gästehäuser,Indien,2,6
2020,Jugendherbergen u. -gästehäuser,Irland  (Republik),3,8
2020,Jugendherbergen u. -gästehäuser,Israel,46,94
2020,Jugendherbergen u. -gästehäuser,Italien,869,1607
2020,Jugendherbergen u. -gästehäuser,Japan,1,1
2020,Jugendherbergen u. -gästehäuser,Kanada,14,284
2020,Jugendherbergen u. -gästehäuser,Kroatien,76,198
2020,Jugendherbergen u. -gästehäuser,Kärnten,3353,19432
2020,Jugendherbergen u. -gästehäuser,Lettland,11,11
2020,Jugendherbergen u. -gästehäuser,Litauen,25,36
2020,Jugendherbergen u. -gästehäuser,Luxemburg,17,32
2020,Jugendherbergen u. -gästehäuser,Mitteldeutschland,477,989
2020,Jugendherbergen u. -gästehäuser,Niederlande,517,710
2020,Jugendherbergen u. -gästehäuser,Niederösterreich,1548,4176
2020,Jugendherbergen u. -gästehäuser,Norddeutschland,401,618
2020,Jugendherbergen u. -gästehäuser,Nordrhein-Westfalen,644,1267
2020,Jugendherbergen u. -gästehäuser,Norwegen,8,14
2020,Jugendherbergen u. -gästehäuser,Oberösterreich,1478,4114
2020,Jugendherbergen u. -gästehäuser,Ostdeutschland,1564,2845
2020,Jugendherbergen u. -gästehäuser,Polen,711,1161
2020,Jugendherbergen u. -gästehäuser,Portugal,1,1
2020,Jugendherbergen u. -gästehäuser,Rumänien,151,617
2020,Jugendherbergen u. -gästehäuser,Russland,8,59
2020,Jugendherbergen u. -gästehäuser,Salzburg,1904,5251
2020,Jugendherbergen u. -gästehäuser,Saudi-Arabien,1,1
2020,Jugendherbergen u. -gästehäuser,Schweden,19,19
2020,Jugendherbergen u. -gästehäuser,Schweiz und Liechtenstein,173,344
2020,Jugendherbergen u. -gästehäuser,Slowakei,81,121
2020,Jugendherbergen u. -gästehäuser,Slowenien,504,998
2020,Jugendherbergen u. -gästehäuser,Spanien,44,65
2020,Jugendherbergen u. -gästehäuser,Steiermark,2755,6542
2020,Jugendherbergen u. -gästehäuser,Südafrika,1,1
2020,Jugendherbergen u. -gästehäuser,Südkorea,2,2
2020,Jugendherbergen u. -gästehäuser,Südostasien,3,6
2020,Jugendherbergen u. -gästehäuser,Tirol,588,1593
2020,Jugendherbergen u. -gästehäuser,Tschechische Republik,503,795
2020,Jugendherbergen u. -gästehäuser,Türkei,2,3
2020,Jugendherbergen u. -gästehäuser,USA,15,26
2020,Jugendherbergen u. -gästehäuser,Ukraine,6,14
2020,Jugendherbergen u. -gästehäuser,Ungarn,282,629
2020,Jugendherbergen u. -gästehäuser,Vereinigtes Königreich,25,32
2020,Jugendherbergen u. -gästehäuser,Vorarlberg,218,497
2020,Jugendherbergen u. -gästehäuser,Wien,3708,9857
2020,Jugendherbergen u. -gästehäuser,Zentral- und Südamerika,2,2
2020,Jugendherbergen u. -gästehäuser,Zypern,1,2
2020,Jugendherbergen u. -gästehäuser,ehem. Jugoslawien,25,85
2020,Jugendherbergen u. -gästehäuser,Übriges Afrika,4,7
2020,Jugendherbergen u. -gästehäuser,Übriges Ausland,150,306
2020,Jugendherbergen u. -gästehäuser,übrige GUS,9,17
2020,Kinder- u. Jugenderholungsheime,Baden Württemberg,17,148
2020,Kinder- u. Jugenderholungsheime,Bayern,19,109
2020,Kinder- u. Jugenderholungsheime,Belgien,614,1997
2020,Kinder- u. Jugenderholungsheime,Berlin,3,10
2020,Kinder- u. Jugenderholungsheime,Burgenland,8,20
2020,Kinder- u. Jugenderholungsheime,Dänemark,239,1120
2020,Kinder- u. Jugenderholungsheime,Irland  (Republik),3,12
2020,Kinder- u. Jugenderholungsheime,Israel,5,15
2020,Kinder- u. Jugenderholungsheime,Italien,49,152
2020,Kinder- u. Jugenderholungsheime,Kärnten,503,2903
2020,Kinder- u. Jugenderholungsheime,Mitteldeutschland,9,56
2020,Kinder- u. Jugenderholungsheime,Niederlande,49,417
2020,Kinder- u. Jugenderholungsheime,Niederösterreich,156,675
2020,Kinder- u. Jugenderholungsheime,Norddeutschland,6,42
2020,Kinder- u. Jugenderholungsheime,Nordrhein-Westfalen,20,148
2020,Kinder- u. Jugenderholungsheime,Oberösterreich,63,193
2020,Kinder- u. Jugenderholungsheime,Ostdeutschland,483,1817
2020,Kinder- u. Jugenderholungsheime,Polen,4,16
2020,Kinder- u. Jugenderholungsheime,Salzburg,10,45
2020,Kinder- u. Jugenderholungsheime,Schweden,5,20
2020,Kinder- u. Jugenderholungsheime,Slowakei,8,32
2020,Kinder- u. Jugenderholungsheime,Steiermark,841,9253
2020,Kinder- u. Jugenderholungsheime,Tirol,51,459
2020,Kinder- u. Jugenderholungsheime,Tschechische Republik,64,292
2020,Kinder- u. Jugenderholungsheime,Ungarn,8,48
2020,Kinder- u. Jugenderholungsheime,Wien,759,7478
2020,Kurheim der Sozialversich.träger,Baden Württemberg,1,39
2020,Kurheim der Sozialversich.träger,Burgenland,203,4103
2020,Kurheim der Sozialversich.träger,Italien,7,51
2020,Kurheim der Sozialversich.träger,Kärnten,5413,100103
2020,Kurheim der Sozialversich.träger,Niederösterreich,980,19787
2020,Kurheim der Sozialversich.träger,Norddeutschland,1,7
2020,Kurheim der Sozialversich.träger,Oberösterreich,708,13763
2020,Kurheim der Sozialversich.träger,Salzburg,465,8974
2020,Kurheim der Sozialversich.träger,Schweiz und Liechtenstein,2,16
2020,Kurheim der Sozialversich.träger,Slowakei,36,37
2020,Kurheim der Sozialversich.träger,Slowenien,18,155
2020,Kurheim der Sozialversich.träger,Steiermark,1861,37975
2020,Kurheim der Sozialversich.träger,Tirol,403,7625
2020,Kurheim der Sozialversich.träger,Türkei,3,37
2020,Kurheim der Sozialversich.träger,Vorarlberg,96,1848
2020,Kurheim der Sozialversich.träger,Wien,1160,23001
2020,Private u. öffentl. Kurheime,Baden Württemberg,14,141
2020,Private u. öffentl. Kurheime,Bayern,31,365
2020,Private u. öffentl. Kurheime,Berlin,4,58
2020,Private u. öffentl. Kurheime,Bulgarien,0,1
2020,Private u. öffentl. Kurheime,Burgenland,225,3960
2020,Private u. öffentl. Kurheime,Italien,7,37
2020,Private u. öffentl. Kurheime,Kroatien,1,6
2020,Private u. öffentl. Kurheime,Kärnten,2640,52247
2020,Private u. öffentl. Kurheime,Mitteldeutschland,12,160
2020,Private u. öffentl. Kurheime,Niederösterreich,1538,23322
2020,Private u. öffentl. Kurheime,Norddeutschland,24,244
2020,Private u. öffentl. Kurheime,Nordrhein-Westfalen,9,137
2020,Private u. öffentl. Kurheime,Oberösterreich,762,11625
2020,Private u. öffentl. Kurheime,Ostdeutschland,7,72
2020,Private u. öffentl. Kurheime,Polen,2,42
2020,Private u. öffentl. Kurheime,Russland,2,14
2020,Private u. öffentl. Kurheime,Salzburg,518,9649
2020,Private u. öffentl. Kurheime,Schweiz und Liechtenstein,5,21
2020,Private u. öffentl. Kurheime,Slowenien,2,42
2020,Private u. öffentl. Kurheime,Steiermark,880,14917
2020,Private u. öffentl. Kurheime,Tirol,513,8911
2020,Private u. öffentl. Kurheime,USA,1,20
2020,Private u. öffentl. Kurheime,Vorarlberg,101,1624
2020,Private u. öffentl. Kurheime,Wien,1813,28905
2020,Private u. öffentl. Kurheime,Übriges Afrika,2,2
2020,Sonstige Unterkunft,Arabische Länder Asiens,7,15
2020,Sonstige Unterkunft,Australien,4,6
2020,Sonstige Unterkunft,Baden Württemberg,3137,15375
2020,Sonstige Unterkunft,Bayern,6120,25213
2020,Sonstige Unterkunft,Belgien,512,2301
2020,Sonstige Unterkunft,Berlin,1108,6576
2020,Sonstige Unterkunft,Brasilien,3,10
2020,Sonstige Unterkunft,Bulgarien,93,2517
2020,Sonstige Unterkunft,Burgenland,1112,3890
2020,Sonstige Unterkunft,China,13,13
2020,Sonstige Unterkunft,Dänemark,320,1294
2020,Sonstige Unterkunft,Estland,23,28
2020,Sonstige Unterkunft,Finnland,15,31
2020,Sonstige Unterkunft,Frankreich,303,871
2020,Sonstige Unterkunft,Griechenland,24,98
2020,Sonstige Unterkunft,Indien,8,93
2020,Sonstige Unterkunft,Irland  (Republik),7,145
2020,Sonstige Unterkunft,Island,3,3
2020,Sonstige Unterkunft,Israel,103,221
2020,Sonstige Unterkunft,Italien,1671,4333
2020,Sonstige Unterkunft,Kanada,13,33
2020,Sonstige Unterkunft,Kroatien,293,3142
2020,Sonstige Unterkunft,Kärnten,5992,30220
2020,Sonstige Unterkunft,Lettland,64,93
2020,Sonstige Unterkunft,Litauen,61,191
2020,Sonstige Unterkunft,Luxemburg,29,133
2020,Sonstige Unterkunft,Malta,5,22
2020,Sonstige Unterkunft,Mitteldeutschland,2555,14095
2020,Sonstige Unterkunft,Niederlande,2597,10133
2020,Sonstige Unterkunft,Niederösterreich,8554,36914
2020,Sonstige Unterkunft,Norddeutschland,1898,12676
2020,Sonstige Unterkunft,Nordrhein-Westfalen,3382,20542
2020,Sonstige Unterkunft,Norwegen,19,44
2020,Sonstige Unterkunft,Oberösterreich,6515,29438
2020,Sonstige Unterkunft,Ostdeutschland,2768,14907
2020,Sonstige Unterkunft,Polen,1388,12060
2020,Sonstige Unterkunft,Portugal,20,124
2020,Sonstige Unterkunft,Rumänien,235,1295
2020,Sonstige Unterkunft,Russland,42,168
2020,Sonstige Unterkunft,Salzburg,2906,9858
2020,Sonstige Unterkunft,Saudi-Arabien,8,20
2020,Sonstige Unterkunft,Schweden,49,128
2020,Sonstige Unterkunft,Schweiz und Liechtenstein,521,1934
2020,Sonstige Unterkunft,Slowakei,589,3470
2020,Sonstige Unterkunft,Slowenien,624,4724
2020,Sonstige Unterkunft,Spanien,79,222
2020,Sonstige Unterkunft,Steiermark,7869,28256
2020,Sonstige Unterkunft,Südafrika,2,4
2020,Sonstige Unterkunft,Südkorea,1,3
2020,Sonstige Unterkunft,Südostasien,13,23
2020,Sonstige Unterkunft,Tirol,2474,9173
2020,Sonstige Unterkunft,Tschechische Republik,1433,4170
2020,Sonstige Unterkunft,Türkei,9,124
2020,Sonstige Unterkunft,USA,52,295
2020,Sonstige Unterkunft,Ukraine,62,270
2020,Sonstige Unterkunft,Ungarn,1396,9817
2020,Sonstige Unterkunft,Vereinigte Arabische Emirate,2,2
2020,Sonstige Unterkunft,Vereinigtes Königreich,66,197
2020,Sonstige Unterkunft,Vorarlberg,546,2111
2020,Sonstige Unterkunft,Wien,10915,53914
2020,Sonstige Unterkunft,Zentral- und Südamerika,17,69
2020,Sonstige Unterkunft,Zypern,1,11
2020,Sonstige Unterkunft,ehem. Jugoslawien,112,722
2020,Sonstige Unterkunft,Übriges Afrika,7,23
2020,Sonstige Unterkunft,Übriges Asien,18,119
2020,Sonstige Unterkunft,Übriges Ausland,65,158
2020,Sonstige Unterkunft,übrige GUS,14,158
2020,Unterkunft auf Bauernhof,Arabische Länder Asiens,8,28
2020,Unterkunft auf Bauernhof,Baden Württemberg,2198,17312
2020,Unterkunft auf Bauernhof,Bayern,4431,28273
2020,Unterkunft auf Bauernhof,Belgien,314,2503
2020,Unterkunft auf Bauernhof,Berlin,953,8769
2020,Unterkunft auf Bauernhof,Brasilien,4,24
2020,Unterkunft auf Bauernhof,Bulgarien,7,17
2020,Unterkunft auf Bauernhof,Burgenland,547,2867
2020,Unterkunft auf Bauernhof,China,4,4
2020,Unterkunft auf Bauernhof,Dänemark,57,257
2020,Unterkunft auf Bauernhof,Estland,2,6
2020,Unterkunft auf Bauernhof,Finnland,13,47
2020,Unterkunft auf Bauernhof,Frankreich,79,366
2020,Unterkunft auf Bauernhof,Griechenland,4,14
2020,Unterkunft auf Bauernhof,Indien,4,17
2020,Unterkunft auf Bauernhof,Irland  (Republik),7,98
2020,Unterkunft auf Bauernhof,Island,5,85
2020,Unterkunft auf Bauernhof,Israel,81,371
2020,Unterkunft auf Bauernhof,Italien,658,2736
2020,Unterkunft auf Bauernhof,Kroatien,81,931
2020,Unterkunft auf Bauernhof,Kärnten,1317,5598
2020,Unterkunft auf Bauernhof,Lettland,17,59
2020,Unterkunft auf Bauernhof,Litauen,13,31
2020,Unterkunft auf Bauernhof,Luxemburg,12,68
2020,Unterkunft auf Bauernhof,Malta,2,14
2020,Unterkunft auf Bauernhof,Mitteldeutschland,1726,14471
2020,Unterkunft auf Bauernhof,Niederlande,1400,11250
2020,Unterkunft auf Bauernhof,Niederösterreich,3834,21905
2020,Unterkunft auf Bauernhof,Norddeutschland,1826,16595
2020,Unterkunft auf Bauernhof,Nordrhein-Westfalen,3146,32546
2020,Unterkunft auf Bauernhof,Norwegen,2,18
2020,Unterkunft auf Bauernhof,Oberösterreich,2190,11085
2020,Unterkunft auf Bauernhof,Ostdeutschland,2956,24571
2020,Unterkunft auf Bauernhof,Polen,836,4494
2020,Unterkunft auf Bauernhof,Rumänien,129,932
2020,Unterkunft auf Bauernhof,Russland,10,26
2020,Unterkunft auf Bauernhof,Salzburg,713,3350
2020,Unterkunft auf Bauernhof,Saudi-Arabien,2,4
2020,Unterkunft auf Bauernhof,Schweden,21,178
2020,Unterkunft auf Bauernhof,Schweiz und Liechtenstein,216,1460
2020,Unterkunft auf Bauernhof,Slowakei,264,2568
2020,Unterkunft auf Bauernhof,Slowenien,117,1121
2020,Unterkunft auf Bauernhof,Spanien,21,107
2020,Unterkunft auf Bauernhof,Steiermark,2491,12281
2020,Unterkunft auf Bauernhof,Südostasien,1,2
2020,Unterkunft auf Bauernhof,Tirol,572,2815
2020,Unterkunft auf Bauernhof,Tschechische Republik,796,4130
2020,Unterkunft auf Bauernhof,Türkei,3,9
2020,Unterkunft auf Bauernhof,USA,23,123
2020,Unterkunft auf Bauernhof,Ukraine,9,65
2020,Unterkunft auf Bauernhof,Ungarn,508,4124
2020,Unterkunft auf Bauernhof,Vereinigtes Königreich,20,215
2020,Unterkunft auf Bauernhof,Vorarlberg,300,1527
2020,Unterkunft auf Bauernhof,Wien,4030,24571
2020,Unterkunft auf Bauernhof,Zentral- und Südamerika,10,46
2020,Unterkunft auf Bauernhof,ehem. Jugoslawien,88,1218
2020,Unterkunft auf Bauernhof,Übriges Afrika,6,44
2020,Unterkunft auf Bauernhof,Übriges Asien,3,6
2020,Unterkunft auf Bauernhof,Übriges Ausland,32,231
2020,Unterkunft auf Bauernhof,übrige GUS,9,29
2021,Bewirtschaftete Schutzhütten,Arabische Länder Asiens,0,0
2021,Bewirtschaftete Schutzhütten,Australien,0,9
2021,Bewirtschaftete Schutzhütten,Baden Württemberg,835,1021
2021,Bewirtschaftete Schutzhütten,Bayern,2034,2718
2021,Bewirtschaftete Schutzhütten,Belgien,85,89
2021,Bewirtschaftete Schutzhütten,Berlin,752,917
2021,Bewirtschaftete Schutzhütten,Brasilien,0,6
2021,Bewirtschaftete Schutzhütten,Bulgarien,0,0
2021,Bewirtschaftete Schutzhütten,Burgenland,367,590
2021,Bewirtschaftete Schutzhütten,China,0,6
2021,Bewirtschaftete Schutzhütten,Dänemark,43,128
2021,Bewirtschaftete Schutzhütten,Estland,0,3
2021,Bewirtschaftete Schutzhütten,Finnland,0,0
2021,Bewirtschaftete Schutzhütten,Frankreich,372,385
2021,Bewirtschaftete Schutzhütten,Griechenland,0,0
2021,Bewirtschaftete Schutzhütten,Indien,0,0
2021,Bewirtschaftete Schutzhütten,Irland  (Republik),1,1
2021,Bewirtschaftete Schutzhütten,Island,0,0
2021,Bewirtschaftete Schutzhütten,Israel,2,2
2021,Bewirtschaftete Schutzhütten,Italien,1897,2008
2021,Bewirtschaftete Schutzhütten,Japan,0,6
2021,Bewirtschaftete Schutzhütten,Kanada,6,6
2021,Bewirtschaftete Schutzhütten,Kroatien,2,15
2021,Bewirtschaftete Schutzhütten,Kärnten,2337,3465
2021,Bewirtschaftete Schutzhütten,Lettland,1,1
2021,Bewirtschaftete Schutzhütten,Litauen,0,0
2021,Bewirtschaftete Schutzhütten,Luxemburg,0,0
2021,Bewirtschaftete Schutzhütten,Malta,0,0
2021,Bewirtschaftete Schutzhütten,Mitteldeutschland,639,951
2021,Bewirtschaftete Schutzhütten,Neuseeland,0,0
2021,Bewirtschaftete Schutzhütten,Niederlande,667,915
2021,Bewirtschaftete Schutzhütten,Niederösterreich,920,1068
2021,Bewirtschaftete Schutzhütten,Norddeutschland,227,496
2021,Bewirtschaftete Schutzhütten,Nordrhein-Westfalen,962,1382
2021,Bewirtschaftete Schutzhütten,Norwegen,0,0
2021,Bewirtschaftete Schutzhütten,Oberösterreich,896,1060
2021,Bewirtschaftete Schutzhütten,Ostdeutschland,755,901
2021,Bewirtschaftete Schutzhütten,Polen,119,129
2021,Bewirtschaftete Schutzhütten,Portugal,0,0
2021,Bewirtschaftete Schutzhütten,Rumänien,9,18
2021,Bewirtschaftete Schutzhütten,Russland,1,1
2021,Bewirtschaftete Schutzhütten,Salzburg,897,992
2021,Bewirtschaftete Schutzhütten,Saudi-Arabien,0,0
2021,Bewirtschaftete Schutzhütten,Schweden,23,29
2021,Bewirtschaftete Schutzhütten,Schweiz und Liechtenstein,83,118
2021,Bewirtschaftete Schutzhütten,Slowakei,87,87
2021,Bewirtschaftete Schutzhütten,Slowenien,457,481
2021,Bewirtschaftete Schutzhütten,Spanien,17,17
2021,Bewirtschaftete Schutzhütten,Steiermark,1011,1246
2021,Bewirtschaftete Schutzhütten,Südafrika,0,0
2021,Bewirtschaftete Schutzhütten,Südkorea,0,0
2021,Bewirtschaftete Schutzhütten,Südostasien,1,1
2021,Bewirtschaftete Schutzhütten,Taiwan,0,0
2021,Bewirtschaftete Schutzhütten,Tirol,853,1038
2021,Bewirtschaftete Schutzhütten,Tschechische Republik,735,757
2021,Bewirtschaftete Schutzhütten,Türkei,0,0
2021,Bewirtschaftete Schutzhütten,USA,19,19
2021,Bewirtschaftete Schutzhütten,Ukraine,2,2
2021,Bewirtschaftete Schutzhütten,Ungarn,141,195
2021,Bewirtschaftete Schutzhütten,Vereinigte Arabische Emirate,0,0
2021,Bewirtschaftete Schutzhütten,Vereinigtes Königreich,23,23
2021,Bewirtschaftete Schutzhütten,Vorarlberg,603,637
2021,Bewirtschaftete Schutzhütten,Wien,1212,1749
2021,Bewirtschaftete Schutzhütten,Zentral- und Südamerika,0,0
2021,Bewirtschaftete Schutzhütten,Zypern,0,0
2021,Bewirtschaftete Schutzhütten,ehem. Jugoslawien,0,0
2021,Bewirtschaftete Schutzhütten,Übriges Afrika,0,0
2021,Bewirtschaftete Schutzhütten,Übriges Asien,0,2
2021,Bewirtschaftete Schutzhütten,Übriges Ausland,2864,2864
2021,Bewirtschaftete Schutzhütten,übrige GUS,5,15
2021,Campingplatz,Arabische Länder Asiens,10,40
2021,Campingplatz,Australien,78,195
2021,Campingplatz,Baden Württemberg,32204,149833
2021,Campingplatz,Bayern,67401,288864
2021,Campingplatz,Belgien,4733,22288
2021,Campingplatz,Berlin,6385,22356
2021,Campingplatz,Brasilien,3,3
2021,Campingplatz,Bulgarien,74,161
2021,Campingplatz,Burgenland,2433,13008
2021,Campingplatz,China,5,14
2021,Campingplatz,Dänemark,4558,19431
2021,Campingplatz,Estland,117,204
2021,Campingplatz,Finnland,301,690
2021,Campingplatz,Frankreich,2083,4188
2021,Campingplatz,Griechenland,32,65
2021,Campingplatz,Indien,2,2
2021,Campingplatz,Irland  (Republik),85,121
2021,Campingplatz,Island,13,19
2021,Campingplatz,Israel,193,337
2021,Campingplatz,Italien,11110,36140
2021,Campingplatz,Japan,6,7
2021,Campingplatz,Kanada,53,237
2021,Campingplatz,Kroatien,247,614
2021,Campingplatz,Kärnten,9803,148626
2021,Campingplatz,Lettland,94,151
2021,Campingplatz,Litauen,420,618
2021,Campingplatz,Luxemburg,656,5028
2021,Campingplatz,Malta,39,86
2021,Campingplatz,Mitteldeutschland,22633,100537
2021,Campingplatz,Neuseeland,36,186
2021,Campingplatz,Niederlande,64738,469702
2021,Campingplatz,Niederösterreich,19319,152293
2021,Campingplatz,Norddeutschland,27748,124760
2021,Campingplatz,Nordrhein-Westfalen,40381,210370
2021,Campingplatz,Norwegen,617,994
2021,Campingplatz,Oberösterreich,15555,88206
2021,Campingplatz,Ostdeutschland,25585,96895
2021,Campingplatz,Polen,4351,9839
2021,Campingplatz,Portugal,66,157
2021,Campingplatz,Rumänien,531,1666
2021,Campingplatz,Russland,25,57
2021,Campingplatz,Salzburg,11178,91734
2021,Campingplatz,Saudi-Arabien,14,26
2021,Campingplatz,Schweden,1634,2790
2021,Campingplatz,Schweiz und Liechtenstein,6717,28916
2021,Campingplatz,Slowakei,1665,4491
2021,Campingplatz,Slowenien,3056,7421
2021,Campingplatz,Spanien,476,1083
2021,Campingplatz,Steiermark,27996,333676
2021,Campingplatz,Südafrika,6,14
2021,Campingplatz,Südkorea,4,4
2021,Campingplatz,Südostasien,8,23
2021,Campingplatz,Taiwan,0,0
2021,Campingplatz,Tirol,7710,47091
2021,Campingplatz,Tschechische Republik,13364,39201
2021,Campingplatz,Türkei,16,42
2021,Campingplatz,USA,113,212
2021,Campingplatz,Ukraine,107,273
2021,Campingplatz,Ungarn,2708,7646
2021,Campingplatz,Vereinigte Arabische Emirate,12,56
2021,Campingplatz,Vereinigtes Königreich,1508,4405
2021,Campingplatz,Vorarlberg,1703,12144
2021,Campingplatz,Wien,14285,100900
2021,Campingplatz,Zentral- und Südamerika,75,247
2021,Campingplatz,Zypern,0,0
2021,Campingplatz,ehem. Jugoslawien,41,82
2021,Campingplatz,Übriges Afrika,76,220
2021,Campingplatz,Übriges Asien,32,53
2021,Campingplatz,Übriges Ausland,1357,4428
2021,Campingplatz,übrige GUS,18,46
2021,Ferienwohnung,Arabische Länder Asiens,196,1004
2021,Ferienwohnung,Australien,165,606
2021,Ferienwohnung,Baden Württemberg,18119,120626
2021,Ferienwohnung,Bayern,40256,218392
2021,Ferienwohnung,Belgien,4063,27996
2021,Ferienwohnung,Berlin,7581,52245
2021,Ferienwohnung,Brasilien,28,100
2021,Ferienwohnung,Bulgarien,299,1906
2021,Ferienwohnung,Burgenland,7031,28565
2021,Ferienwohnung,China,65,298
2021,Ferienwohnung,Dänemark,1310,6063
2021,Ferienwohnung,Estland,194,810
2021,Ferienwohnung,Finnland,205,877
2021,Ferienwohnung,Frankreich,1238,5503
2021,Ferienwohnung,Griechenland,129,550
2021,Ferienwohnung,Indien,47,333
2021,Ferienwohnung,Irland  (Republik),284,1375
2021,Ferienwohnung,Island,39,235
2021,Ferienwohnung,Israel,1911,10216
2021,Ferienwohnung,Italien,11586,50804
2021,Ferienwohnung,Japan,47,289
2021,Ferienwohnung,Kanada,163,632
2021,Ferienwohnung,Kroatien,4557,23747
2021,Ferienwohnung,Kärnten,11945,61008
2021,Ferienwohnung,Lettland,213,878
2021,Ferienwohnung,Litauen,462,1937
2021,Ferienwohnung,Luxemburg,192,1084
2021,Ferienwohnung,Malta,46,179
2021,Ferienwohnung,Mitteldeutschland,15732,115152
2021,Ferienwohnung,Neuseeland,47,274
2021,Ferienwohnung,Niederlande,31171,232088
2021,Ferienwohnung,Niederösterreich,40735,201902
2021,Ferienwohnung,Norddeutschland,13673,110592
2021,Ferienwohnung,Nordrhein-Westfalen,23480,206665
2021,Ferienwohnung,Norwegen,135,536
2021,Ferienwohnung,Oberösterreich,18002,86152
2021,Ferienwohnung,Ostdeutschland,19217,138186
2021,Ferienwohnung,Polen,11178,63870
2021,Ferienwohnung,Portugal,123,620
2021,Ferienwohnung,Rumänien,2024,15669
2021,Ferienwohnung,Russland,190,1026
2021,Ferienwohnung,Salzburg,9731,37831
2021,Ferienwohnung,Saudi-Arabien,223,750
2021,Ferienwohnung,Schweden,596,2425
2021,Ferienwohnung,Schweiz und Liechtenstein,3212,17981
2021,Ferienwohnung,Slowakei,8037,39559
2021,Ferienwohnung,Slowenien,6246,33230
2021,Ferienwohnung,Spanien,449,2412
2021,Ferienwohnung,Steiermark,26566,117040
2021,Ferienwohnung,Südafrika,26,95
2021,Ferienwohnung,Südkorea,48,273
2021,Ferienwohnung,Südostasien,163,576
2021,Ferienwohnung,Taiwan,38,101
2021,Ferienwohnung,Tirol,5379,24869
2021,Ferienwohnung,Tschechische Republik,27012,125044
2021,Ferienwohnung,Türkei,69,229
2021,Ferienwohnung,USA,897,4397
2021,Ferienwohnung,Ukraine,1026,6306
2021,Ferienwohnung,Ungarn,17138,85652
2021,Ferienwohnung,Vereinigte Arabische Emirate,252,1054
2021,Ferienwohnung,Vereinigtes Königreich,1544,8322
2021,Ferienwohnung,Vorarlberg,2701,13970
2021,Ferienwohnung,Wien,35189,197678
2021,Ferienwohnung,Zentral- und Südamerika,317,1617
2021,Ferienwohnung,Zypern,30,94
2021,Ferienwohnung,ehem. Jugoslawien,1186,9092
2021,Ferienwohnung,Übriges Afrika,172,1144
2021,Ferienwohnung,Übriges Asien,49,178
2021,Ferienwohnung,Übriges Ausland,289,1747
2021,Ferienwohnung,übrige GUS,161,679
2021,Hotel 1 oder 2*,Arabische Länder Asiens,54,183
2021,Hotel 1 oder 2*,Australien,82,156
2021,Hotel 1 oder 2*,Baden Württemberg,6935,18571
2021,Hotel 1 oder 2*,Bayern,15371,38806
2021,Hotel 1 oder 2*,Belgien,1289,4767
2021,Hotel 1 oder 2*,Berlin,1922,6548
2021,Hotel 1 oder 2*,Brasilien,33,66
2021,Hotel 1 oder 2*,Bulgarien,162,443
2021,Hotel 1 oder 2*,Burgenland,3567,9404
2021,Hotel 1 oder 2*,China,10,22
2021,Hotel 1 oder 2*,Dänemark,450,1036
2021,Hotel 1 oder 2*,Estland,80,157
2021,Hotel 1 oder 2*,Finnland,116,161
2021,Hotel 1 oder 2*,Frankreich,811,1662
2021,Hotel 1 oder 2*,Griechenland,54,141
2021,Hotel 1 oder 2*,Indien,13,20
2021,Hotel 1 oder 2*,Irland  (Republik),99,192
2021,Hotel 1 oder 2*,Island,8,32
2021,Hotel 1 oder 2*,Israel,168,300
2021,Hotel 1 oder 2*,Italien,7427,13602
2021,Hotel 1 oder 2*,Japan,21,70
2021,Hotel 1 oder 2*,Kanada,60,112
2021,Hotel 1 oder 2*,Kroatien,1390,4942
2021,Hotel 1 oder 2*,Kärnten,9922,25578
2021,Hotel 1 oder 2*,Lettland,44,61
2021,Hotel 1 oder 2*,Litauen,220,281
2021,Hotel 1 oder 2*,Luxemburg,79,155
2021,Hotel 1 oder 2*,Malta,8,16
2021,Hotel 1 oder 2*,Mitteldeutschland,5809,16588
2021,Hotel 1 oder 2*,Neuseeland,24,35
2021,Hotel 1 oder 2*,Niederlande,5922,17706
2021,Hotel 1 oder 2*,Niederösterreich,15908,48561
2021,Hotel 1 oder 2*,Norddeutschland,4181,15161
2021,Hotel 1 oder 2*,Nordrhein-Westfalen,6395,24216
2021,Hotel 1 oder 2*,Norwegen,114,205
2021,Hotel 1 oder 2*,Oberösterreich,11052,34123
2021,Hotel 1 oder 2*,Ostdeutschland,7465,21167
2021,Hotel 1 oder 2*,Polen,3232,8361
2021,Hotel 1 oder 2*,Portugal,35,87
2021,Hotel 1 oder 2*,Rumänien,678,2970
2021,Hotel 1 oder 2*,Russland,60,104
2021,Hotel 1 oder 2*,Salzburg,5457,13809
2021,Hotel 1 oder 2*,Saudi-Arabien,19,33
2021,Hotel 1 oder 2*,Schweden,386,578
2021,Hotel 1 oder 2*,Schweiz und Liechtenstein,2064,5606
2021,Hotel 1 oder 2*,Slowakei,1306,5350
2021,Hotel 1 oder 2*,Slowenien,1409,3566
2021,Hotel 1 oder 2*,Spanien,319,638
2021,Hotel 1 oder 2*,Steiermark,17714,43204
2021,Hotel 1 oder 2*,Südafrika,321,333
2021,Hotel 1 oder 2*,Südkorea,17,22
2021,Hotel 1 oder 2*,Südostasien,43,80
2021,Hotel 1 oder 2*,Taiwan,24,44
2021,Hotel 1 oder 2*,Tirol,4386,10866
2021,Hotel 1 oder 2*,Tschechische Republik,4051,9574
2021,Hotel 1 oder 2*,Türkei,60,140
2021,Hotel 1 oder 2*,USA,452,996
2021,Hotel 1 oder 2*,Ukraine,307,446
2021,Hotel 1 oder 2*,Ungarn,4663,18550
2021,Hotel 1 oder 2*,Vereinigte Arabische Emirate,30,41
2021,Hotel 1 oder 2*,Vereinigtes Königreich,511,1092
2021,Hotel 1 oder 2*,Vorarlberg,2058,5561
2021,Hotel 1 oder 2*,Wien,16876,55832
2021,Hotel 1 oder 2*,Zentral- und Südamerika,104,199
2021,Hotel 1 oder 2*,Zypern,15,21
2021,Hotel 1 oder 2*,ehem. Jugoslawien,498,1806
2021,Hotel 1 oder 2*,Übriges Afrika,30,69
2021,Hotel 1 oder 2*,Übriges Asien,13,44
2021,Hotel 1 oder 2*,Übriges Ausland,203,380
2021,Hotel 1 oder 2*,übrige GUS,35,61
2021,Hotel 3*,Arabische Länder Asiens,157,362
2021,Hotel 3*,Australien,345,636
2021,Hotel 3*,Baden Württemberg,26259,86703
2021,Hotel 3*,Bayern,59583,173567
2021,Hotel 3*,Belgien,5556,21263
2021,Hotel 3*,Berlin,10467,37736
2021,Hotel 3*,Brasilien,109,280
2021,Hotel 3*,Bulgarien,426,976
2021,Hotel 3*,Burgenland,16868,43856
2021,Hotel 3*,China,129,617
2021,Hotel 3*,Dänemark,2965,6347
2021,Hotel 3*,Estland,314,716
2021,Hotel 3*,Finnland,497,828
2021,Hotel 3*,Frankreich,2821,5542
2021,Hotel 3*,Griechenland,254,663
2021,Hotel 3*,Indien,103,502
2021,Hotel 3*,Irland  (Republik),674,2372
2021,Hotel 3*,Island,54,98
2021,Hotel 3*,Israel,986,2454
2021,Hotel 3*,Italien,31616,65004
2021,Hotel 3*,Japan,85,221
2021,Hotel 3*,Kanada,346,766
2021,Hotel 3*,Kroatien,5339,14591
2021,Hotel 3*,Kärnten,30526,72501
2021,Hotel 3*,Lettland,396,715
2021,Hotel 3*,Litauen,878,1841
2021,Hotel 3*,Luxemburg,458,1477
2021,Hotel 3*,Malta,86,200
2021,Hotel 3*,Mitteldeutschland,22732,78374
2021,Hotel 3*,Neuseeland,67,110
2021,Hotel 3*,Niederlande,26083,86545
2021,Hotel 3*,Niederösterreich,66742,208714
2021,Hotel 3*,Norddeutschland,17067,67657
2021,Hotel 3*,Nordrhein-Westfalen,27345,114921
2021,Hotel 3*,Norwegen,696,1274
2021,Hotel 3*,Oberösterreich,44174,122544
2021,Hotel 3*,Ostdeutschland,28270,109984
2021,Hotel 3*,Polen,13135,38443
2021,Hotel 3*,Portugal,169,714
2021,Hotel 3*,Rumänien,2291,7423
2021,Hotel 3*,Russland,413,1405
2021,Hotel 3*,Salzburg,20095,57621
2021,Hotel 3*,Saudi-Arabien,107,172
2021,Hotel 3*,Schweden,1488,2862
2021,Hotel 3*,Schweiz und Liechtenstein,8673,24920
2021,Hotel 3*,Slowakei,6547,20136
2021,Hotel 3*,Slowenien,6633,16304
2021,Hotel 3*,Spanien,835,1727
2021,Hotel 3*,Steiermark,66949,166225
2021,Hotel 3*,Südafrika,70,176
2021,Hotel 3*,Südkorea,146,295
2021,Hotel 3*,Südostasien,334,1422
2021,Hotel 3*,Taiwan,30,116
2021,Hotel 3*,Tirol,18745,53631
2021,Hotel 3*,Tschechische Republik,20605,68949
2021,Hotel 3*,Türkei,175,580
2021,Hotel 3*,USA,1653,3673
2021,Hotel 3*,Ukraine,1515,3232
2021,Hotel 3*,Ungarn,16713,58555
2021,Hotel 3*,Vereinigte Arabische Emirate,113,387
2021,Hotel 3*,Vereinigtes Königreich,2551,7515
2021,Hotel 3*,Vorarlberg,7540,20864
2021,Hotel 3*,Wien,62986,192704
2021,Hotel 3*,Zentral- und Südamerika,297,1237
2021,Hotel 3*,Zypern,38,96
2021,Hotel 3*,ehem. Jugoslawien,1541,4083
2021,Hotel 3*,Übriges Afrika,181,364
2021,Hotel 3*,Übriges Asien,70,168
2021,Hotel 3*,Übriges Ausland,2909,7567
2021,Hotel 3*,übrige GUS,274,449
2021,Hotel 4*,Arabische Länder Asiens,286,951
2021,Hotel 4*,Australien,377,674
2021,Hotel 4*,Baden Württemberg,26686,114057
2021,Hotel 4*,Bayern,74221,280850
2021,Hotel 4*,Belgien,6053,33404
2021,Hotel 4*,Berlin,9370,44283
2021,Hotel 4*,Brasilien,98,184
2021,Hotel 4*,Bulgarien,389,1041
2021,Hotel 4*,Burgenland,19913,62832
2021,Hotel 4*,China,132,350
2021,Hotel 4*,Dänemark,2051,6764
2021,Hotel 4*,Estland,173,465
2021,Hotel 4*,Finnland,406,1137
2021,Hotel 4*,Frankreich,2635,7389
2021,Hotel 4*,Griechenland,295,759
2021,Hotel 4*,Indien,153,600
2021,Hotel 4*,Irland  (Republik),351,1343
2021,Hotel 4*,Island,126,205
2021,Hotel 4*,Israel,1302,4133
2021,Hotel 4*,Italien,27154,68553
2021,Hotel 4*,Japan,224,725
2021,Hotel 4*,Kanada,323,813
2021,Hotel 4*,Kroatien,4610,13652
2021,Hotel 4*,Kärnten,52156,135991
2021,Hotel 4*,Lettland,162,320
2021,Hotel 4*,Litauen,341,656
2021,Hotel 4*,Luxemburg,670,2502
2021,Hotel 4*,Malta,119,273
2021,Hotel 4*,Mitteldeutschland,22246,106201
2021,Hotel 4*,Neuseeland,132,160
2021,Hotel 4*,Niederlande,12716,49596
2021,Hotel 4*,Niederösterreich,78530,279949
2021,Hotel 4*,Norddeutschland,18495,95419
2021,Hotel 4*,Nordrhein-Westfalen,27241,144196
2021,Hotel 4*,Norwegen,512,1164
2021,Hotel 4*,Oberösterreich,51971,167674
2021,Hotel 4*,Ostdeutschland,25782,127206
2021,Hotel 4*,Polen,7891,29608
2021,Hotel 4*,Portugal,211,760
2021,Hotel 4*,Rumänien,1687,4738
2021,Hotel 4*,Russland,315,875
2021,Hotel 4*,Salzburg,28283,78994
2021,Hotel 4*,Saudi-Arabien,215,413
2021,Hotel 4*,Schweden,1110,3021
2021,Hotel 4*,Schweiz und Liechtenstein,10334,33163
2021,Hotel 4*,Slowakei,4478,14857
2021,Hotel 4*,Slowenien,4620,11972
2021,Hotel 4*,Spanien,1011,2455
2021,Hotel 4*,Steiermark,87846,244963
2021,Hotel 4*,Südafrika,105,362
2021,Hotel 4*,Südkorea,165,459
2021,Hotel 4*,Südostasien,377,1153
2021,Hotel 4*,Taiwan,29,68
2021,Hotel 4*,Tirol,22184,70428
2021,Hotel 4*,Tschechische Republik,14541,55687
2021,Hotel 4*,Türkei,159,594
2021,Hotel 4*,USA,2575,6554
2021,Hotel 4*,Ukraine,1399,4393
2021,Hotel 4*,Ungarn,9400,36784
2021,Hotel 4*,Vereinigte Arabische Emirate,228,575
2021,Hotel 4*,Vereinigtes Königreich,2747,8916
2021,Hotel 4*,Vorarlberg,9899,29686
2021,Hotel 4*,Wien,82422,340941
2021,Hotel 4*,Zentral- und Südamerika,366,992
2021,Hotel 4*,Zypern,84,269
2021,Hotel 4*,ehem. Jugoslawien,1639,4343
2021,Hotel 4*,Übriges Afrika,316,1032
2021,Hotel 4*,Übriges Asien,95,269
2021,Hotel 4*,Übriges Ausland,866,2962
2021,Hotel 4*,übrige GUS,253,599
2021,Hotel 4* Superior,Arabische Länder Asiens,289,2015
2021,Hotel 4* Superior,Australien,62,209
2021,Hotel 4* Superior,Baden Württemberg,4818,23956
2021,Hotel 4* Superior,Bayern,15249,63503
2021,Hotel 4* Superior,Belgien,989,5523
2021,Hotel 4* Superior,Berlin,2467,12262
2021,Hotel 4* Superior,Brasilien,7,13
2021,Hotel 4* Superior,Bulgarien,57,268
2021,Hotel 4* Superior,Burgenland,3420,10805
2021,Hotel 4* Superior,China,43,158
2021,Hotel 4* Superior,Dänemark,225,712
2021,Hotel 4* Superior,Estland,17,64
2021,Hotel 4* Superior,Finnland,109,218
2021,Hotel 4* Superior,Frankreich,430,1656
2021,Hotel 4* Superior,Griechenland,36,144
2021,Hotel 4* Superior,Indien,57,402
2021,Hotel 4* Superior,Irland  (Republik),106,816
2021,Hotel 4* Superior,Island,12,24
2021,Hotel 4* Superior,Israel,220,949
2021,Hotel 4* Superior,Italien,3496,11096
2021,Hotel 4* Superior,Japan,43,201
2021,Hotel 4* Superior,Kanada,64,311
2021,Hotel 4* Superior,Kroatien,732,3103
2021,Hotel 4* Superior,Kärnten,16842,39067
2021,Hotel 4* Superior,Lettland,20,73
2021,Hotel 4* Superior,Litauen,36,168
2021,Hotel 4* Superior,Luxemburg,168,891
2021,Hotel 4* Superior,Malta,16,24
2021,Hotel 4* Superior,Mitteldeutschland,4049,22342
2021,Hotel 4* Superior,Neuseeland,5,7
2021,Hotel 4* Superior,Niederlande,1403,5995
2021,Hotel 4* Superior,Niederösterreich,14405,52997
2021,Hotel 4* Superior,Norddeutschland,3317,20258
2021,Hotel 4* Superior,Nordrhein-Westfalen,5686,34752
2021,Hotel 4* Superior,Norwegen,59,208
2021,Hotel 4* Superior,Oberösterreich,8785,28843
2021,Hotel 4* Superior,Ostdeutschland,3719,19656
2021,Hotel 4* Superior,Polen,1031,4560
2021,Hotel 4* Superior,Portugal,30,122
2021,Hotel 4* Superior,Rumänien,237,701
2021,Hotel 4* Superior,Russland,83,397
2021,Hotel 4* Superior,Salzburg,6965,19664
2021,Hotel 4* Superior,Saudi-Arabien,124,349
2021,Hotel 4* Superior,Schweden,217,652
2021,Hotel 4* Superior,Schweiz und Liechtenstein,2035,8340
2021,Hotel 4* Superior,Slowakei,554,2035
2021,Hotel 4* Superior,Slowenien,574,1752
2021,Hotel 4* Superior,Spanien,199,506
2021,Hotel 4* Superior,Steiermark,15935,45290
2021,Hotel 4* Superior,Südafrika,14,78
2021,Hotel 4* Superior,Südkorea,41,137
2021,Hotel 4* Superior,Südostasien,213,783
2021,Hotel 4* Superior,Taiwan,71,241
2021,Hotel 4* Superior,Tirol,5075,14727
2021,Hotel 4* Superior,Tschechische Republik,1426,5981
2021,Hotel 4* Superior,Türkei,24,99
2021,Hotel 4* Superior,USA,813,3749
2021,Hotel 4* Superior,Ukraine,146,442
2021,Hotel 4* Superior,Ungarn,915,3271
2021,Hotel 4* Superior,Vereinigte Arabische Emirate,100,390
2021,Hotel 4* Superior,Vereinigtes Königreich,1175,7645
2021,Hotel 4* Superior,Vorarlberg,1098,3450
2021,Hotel 4* Superior,Wien,20874,76529
2021,Hotel 4* Superior,Zentral- und Südamerika,36,86
2021,Hotel 4* Superior,Zypern,16,75
2021,Hotel 4* Superior,ehem. Jugoslawien,196,642
2021,Hotel 4* Superior,Übriges Afrika,45,217
2021,Hotel 4* Superior,Übriges Asien,19,147
2021,Hotel 4* Superior,Übriges Ausland,208,726
2021,Hotel 4* Superior,übrige GUS,18,33
2021,Hotel 5*,Arabische Länder Asiens,157,769
2021,Hotel 5*,Australien,27,104
2021,Hotel 5*,Baden Württemberg,368,1624
2021,Hotel 5*,Bayern,1310,5084
2021,Hotel 5*,Belgien,227,1099
2021,Hotel 5*,Berlin,2046,7493
2021,Hotel 5*,Brasilien,5,23
2021,Hotel 5*,Bulgarien,13,61
2021,Hotel 5*,Burgenland,547,1791
2021,Hotel 5*,China,2,8
2021,Hotel 5*,Dänemark,36,100
2021,Hotel 5*,Estland,44,108
2021,Hotel 5*,Finnland,21,62
2021,Hotel 5*,Frankreich,142,763
2021,Hotel 5*,Griechenland,27,208
2021,Hotel 5*,Indien,23,409
2021,Hotel 5*,Irland  (Republik),18,137
2021,Hotel 5*,Island,0,0
2021,Hotel 5*,Israel,127,461
2021,Hotel 5*,Italien,2328,7053
2021,Hotel 5*,Japan,34,58
2021,Hotel 5*,Kanada,30,176
2021,Hotel 5*,Kroatien,257,728
2021,Hotel 5*,Kärnten,4256,10051
2021,Hotel 5*,Lettland,10,13
2021,Hotel 5*,Litauen,0,0
2021,Hotel 5*,Luxemburg,34,141
2021,Hotel 5*,Malta,5,20
2021,Hotel 5*,Mitteldeutschland,311,1820
2021,Hotel 5*,Neuseeland,0,0
2021,Hotel 5*,Niederlande,282,1100
2021,Hotel 5*,Niederösterreich,2918,11484
2021,Hotel 5*,Norddeutschland,445,1913
2021,Hotel 5*,Nordrhein-Westfalen,625,3095
2021,Hotel 5*,Norwegen,16,25
2021,Hotel 5*,Oberösterreich,1691,5419
2021,Hotel 5*,Ostdeutschland,484,2181
2021,Hotel 5*,Polen,185,744
2021,Hotel 5*,Portugal,7,36
2021,Hotel 5*,Rumänien,141,623
2021,Hotel 5*,Russland,86,573
2021,Hotel 5*,Salzburg,1490,4666
2021,Hotel 5*,Saudi-Arabien,17,148
2021,Hotel 5*,Schweden,36,140
2021,Hotel 5*,Schweiz und Liechtenstein,540,2145
2021,Hotel 5*,Slowakei,181,503
2021,Hotel 5*,Slowenien,469,1219
2021,Hotel 5*,Spanien,34,143
2021,Hotel 5*,Steiermark,3855,10717
2021,Hotel 5*,Südafrika,4,6
2021,Hotel 5*,Südkorea,7,10
2021,Hotel 5*,Südostasien,54,146
2021,Hotel 5*,Taiwan,0,0
2021,Hotel 5*,Tirol,933,3097
2021,Hotel 5*,Tschechische Republik,445,1540
2021,Hotel 5*,Türkei,101,821
2021,Hotel 5*,USA,527,2143
2021,Hotel 5*,Ukraine,251,983
2021,Hotel 5*,Ungarn,352,1073
2021,Hotel 5*,Vereinigte Arabische Emirate,31,133
2021,Hotel 5*,Vereinigtes Königreich,629,4088
2021,Hotel 5*,Vorarlberg,117,395
2021,Hotel 5*,Wien,6112,23237
2021,Hotel 5*,Zentral- und Südamerika,15,77
2021,Hotel 5*,Zypern,12,80
2021,Hotel 5*,ehem. Jugoslawien,106,435
2021,Hotel 5*,Übriges Afrika,81,301
2021,Hotel 5*,Übriges Asien,10,20
2021,Hotel 5*,Übriges Ausland,16,93
2021,Hotel 5*,übrige GUS,37,152
2021,Jugendherbergen u. -gästehäuser,Arabische Länder Asiens,1,1
2021,Jugendherbergen u. -gästehäuser,Australien,4,5
2021,Jugendherbergen u. -gästehäuser,Baden Württemberg,944,2019
2021,Jugendherbergen u. -gästehäuser,Bayern,1531,3276
2021,Jugendherbergen u. -gästehäuser,Belgien,348,1504
2021,Jugendherbergen u. -gästehäuser,Berlin,222,502
2021,Jugendherbergen u. -gästehäuser,Brasilien,6,6
2021,Jugendherbergen u. -gästehäuser,Bulgarien,16,24
2021,Jugendherbergen u. -gästehäuser,Burgenland,4334,13502
2021,Jugendherbergen u. -gästehäuser,China,15,15
2021,Jugendherbergen u. -gästehäuser,Dänemark,111,363
2021,Jugendherbergen u. -gästehäuser,Estland,150,150
2021,Jugendherbergen u. -gästehäuser,Finnland,4,4
2021,Jugendherbergen u. -gästehäuser,Frankreich,105,180
2021,Jugendherbergen u. -gästehäuser,Griechenland,10,28
2021,Jugendherbergen u. -gästehäuser,Indien,25,69
2021,Jugendherbergen u. -gästehäuser,Irland  (Republik),11,24
2021,Jugendherbergen u. -gästehäuser,Island,0,0
2021,Jugendherbergen u. -gästehäuser,Israel,16,16
2021,Jugendherbergen u. -gästehäuser,Italien,1424,3377
2021,Jugendherbergen u. -gästehäuser,Japan,6,18
2021,Jugendherbergen u. -gästehäuser,Kanada,13,61
2021,Jugendherbergen u. -gästehäuser,Kroatien,193,295
2021,Jugendherbergen u. -gästehäuser,Kärnten,6208,35052
2021,Jugendherbergen u. -gästehäuser,Lettland,87,115
2021,Jugendherbergen u. -gästehäuser,Litauen,22,26
2021,Jugendherbergen u. -gästehäuser,Luxemburg,4,4
2021,Jugendherbergen u. -gästehäuser,Malta,0,0
2021,Jugendherbergen u. -gästehäuser,Mitteldeutschland,616,1397
2021,Jugendherbergen u. -gästehäuser,Neuseeland,0,0
2021,Jugendherbergen u. -gästehäuser,Niederlande,449,769
2021,Jugendherbergen u. -gästehäuser,Niederösterreich,1951,6273
2021,Jugendherbergen u. -gästehäuser,Norddeutschland,658,2315
2021,Jugendherbergen u. -gästehäuser,Nordrhein-Westfalen,904,2831
2021,Jugendherbergen u. -gästehäuser,Norwegen,7,13
2021,Jugendherbergen u. -gästehäuser,Oberösterreich,2056,5032
2021,Jugendherbergen u. -gästehäuser,Ostdeutschland,1451,2991
2021,Jugendherbergen u. -gästehäuser,Polen,569,922
2021,Jugendherbergen u. -gästehäuser,Portugal,78,434
2021,Jugendherbergen u. -gästehäuser,Rumänien,269,1325
2021,Jugendherbergen u. -gästehäuser,Russland,21,23
2021,Jugendherbergen u. -gästehäuser,Salzburg,2195,6802
2021,Jugendherbergen u. -gästehäuser,Saudi-Arabien,0,0
2021,Jugendherbergen u. -gästehäuser,Schweden,78,91
2021,Jugendherbergen u. -gästehäuser,Schweiz und Liechtenstein,179,370
2021,Jugendherbergen u. -gästehäuser,Slowakei,368,914
2021,Jugendherbergen u. -gästehäuser,Slowenien,536,1049
2021,Jugendherbergen u. -gästehäuser,Spanien,89,192
2021,Jugendherbergen u. -gästehäuser,Steiermark,3789,9898
2021,Jugendherbergen u. -gästehäuser,Südafrika,3,12
2021,Jugendherbergen u. -gästehäuser,Südkorea,4,30
2021,Jugendherbergen u. -gästehäuser,Südostasien,9,51
2021,Jugendherbergen u. -gästehäuser,Taiwan,0,0
2021,Jugendherbergen u. -gästehäuser,Tirol,1082,3201
2021,Jugendherbergen u. -gästehäuser,Tschechische Republik,883,2328
2021,Jugendherbergen u. -gästehäuser,Türkei,11,11
2021,Jugendherbergen u. -gästehäuser,USA,25,39
2021,Jugendherbergen u. -gästehäuser,Ukraine,166,260
2021,Jugendherbergen u. -gästehäuser,Ungarn,1002,3714
2021,Jugendherbergen u. -gästehäuser,Vereinigte Arabische Emirate,7,7
2021,Jugendherbergen u. -gästehäuser,Vereinigtes Königreich,38,79
2021,Jugendherbergen u. -gästehäuser,Vorarlberg,218,571
2021,Jugendherbergen u. -gästehäuser,Wien,7457,21144
2021,Jugendherbergen u. -gästehäuser,Zentral- und Südamerika,34,157
2021,Jugendherbergen u. -gästehäuser,Zypern,2,8
2021,Jugendherbergen u. -gästehäuser,ehem. Jugoslawien,48,186
2021,Jugendherbergen u. -gästehäuser,Übriges Afrika,6,33
2021,Jugendherbergen u. -gästehäuser,Übriges Asien,0,0
2021,Jugendherbergen u. -gästehäuser,Übriges Ausland,24,87
2021,Jugendherbergen u. -gästehäuser,übrige GUS,18,26
2021,Kinder- u. Jugenderholungsheime,Arabische Länder Asiens,0,0
2021,Kinder- u. Jugenderholungsheime,Australien,0,0
2021,Kinder- u. Jugenderholungsheime,Baden Württemberg,8,16
2021,Kinder- u. Jugenderholungsheime,Bayern,21,131
2021,Kinder- u. Jugenderholungsheime,Belgien,1900,11947
2021,Kinder- u. Jugenderholungsheime,Berlin,79,325
2021,Kinder- u. Jugenderholungsheime,Brasilien,0,0
2021,Kinder- u. Jugenderholungsheime,Bulgarien,0,0
2021,Kinder- u. Jugenderholungsheime,Burgenland,466,3579
2021,Kinder- u. Jugenderholungsheime,China,0,0
2021,Kinder- u. Jugenderholungsheime,Dänemark,1209,4506
2021,Kinder- u. Jugenderholungsheime,Estland,46,46
2021,Kinder- u. Jugenderholungsheime,Finnland,0,0
2021,Kinder- u. Jugenderholungsheime,Frankreich,0,0
2021,Kinder- u. Jugenderholungsheime,Griechenland,0,0
2021,Kinder- u. Jugenderholungsheime,Indien,0,0
2021,Kinder- u. Jugenderholungsheime,Irland  (Republik),0,0
2021,Kinder- u. Jugenderholungsheime,Island,0,0
2021,Kinder- u. Jugenderholungsheime,Israel,0,0
2021,Kinder- u. Jugenderholungsheime,Italien,44,173
2021,Kinder- u. Jugenderholungsheime,Japan,0,0
2021,Kinder- u. Jugenderholungsheime,Kanada,0,0
2021,Kinder- u. Jugenderholungsheime,Kroatien,81,157
2021,Kinder- u. Jugenderholungsheime,Kärnten,1166,5573
2021,Kinder- u. Jugenderholungsheime,Lettland,0,0
2021,Kinder- u. Jugenderholungsheime,Litauen,0,0
2021,Kinder- u. Jugenderholungsheime,Luxemburg,0,0
2021,Kinder- u. Jugenderholungsheime,Malta,0,0
2021,Kinder- u. Jugenderholungsheime,Mitteldeutschland,5,85
2021,Kinder- u. Jugenderholungsheime,Neuseeland,0,0
2021,Kinder- u. Jugenderholungsheime,Niederlande,54,54
2021,Kinder- u. Jugenderholungsheime,Niederösterreich,726,3729
2021,Kinder- u. Jugenderholungsheime,Norddeutschland,11,58
2021,Kinder- u. Jugenderholungsheime,Nordrhein-Westfalen,276,1375
2021,Kinder- u. Jugenderholungsheime,Norwegen,0,0
2021,Kinder- u. Jugenderholungsheime,Oberösterreich,162,623
2021,Kinder- u. Jugenderholungsheime,Ostdeutschland,195,670
2021,Kinder- u. Jugenderholungsheime,Polen,546,4118
2021,Kinder- u. Jugenderholungsheime,Portugal,0,0
2021,Kinder- u. Jugenderholungsheime,Rumänien,0,0
2021,Kinder- u. Jugenderholungsheime,Russland,0,0
2021,Kinder- u. Jugenderholungsheime,Salzburg,270,1393
2021,Kinder- u. Jugenderholungsheime,Saudi-Arabien,0,0
2021,Kinder- u. Jugenderholungsheime,Schweden,0,0
2021,Kinder- u. Jugenderholungsheime,Schweiz und Liechtenstein,5,15
2021,Kinder- u. Jugenderholungsheime,Slowakei,13,69
2021,Kinder- u. Jugenderholungsheime,Slowenien,21,28
2021,Kinder- u. Jugenderholungsheime,Spanien,4,20
2021,Kinder- u. Jugenderholungsheime,Steiermark,1771,11724
2021,Kinder- u. Jugenderholungsheime,Südafrika,0,0
2021,Kinder- u. Jugenderholungsheime,Südkorea,0,0
2021,Kinder- u. Jugenderholungsheime,Südostasien,0,0
2021,Kinder- u. Jugenderholungsheime,Taiwan,0,0
2021,Kinder- u. Jugenderholungsheime,Tirol,27,159
2021,Kinder- u. Jugenderholungsheime,Tschechische Republik,247,1273
2021,Kinder- u. Jugenderholungsheime,Türkei,0,0
2021,Kinder- u. Jugenderholungsheime,USA,0,0
2021,Kinder- u. Jugenderholungsheime,Ukraine,0,0
2021,Kinder- u. Jugenderholungsheime,Ungarn,42,191
2021,Kinder- u. Jugenderholungsheime,Vereinigte Arabische Emirate,0,0
2021,Kinder- u. Jugenderholungsheime,Vereinigtes Königreich,0,0
2021,Kinder- u. Jugenderholungsheime,Vorarlberg,27,70
2021,Kinder- u. Jugenderholungsheime,Wien,2522,15713
2021,Kinder- u. Jugenderholungsheime,Zentral- und Südamerika,0,0
2021,Kinder- u. Jugenderholungsheime,Zypern,0,0
2021,Kinder- u. Jugenderholungsheime,ehem. Jugoslawien,0,0
2021,Kinder- u. Jugenderholungsheime,Übriges Afrika,0,0
2021,Kinder- u. Jugenderholungsheime,Übriges Asien,1,3
2021,Kinder- u. Jugenderholungsheime,Übriges Ausland,0,0
2021,Kinder- u. Jugenderholungsheime,übrige GUS,0,0
2021,Kurheim der Sozialversich.träger,Arabische Länder Asiens,0,0
2021,Kurheim der Sozialversich.träger,Australien,0,0
2021,Kurheim der Sozialversich.träger,Baden Württemberg,4,128
2021,Kurheim der Sozialversich.träger,Bayern,37,85
2021,Kurheim der Sozialversich.träger,Belgien,0,0
2021,Kurheim der Sozialversich.träger,Berlin,0,0
2021,Kurheim der Sozialversich.träger,Brasilien,0,0
2021,Kurheim der Sozialversich.träger,Bulgarien,0,0
2021,Kurheim der Sozialversich.träger,Burgenland,306,5968
2021,Kurheim der Sozialversich.träger,China,0,0
2021,Kurheim der Sozialversich.träger,Dänemark,0,0
2021,Kurheim der Sozialversich.träger,Estland,0,0
2021,Kurheim der Sozialversich.träger,Finnland,0,0
2021,Kurheim der Sozialversich.träger,Frankreich,0,0
2021,Kurheim der Sozialversich.träger,Griechenland,0,0
2021,Kurheim der Sozialversich.träger,Indien,0,0
2021,Kurheim der Sozialversich.träger,Irland  (Republik),0,0
2021,Kurheim der Sozialversich.träger,Island,0,0
2021,Kurheim der Sozialversich.träger,Israel,0,0
2021,Kurheim der Sozialversich.träger,Italien,4,78
2021,Kurheim der Sozialversich.träger,Japan,0,0
2021,Kurheim der Sozialversich.träger,Kanada,0,0
2021,Kurheim der Sozialversich.träger,Kroatien,0,0
2021,Kurheim der Sozialversich.träger,Kärnten,5420,109417
2021,Kurheim der Sozialversich.träger,Lettland,0,0
2021,Kurheim der Sozialversich.träger,Litauen,0,0
2021,Kurheim der Sozialversich.träger,Luxemburg,0,0
2021,Kurheim der Sozialversich.träger,Malta,0,0
2021,Kurheim der Sozialversich.träger,Mitteldeutschland,0,0
2021,Kurheim der Sozialversich.träger,Neuseeland,0,0
2021,Kurheim der Sozialversich.träger,Niederlande,0,0
2021,Kurheim der Sozialversich.träger,Niederösterreich,1322,24214
2021,Kurheim der Sozialversich.träger,Norddeutschland,1,4
2021,Kurheim der Sozialversich.träger,Nordrhein-Westfalen,0,0
2021,Kurheim der Sozialversich.träger,Norwegen,0,0
2021,Kurheim der Sozialversich.träger,Oberösterreich,715,13040
2021,Kurheim der Sozialversich.träger,Ostdeutschland,0,0
2021,Kurheim der Sozialversich.träger,Polen,0,0
2021,Kurheim der Sozialversich.träger,Portugal,0,0
2021,Kurheim der Sozialversich.träger,Rumänien,0,0
2021,Kurheim der Sozialversich.träger,Russland,0,0
2021,Kurheim der Sozialversich.träger,Salzburg,467,8688
2021,Kurheim der Sozialversich.träger,Saudi-Arabien,0,0
2021,Kurheim der Sozialversich.träger,Schweden,0,0
2021,Kurheim der Sozialversich.träger,Schweiz und Liechtenstein,19,105
2021,Kurheim der Sozialversich.träger,Slowakei,0,0
2021,Kurheim der Sozialversich.träger,Slowenien,102,227
2021,Kurheim der Sozialversich.träger,Spanien,0,0
2021,Kurheim der Sozialversich.träger,Steiermark,2151,40493
2021,Kurheim der Sozialversich.träger,Südafrika,0,0
2021,Kurheim der Sozialversich.träger,Südkorea,0,0
2021,Kurheim der Sozialversich.träger,Südostasien,0,0
2021,Kurheim der Sozialversich.träger,Taiwan,0,0
2021,Kurheim der Sozialversich.träger,Tirol,525,9911
2021,Kurheim der Sozialversich.träger,Tschechische Republik,7,14
2021,Kurheim der Sozialversich.träger,Türkei,0,0
2021,Kurheim der Sozialversich.träger,USA,1,2
2021,Kurheim der Sozialversich.träger,Ukraine,0,0
2021,Kurheim der Sozialversich.träger,Ungarn,6,38
2021,Kurheim der Sozialversich.träger,Vereinigte Arabische Emirate,0,0
2021,Kurheim der Sozialversich.träger,Vereinigtes Königreich,0,0
2021,Kurheim der Sozialversich.träger,Vorarlberg,102,1695
2021,Kurheim der Sozialversich.träger,Wien,1347,25580
2021,Kurheim der Sozialversich.träger,Zentral- und Südamerika,0,0
2021,Kurheim der Sozialversich.träger,Zypern,0,0
2021,Kurheim der Sozialversich.träger,ehem. Jugoslawien,0,0
2021,Kurheim der Sozialversich.träger,Übriges Afrika,0,0
2021,Kurheim der Sozialversich.träger,Übriges Asien,0,0
2021,Kurheim der Sozialversich.träger,Übriges Ausland,0,0
2021,Kurheim der Sozialversich.träger,übrige GUS,0,0
2021,Private u. öffentl. Kurheime,Arabische Länder Asiens,0,0
2021,Private u. öffentl. Kurheime,Australien,1,24
2021,Private u. öffentl. Kurheime,Baden Württemberg,13,60
2021,Private u. öffentl. Kurheime,Bayern,36,337
2021,Private u. öffentl. Kurheime,Belgien,1,5
2021,Private u. öffentl. Kurheime,Berlin,0,0
2021,Private u. öffentl. Kurheime,Brasilien,0,0
2021,Private u. öffentl. Kurheime,Bulgarien,0,0
2021,Private u. öffentl. Kurheime,Burgenland,241,4092
2021,Private u. öffentl. Kurheime,China,0,0
2021,Private u. öffentl. Kurheime,Dänemark,0,0
2021,Private u. öffentl. Kurheime,Estland,0,0
2021,Private u. öffentl. Kurheime,Finnland,0,0
2021,Private u. öffentl. Kurheime,Frankreich,0,0
2021,Private u. öffentl. Kurheime,Griechenland,0,0
2021,Private u. öffentl. Kurheime,Indien,0,0
2021,Private u. öffentl. Kurheime,Irland  (Republik),0,0
2021,Private u. öffentl. Kurheime,Island,0,0
2021,Private u. öffentl. Kurheime,Israel,0,0
2021,Private u. öffentl. Kurheime,Italien,12,62
2021,Private u. öffentl. Kurheime,Japan,0,0
2021,Private u. öffentl. Kurheime,Kanada,0,0
2021,Private u. öffentl. Kurheime,Kroatien,0,10
2021,Private u. öffentl. Kurheime,Kärnten,2788,54948
2021,Private u. öffentl. Kurheime,Lettland,0,0
2021,Private u. öffentl. Kurheime,Litauen,0,0
2021,Private u. öffentl. Kurheime,Luxemburg,0,0
2021,Private u. öffentl. Kurheime,Malta,0,0
2021,Private u. öffentl. Kurheime,Mitteldeutschland,17,202
2021,Private u. öffentl. Kurheime,Neuseeland,0,0
2021,Private u. öffentl. Kurheime,Niederlande,0,0
2021,Private u. öffentl. Kurheime,Niederösterreich,1939,27994
2021,Private u. öffentl. Kurheime,Norddeutschland,21,236
2021,Private u. öffentl. Kurheime,Nordrhein-Westfalen,9,125
2021,Private u. öffentl. Kurheime,Norwegen,0,0
2021,Private u. öffentl. Kurheime,Oberösterreich,714,10600
2021,Private u. öffentl. Kurheime,Ostdeutschland,13,131
2021,Private u. öffentl. Kurheime,Polen,1,21
2021,Private u. öffentl. Kurheime,Portugal,0,0
2021,Private u. öffentl. Kurheime,Rumänien,0,0
2021,Private u. öffentl. Kurheime,Russland,0,0
2021,Private u. öffentl. Kurheime,Salzburg,531,9149
2021,Private u. öffentl. Kurheime,Saudi-Arabien,0,0
2021,Private u. öffentl. Kurheime,Schweden,0,0
2021,Private u. öffentl. Kurheime,Schweiz und Liechtenstein,5,22
2021,Private u. öffentl. Kurheime,Slowakei,4,65
2021,Private u. öffentl. Kurheime,Slowenien,1,21
2021,Private u. öffentl. Kurheime,Spanien,2,31
2021,Private u. öffentl. Kurheime,Steiermark,1025,15772
2021,Private u. öffentl. Kurheime,Südafrika,0,0
2021,Private u. öffentl. Kurheime,Südkorea,0,0
2021,Private u. öffentl. Kurheime,Südostasien,0,0
2021,Private u. öffentl. Kurheime,Taiwan,0,0
2021,Private u. öffentl. Kurheime,Tirol,718,10049
2021,Private u. öffentl. Kurheime,Tschechische Republik,0,0
2021,Private u. öffentl. Kurheime,Türkei,0,0
2021,Private u. öffentl. Kurheime,USA,1,11
2021,Private u. öffentl. Kurheime,Ukraine,0,0
2021,Private u. öffentl. Kurheime,Ungarn,3,34
2021,Private u. öffentl. Kurheime,Vereinigte Arabische Emirate,0,0
2021,Private u. öffentl. Kurheime,Vereinigtes Königreich,2,20
2021,Private u. öffentl. Kurheime,Vorarlberg,106,1706
2021,Private u. öffentl. Kurheime,Wien,2085,30757
2021,Private u. öffentl. Kurheime,Zentral- und Südamerika,0,0
2021,Private u. öffentl. Kurheime,Zypern,0,0
2021,Private u. öffentl. Kurheime,ehem. Jugoslawien,0,0
2021,Private u. öffentl. Kurheime,Übriges Afrika,0,0
2021,Private u. öffentl. Kurheime,Übriges Asien,0,0
2021,Private u. öffentl. Kurheime,Übriges Ausland,1,21
2021,Private u. öffentl. Kurheime,übrige GUS,0,0
2021,Sonstige Unterkunft,Arabische Länder Asiens,20,65
2021,Sonstige Unterkunft,Australien,57,154
2021,Sonstige Unterkunft,Baden Württemberg,3820,15571
2021,Sonstige Unterkunft,Bayern,8159,31707
2021,Sonstige Unterkunft,Belgien,745,2989
2021,Sonstige Unterkunft,Berlin,1327,6590
2021,Sonstige Unterkunft,Brasilien,14,35
2021,Sonstige Unterkunft,Bulgarien,97,3883
2021,Sonstige Unterkunft,Burgenland,1494,4889
2021,Sonstige Unterkunft,China,22,80
2021,Sonstige Unterkunft,Dänemark,583,2221
2021,Sonstige Unterkunft,Estland,31,35
2021,Sonstige Unterkunft,Finnland,89,221
2021,Sonstige Unterkunft,Frankreich,511,1558
2021,Sonstige Unterkunft,Griechenland,191,569
2021,Sonstige Unterkunft,Indien,32,69
2021,Sonstige Unterkunft,Irland  (Republik),36,195
2021,Sonstige Unterkunft,Island,1,1
2021,Sonstige Unterkunft,Israel,131,358
2021,Sonstige Unterkunft,Italien,3473,8549
2021,Sonstige Unterkunft,Japan,10,24
2021,Sonstige Unterkunft,Kanada,32,146
2021,Sonstige Unterkunft,Kroatien,923,5358
2021,Sonstige Unterkunft,Kärnten,6538,32841
2021,Sonstige Unterkunft,Lettland,113,135
2021,Sonstige Unterkunft,Litauen,95,189
2021,Sonstige Unterkunft,Luxemburg,31,114
2021,Sonstige Unterkunft,Malta,14,28
2021,Sonstige Unterkunft,Mitteldeutschland,3658,15789
2021,Sonstige Unterkunft,Neuseeland,10,21
2021,Sonstige Unterkunft,Niederlande,3655,14090
2021,Sonstige Unterkunft,Niederösterreich,8804,36115
2021,Sonstige Unterkunft,Norddeutschland,2356,12671
2021,Sonstige Unterkunft,Nordrhein-Westfalen,4177,24295
2021,Sonstige Unterkunft,Norwegen,62,115
2021,Sonstige Unterkunft,Oberösterreich,6752,25861
2021,Sonstige Unterkunft,Ostdeutschland,3887,18802
2021,Sonstige Unterkunft,Polen,2001,12166
2021,Sonstige Unterkunft,Portugal,20,61
2021,Sonstige Unterkunft,Rumänien,410,2042
2021,Sonstige Unterkunft,Russland,48,88
2021,Sonstige Unterkunft,Salzburg,3224,10858
2021,Sonstige Unterkunft,Saudi-Arabien,21,41
2021,Sonstige Unterkunft,Schweden,217,585
2021,Sonstige Unterkunft,Schweiz und Liechtenstein,956,3739
2021,Sonstige Unterkunft,Slowakei,839,6050
2021,Sonstige Unterkunft,Slowenien,1133,3784
2021,Sonstige Unterkunft,Spanien,164,730
2021,Sonstige Unterkunft,Steiermark,8432,29161
2021,Sonstige Unterkunft,Südafrika,7,250
2021,Sonstige Unterkunft,Südkorea,8,40
2021,Sonstige Unterkunft,Südostasien,33,92
2021,Sonstige Unterkunft,Taiwan,1,1
2021,Sonstige Unterkunft,Tirol,2878,11225
2021,Sonstige Unterkunft,Tschechische Republik,2694,9178
2021,Sonstige Unterkunft,Türkei,34,159
2021,Sonstige Unterkunft,USA,179,708
2021,Sonstige Unterkunft,Ukraine,277,734
2021,Sonstige Unterkunft,Ungarn,2520,17816
2021,Sonstige Unterkunft,Vereinigte Arabische Emirate,11,24
2021,Sonstige Unterkunft,Vereinigtes Königreich,309,974
2021,Sonstige Unterkunft,Vorarlberg,1016,3089
2021,Sonstige Unterkunft,Wien,11579,51269
2021,Sonstige Unterkunft,Zentral- und Südamerika,26,65
2021,Sonstige Unterkunft,Zypern,7,33
2021,Sonstige Unterkunft,ehem. Jugoslawien,236,1944
2021,Sonstige Unterkunft,Übriges Afrika,17,95
2021,Sonstige Unterkunft,Übriges Asien,17,195
2021,Sonstige Unterkunft,Übriges Ausland,89,297
2021,Sonstige Unterkunft,übrige GUS,22,28
2021,Unterkunft auf Bauernhof,Arabische Länder Asiens,11,51
2021,Unterkunft auf Bauernhof,Australien,13,73
2021,Unterkunft auf Bauernhof,Baden Württemberg,2704,18702
2021,Unterkunft auf Bauernhof,Bayern,6479,39250
2021,Unterkunft auf Bauernhof,Belgien,505,3594
2021,Unterkunft auf Bauernhof,Berlin,1135,9766
2021,Unterkunft auf Bauernhof,Brasilien,5,20
2021,Unterkunft auf Bauernhof,Bulgarien,20,93
2021,Unterkunft auf Bauernhof,Burgenland,668,3072
2021,Unterkunft auf Bauernhof,China,9,15
2021,Unterkunft auf Bauernhof,Dänemark,55,250
2021,Unterkunft auf Bauernhof,Estland,7,11
2021,Unterkunft auf Bauernhof,Finnland,21,73
2021,Unterkunft auf Bauernhof,Frankreich,155,632
2021,Unterkunft auf Bauernhof,Griechenland,2,6
2021,Unterkunft auf Bauernhof,Indien,0,0
2021,Unterkunft auf Bauernhof,Irland  (Republik),1,7
2021,Unterkunft auf Bauernhof,Island,5,90
2021,Unterkunft auf Bauernhof,Israel,119,628
2021,Unterkunft auf Bauernhof,Italien,1374,5823
2021,Unterkunft auf Bauernhof,Japan,1,2
2021,Unterkunft auf Bauernhof,Kanada,21,123
2021,Unterkunft auf Bauernhof,Kroatien,408,1717
2021,Unterkunft auf Bauernhof,Kärnten,1607,6907
2021,Unterkunft auf Bauernhof,Lettland,27,118
2021,Unterkunft auf Bauernhof,Litauen,56,262
2021,Unterkunft auf Bauernhof,Luxemburg,30,214
2021,Unterkunft auf Bauernhof,Malta,1,23
2021,Unterkunft auf Bauernhof,Mitteldeutschland,2279,18339
2021,Unterkunft auf Bauernhof,Neuseeland,6,83
2021,Unterkunft auf Bauernhof,Niederlande,2046,14997
2021,Unterkunft auf Bauernhof,Niederösterreich,3804,20855
2021,Unterkunft auf Bauernhof,Norddeutschland,2018,17831
2021,Unterkunft auf Bauernhof,Nordrhein-Westfalen,3729,35100
2021,Unterkunft auf Bauernhof,Norwegen,15,42
2021,Unterkunft auf Bauernhof,Oberösterreich,1975,9609
2021,Unterkunft auf Bauernhof,Ostdeutschland,3608,28355
2021,Unterkunft auf Bauernhof,Polen,1440,8338
2021,Unterkunft auf Bauernhof,Portugal,12,66
2021,Unterkunft auf Bauernhof,Rumänien,229,2206
2021,Unterkunft auf Bauernhof,Russland,28,101
2021,Unterkunft auf Bauernhof,Salzburg,581,2594
2021,Unterkunft auf Bauernhof,Saudi-Arabien,17,58
2021,Unterkunft auf Bauernhof,Schweden,57,287
2021,Unterkunft auf Bauernhof,Schweiz und Liechtenstein,310,1868
2021,Unterkunft auf Bauernhof,Slowakei,749,4793
2021,Unterkunft auf Bauernhof,Slowenien,570,2504
2021,Unterkunft auf Bauernhof,Spanien,38,251
2021,Unterkunft auf Bauernhof,Steiermark,2450,11592
2021,Unterkunft auf Bauernhof,Südafrika,4,16
2021,Unterkunft auf Bauernhof,Südkorea,2,4
2021,Unterkunft auf Bauernhof,Südostasien,18,27
2021,Unterkunft auf Bauernhof,Taiwan,2,10
2021,Unterkunft auf Bauernhof,Tirol,506,2159
2021,Unterkunft auf Bauernhof,Tschechische Republik,2236,10475
2021,Unterkunft auf Bauernhof,Türkei,1,2
2021,Unterkunft auf Bauernhof,USA,62,360
2021,Unterkunft auf Bauernhof,Ukraine,53,349
2021,Unterkunft auf Bauernhof,Ungarn,1522,8932
2021,Unterkunft auf Bauernhof,Vereinigte Arabische Emirate,20,217
2021,Unterkunft auf Bauernhof,Vereinigtes Königreich,131,685
2021,Unterkunft auf Bauernhof,Vorarlberg,182,1046
2021,Unterkunft auf Bauernhof,Wien,4086,23697
2021,Unterkunft auf Bauernhof,Zentral- und Südamerika,19,123
2021,Unterkunft auf Bauernhof,Zypern,0,0
2021,Unterkunft auf Bauernhof,ehem. Jugoslawien,130,1287
2021,Unterkunft auf Bauernhof,Übriges Afrika,14,60
2021,Unterkunft auf Bauernhof,Übriges Asien,15,32
2021,Unterkunft auf Bauernhof,Übriges Ausland,23,256
2021,Unterkunft auf Bauernhof,übrige GUS,24,92
